page,src,class,alt_state,alt_category,image_role,alt,enclosing_control_label,width,height,loading,fetchpriority,srcset,index_in_main
/,https://www.kinaiauto.com/assets/tiggo8-green.avif,,ok,,content,Chery Tiggo 8 Aurora Green — illusztráció,,1023,420,,,,0
/,https://www.kinaiauto.com/cat-icons/1varosikisauto.png,,empty,in-labelled-control,content,,Kisautó,,,,,,1
/,https://www.kinaiauto.com/cat-icons/2MiniSuv.png,,empty,in-labelled-control,content,,Mini SUV,,,,,,2
/,https://www.kinaiauto.com/cat-icons/3KompaktSUV.png,,empty,in-labelled-control,content,,Kompakt SUV,,,,,,3
/,https://www.kinaiauto.com/cat-icons/4KozepSuv.png,,empty,in-labelled-control,content,,Közép SUV,,,,,,4
/,https://www.kinaiauto.com/cat-icons/5NagySuv.png,,empty,in-labelled-control,content,,Nagy SUV,,,,,,5
/,https://www.kinaiauto.com/cat-icons/6Ferdehatu.png,,empty,in-labelled-control,content,,Ferdehátú,,,,,,6
/,https://www.kinaiauto.com/cat-icons/7Sedan.png,,empty,in-labelled-control,content,,Kombi,,,,,,7
/,https://www.kinaiauto.com/cat-icons/8Kombi.png,,empty,in-labelled-control,content,,Szedán,,,,,,8
/,https://www.kinaiauto.com/cat-icons/9Limuzin.png,,empty,in-labelled-control,content,,Limuzin,,,,,,9
/,https://www.kinaiauto.com/cat-icons/10Egyteru.png,,empty,in-labelled-control,content,,Egyterű,,,,,,10
/,https://www.kinaiauto.com/cat-icons/11Roadster.png,,empty,in-labelled-control,content,,Roadster,,,,,,11
/,https://www.kinaiauto.com/cat-icons/12PickUp.png,,empty,in-labelled-control,content,,Pickup,,,,,,12
/,https://www.kinaiauto.com/cat-icons/1varosikisauto.png,cat-chip-icon,empty,decorative,content,,Kisautó,,,,,,13
/,https://www.kinaiauto.com/cat-icons/2MiniSuv.png,cat-chip-icon,empty,decorative,content,,Mini SUV,,,,,,14
/,https://www.kinaiauto.com/cat-icons/3KompaktSUV.png,cat-chip-icon,empty,decorative,content,,Kompakt SUV,,,,,,15
/,https://www.kinaiauto.com/cat-icons/4KozepSuv.png,cat-chip-icon,empty,decorative,content,,Közép SUV,,,,,,16
/,https://www.kinaiauto.com/cat-icons/5NagySuv.png,cat-chip-icon,empty,decorative,content,,Nagy SUV,,,,,,17
/,https://www.kinaiauto.com/cat-icons/6Ferdehatu.png,cat-chip-icon,empty,decorative,content,,Ferdehátú,,,,,,18
/,https://www.kinaiauto.com/cat-icons/7Sedan.png,cat-chip-icon,empty,decorative,content,,Kombi,,,,,,19
/,https://www.kinaiauto.com/cat-icons/8Kombi.png,cat-chip-icon,empty,decorative,content,,Szedán,,,,,,20
/,https://www.kinaiauto.com/cat-icons/9Limuzin.png,cat-chip-icon,empty,decorative,content,,Limuzin,,,,,,21
/,https://www.kinaiauto.com/cat-icons/10Egyteru.png,cat-chip-icon,empty,decorative,content,,Egyterű,,,,,,22
/,https://www.kinaiauto.com/cat-icons/11Roadster.png,cat-chip-icon,empty,decorative,content,,Roadster,,,,,,23
/,https://www.kinaiauto.com/cat-icons/12PickUp.png,cat-chip-icon,empty,decorative,content,,Pickup,,,,,,24
/,https://minio.kinaiauto.com/brand-logos/baic/primary-1778559758227.webp,brand-chip-logo,empty,in-labelled-control,logo,,BAIC,,,,,,25
/,https://minio.kinaiauto.com/brand-logos/byd/primary-1778557944140.svg,brand-chip-logo,empty,in-labelled-control,logo,,BYD,,,,,,26
/,https://minio.kinaiauto.com/brand-logos/chery/primary-1778558725869.png,brand-chip-logo,empty,in-labelled-control,logo,,Chery,,,,,,27
/,https://minio.kinaiauto.com/brand-logos/dongfeng/primary-1778559729586.png,brand-chip-logo,empty,in-labelled-control,logo,,Dongfeng,,,,,,28
/,https://minio.kinaiauto.com/brand-logos/firefly/primary-1778559676598.png,brand-chip-logo,empty,in-labelled-control,logo,,Firefly,,,,,,29
/,https://minio.kinaiauto.com/brand-logos/geely/primary-1778559713516.png,brand-chip-logo,empty,in-labelled-control,logo,,Geely,,,,,,30
/,https://minio.kinaiauto.com/brand-logos/jaecoo/primary-1778559595733.png,brand-chip-logo,empty,in-labelled-control,logo,,Jaecoo,,,,,,31
/,https://minio.kinaiauto.com/brand-logos/leapmotor/primary-1778559701255.png,brand-chip-logo,empty,in-labelled-control,logo,,Leapmotor,,,,,,32
/,https://minio.kinaiauto.com/brand-logos/maxus/primary-1778559794186.png,brand-chip-logo,empty,in-labelled-control,logo,,Maxus,,,,,,33
/,https://minio.kinaiauto.com/brand-logos/mg/primary-1778559621942.png,brand-chip-logo,empty,in-labelled-control,logo,,MG,,,,,,34
/,https://minio.kinaiauto.com/brand-logos/nio/primary-1778559635265.svg,brand-chip-logo,empty,in-labelled-control,logo,,NIO,,,,,,35
/,https://minio.kinaiauto.com/brand-logos/omoda/primary-1778559581219.png,brand-chip-logo,empty,in-labelled-control,logo,,Omoda,,,,,,36
/,https://minio.kinaiauto.com/brand-logos/voyah/primary-1778559743441.png,brand-chip-logo,empty,in-labelled-control,logo,,Voyah,,,,,,37
/,https://minio.kinaiauto.com/brand-logos/xpeng/primary-1778559688298.png,brand-chip-logo,empty,in-labelled-control,logo,,XPENG,,,,,,38
/,https://minio.kinaiauto.com/car-photos/dongfeng/dfmherobev/exterior-1778906067417.webp,,ok,,content,Dongfeng MHERO 917 BEV,,,,lazy,,,39
/,https://minio.kinaiauto.com/car-photos/omoda/omoda-7-shs/hero-1778749818300.jpg,,ok,,content,Omoda Omoda 7 SHS,,,,lazy,,,40
/,https://minio.kinaiauto.com/car-photos/leapmotor/lmb10phev/exterior-1779515797888.png,,ok,,content,Leapmotor B10 PHEV,,,,lazy,,,41
/,https://minio.kinaiauto.com/car-photos/mg/mg3ice/hero-1778752294210.webp,,ok,,content,MG MG3 ,,,,lazy,,,42
/,https://minio.kinaiauto.com/car-photos/mg/zs/hero-1778751980892.webp,,ok,,content,MG MG ZS,,,,lazy,,,43
/,https://minio.kinaiauto.com/car-photos/leapmotor/t03/hero-1778747314385.png,,ok,,content,Leapmotor T03,,,,lazy,,,44
/,https://minio.kinaiauto.com/car-photos/byd/dolphin-surf/hero-1778760800865.webp,,ok,,content,BYD Dolphin Surf,,,,lazy,,,45
/,https://minio.kinaiauto.com/car-photos/dongfeng/dfshine/exterior-1778901854075.webp,,ok,,content,Dongfeng Shine,,,,lazy,,,46
/,https://minio.kinaiauto.com/car-photos/mg/mg3-hybrid-plus/hero-1778752493763.jpg,,ok,,content,MG MG3 Hybrid+,,,,lazy,,,47
/,https://minio.kinaiauto.com/car-photos/dongfeng/shine-gs/hero-1778753439552.webp,,ok,,content,Dongfeng Shine GS,,,,lazy,,,48
/,https://minio.kinaiauto.com/car-photos/chery/tiggo-4/exterior-1778579251102.jpg,,ok,,content,Chery Tiggo 4,,,,lazy,,,49
/,https://minio.kinaiauto.com/car-photos/dongfeng/dfmage/exterior-1778902631789.webp,,ok,,content,Dongfeng MAGE,,,,lazy,,,50
/,https://minio.kinaiauto.com/car-photos/omoda/omoda-5/hero-1778749929827.jpg,,ok,,content,Omoda Omoda 5,,,,lazy,,,51
/,https://minio.kinaiauto.com/car-photos/byd/atto-2-dm-i/hero-1778761142169.webp,,ok,,content,BYD Atto 2 DM-i,,,,lazy,,,52
/,https://minio.kinaiauto.com/car-photos/mg/hs/hero-1778751286087.png,,ok,,content,MG MG HS,,,,lazy,,,53
/,https://minio.kinaiauto.com/car-photos/mg/mg-zs-hybrid-plus/hero-1778752042009.jpg,,ok,,content,MG MG ZS Hybrid+,,,,lazy,,,54
/,https://minio.kinaiauto.com/car-photos/jaecoo/jaecoo-5/hero-1778674332842.jpg,,ok,,content,Jaecoo Jaecoo 5,,,,lazy,,,55
/,https://minio.kinaiauto.com/car-photos/dongfeng/box-e1/hero-1778753030994.jpg,,ok,,content,Dongfeng Box ,,,,lazy,,,56
/,https://minio.kinaiauto.com/car-photos/mg/mg4-electric/exterior-1778751369206.jpg,,ok,,content,MG MG4 Electric,,,,lazy,,,57
/,https://minio.kinaiauto.com/car-photos/byd/atto-2/hero-1778760931618.jpg,,ok,,content,BYD Atto 2,,,,lazy,,,58
/,https://minio.kinaiauto.com/car-photos/jaecoo/jaecoo-7/hero-1778674101626.png,,ok,,content,Jaecoo Jaecoo 7,,,,lazy,,,59
/,https://minio.kinaiauto.com/car-photos/mg/mg-hs-hybrid-plus/hero-1778751458513.jpg,,ok,,content,MG MG HS Hybrid+,,,,lazy,,,60
/,https://minio.kinaiauto.com/car-photos/firefly/firefly/hero-1778663957253.webp,,ok,,content,Firefly Firefly,,,,lazy,,,61
/,https://minio.kinaiauto.com/car-photos/byd/atto-3/exterior-1778761729154.jpg,,ok,,content,BYD Atto 3,,,,lazy,,,62
/,https://minio.kinaiauto.com/car-photos/omoda/omoda-5-shs-h/hero-1778749384663.jpg,,ok,,content,Omoda Omoda 5 SHS-H,,,,lazy,,,63
/,https://minio.kinaiauto.com/car-photos/baic/x55/hero-1778672419220.jpg,,ok,,content,BAIC X55,,,,lazy,,,64
/,https://minio.kinaiauto.com/car-photos/dongfeng/df_df6/exterior-1778914619629.webp,,ok,,content,Dongfeng DF6,,,,lazy,,,65
/,https://minio.kinaiauto.com/car-photos/leapmotor/b10/hero-1778747659027.png,,ok,,content,Leapmotor B10,,,,lazy,,,66
/,https://minio.kinaiauto.com/car-photos/mg/mgs5-ev/hero-1778750454215.jpg,,ok,,content,MG MGS5 EV,,,,lazy,,,67
/,https://minio.kinaiauto.com/car-photos/dongfeng/dfutour/exterior-1778903159308.webp,,ok,,content,Dongfeng U Tour,,,,lazy,,,68
/,https://minio.kinaiauto.com/car-photos/byd/dolphin/hero-1778761407392.jpg,,ok,,content,BYD Dolphin,,,,lazy,,,69
/,https://minio.kinaiauto.com/car-photos/jaecoo/jaecoo-7-shs-p/exterior-1778674010270.png,,ok,,content,Jaecoo Jaecoo 7 SHS-P,,,,lazy,,,70
/,https://minio.kinaiauto.com/car-photos/omoda/omoda-e5/hero-1778749523872.jpg,,ok,,content,Omoda Omoda E5,,,,lazy,,,71
/,https://minio.kinaiauto.com/car-photos/geely/starray-em-i/hero-1778672165914.jpg,,ok,,content,Geely Starray EM-i,,,,lazy,,,72
/,https://minio.kinaiauto.com/car-photos/baic/baicx7/hero-1778770008228.jpg,,ok,,content,BAIC X7,,,,lazy,,,73
/,https://minio.kinaiauto.com/car-photos/byd/Sealion_5_DM-i/hero-1778760709829.webp,,ok,,content,BYD Sealion 5 DM-i,,,,lazy,,,74
/,https://minio.kinaiauto.com/car-photos/dongfeng/forthing-t5-evo/hero-1778753640495.jpg,,ok,,content,Dongfeng Forthing T5 EVO,,,,lazy,,,75
/,https://minio.kinaiauto.com/car-photos/chery/tiggo-7/exterior-1778673385236.webp,,ok,,content,Chery Tiggo 7,,,,lazy,,,76
/,https://minio.kinaiauto.com/car-photos/byd/seal-u-dm-i/hero-1778762075601.jpg,,ok,,content,BYD Seal U DM-i,,,,lazy,,,77
/,https://minio.kinaiauto.com/car-photos/chery/tiggo-8/hero-1778673288559.jpg,,ok,,content,Chery Tiggo 8,,,,lazy,,,78
/,https://minio.kinaiauto.com/car-photos/mg/mg-hs-phev/hero-1778751526729.jpg,,ok,,content,MG MG HS PHEV,,,,lazy,,,79
/,https://minio.kinaiauto.com/car-photos/dongfeng/dfs7/exterior-1778904211424.webp,,ok,,content,Dongfeng S7,,,,lazy,,,80
/,https://minio.kinaiauto.com/car-photos/byd/seal-6-dm-i/hero-1778762471236.webp,,ok,,content,BYD Seal 6 DM-i,,,,lazy,,,81
/,https://minio.kinaiauto.com/car-photos/byd/atto3evo/hero-1778768095241.webp,,ok,,content,BYD Atto 3 EVO,,,,lazy,,,82
/,https://minio.kinaiauto.com/car-photos/geely/e5/hero-1778670334544.jpg,,ok,,content,Geely E5,,,,lazy,,,83
/,https://minio.kinaiauto.com/car-photos/leapmotor/c10/hero-1778747736499.png,,ok,,content,Leapmotor C10,,,,lazy,,,84
/,https://minio.kinaiauto.com/car-photos/jaecoo/jaecoo-5-ev/hero-1778674573749.jpg,,ok,,content,Jaecoo Jaecoo 5 ev,,,,lazy,,,85
/,https://minio.kinaiauto.com/car-photos/leapmotor/c10-hibrid-ev/hero-1778747479257.png,,ok,,content,Leapmotor C10 Hibrid-EV,,,,lazy,,,86
/,https://minio.kinaiauto.com/car-photos/baic/bj30e/hero-1778770153379.jpg,,ok,,content,BAIC BJ30e,,,,lazy,,,87
/,https://minio.kinaiauto.com/car-photos/byd/seal-6-dm-i-touring/hero-1778762361947.webp,,ok,,content,BYD Seal 6 DM-i Touring,,,,lazy,,,88
/,https://minio.kinaiauto.com/car-photos/dongfeng/forthing-t5-evo-hev/hero-1778753813525.jpg,,ok,,content,Dongfeng Forthing T5 EVO HEV,,,,lazy,,,89
/,https://minio.kinaiauto.com/car-photos/byd/seal/hero-1778762595469.jpg,,ok,,content,BYD Seal,,,,lazy,,,90
/,https://minio.kinaiauto.com/car-photos/dongfeng/forthing-u-tour-hev/hero-1778753991828.jpg,,ok,,content,Dongfeng Forthing U-Tour HEV,,,,lazy,,,91
/,https://minio.kinaiauto.com/car-photos/byd/seal-u/hero-1778761549471.png,,ok,,content,BYD Seal U,,,,lazy,,,92
/,https://minio.kinaiauto.com/car-photos/xpeng/g6/hero-1778748656169.webp,,ok,,content,XPENG G6,,,,lazy,,,93
/,https://minio.kinaiauto.com/car-photos/xpeng/p7-plus/hero-1778748808178.webp,,ok,,content,XPENG P7+,,,,lazy,,,94
/,https://minio.kinaiauto.com/car-photos/byd/sealion-7/exterior-1778761892342.jpg,,ok,,content,BYD Sealion 7,,,,lazy,,,95
/,https://minio.kinaiauto.com/car-photos/dongfeng/dfutourv9phev/exterior-1778903555683.webp,,ok,,content,Dongfeng U Tour V9 PHEV,,,,lazy,,,96
/,https://minio.kinaiauto.com/car-photos/maxus/t60-max-pickup/exterior-1778674838374.jpg,,ok,,content,Maxus T60 MAX Pickup,,,,lazy,,,97
/,https://minio.kinaiauto.com/car-photos/chery/tiggo-9/hero-1778673464632.jpg,,ok,,content,Chery Tiggo 9,,,,lazy,,,98
/,https://minio.kinaiauto.com/car-photos/omoda/omoda-9-shs-p/hero-1778749724323.jpg,,ok,,content,Omoda Omoda 9 SHS-P,,,,lazy,,,99
/,https://minio.kinaiauto.com/car-photos/xpeng/g9/hero-1778748733825.webp,,ok,,content,XPENG G9,,,,lazy,,,100
/,https://minio.kinaiauto.com/car-photos/dongfeng/df_t5evo_ev/exterior-1778904930201.webp,,ok,,content,Dongfeng T5 EVO EV,,,,lazy,,,101
/,https://minio.kinaiauto.com/car-photos/voyah/courage-ev/hero-1778754958704.jpg,,ok,,content,Voyah Courage EV,,,,lazy,,,102
/,https://minio.kinaiauto.com/car-photos/nio/et5/hero-1778410749209.webp,,ok,,content,NIO ET5,,,,lazy,,,103
/,https://minio.kinaiauto.com/car-photos/nio/et5-touring/hero-1778675250250.webp,,ok,,content,NIO ET5 Touring,,,,lazy,,,104
/,https://minio.kinaiauto.com/car-photos/baic/baicbj60/hero-1778770212116.jpg,,ok,,content,BAIC BJ60,,,,lazy,,,105
/,https://minio.kinaiauto.com/car-photos/byd/tang/hero-1778760549275.jpg,,ok,,content,BYD Tang,,,,lazy,,,106
/,https://minio.kinaiauto.com/car-photos/voyah/voy_passion/exterior-1778905479406.webp,,ok,,content,Voyah Passion PHEV,,,,lazy,,,107
/,https://minio.kinaiauto.com/car-photos/voyah/free-rev-318/hero-1778754529969.webp,,ok,,content,Voyah Free REV 318,,,,lazy,,,108
/,https://minio.kinaiauto.com/car-photos/mg/mg-cyberster/hero-1778750129784.jpg,,ok,,content,MG MG Cyberster,,,,lazy,,,109
/,https://minio.kinaiauto.com/car-photos/nio/el6/hero-1778676636181.webp,,ok,,content,NIO EL6,,,,lazy,,,110
/,https://minio.kinaiauto.com/car-photos/xpeng/xpengg9/exterior-1779434734166.webp,,ok,,content,XPENG X9,,,,lazy,,,111
/,https://minio.kinaiauto.com/car-photos/voyah/voy_freebev/exterior-1778905784375.jpg,,ok,,content,Voyah FREE BEV,,,,lazy,,,112
/,https://minio.kinaiauto.com/car-photos/voyah/dream-phev/exterior-1778754280927.webp,,ok,,content,Voyah Dream PHEV,,,,lazy,,,113
/,https://minio.kinaiauto.com/car-photos/nio/EL_8/hero-1778676778562.webp,,ok,,content,NIO EL8,,,,lazy,,,114
/,https://minio.kinaiauto.com/car-photos/voyah/voy_dreambev/exterior-1779516444606.webp,,ok,,content,Voyah DREAM BEV,,,,lazy,,,115
/,https://minio.kinaiauto.com/car-photos/dongfeng/fr_mhero917rev/exterior-1779516977084.webp,,ok,,content,Dongfeng MHERO 917 REV,,,,lazy,,,116
/,https://minio.kinaiauto.com/car-photos/mg/mg3ice/hero-1778752294210.webp,,ok,,content,MG MG3 ,,,,,,,117
/,https://minio.kinaiauto.com/car-photos/mg/zs/hero-1778751980892.webp,,ok,,content,MG MG ZS,,,,,,,118
/,https://minio.kinaiauto.com/car-photos/leapmotor/t03/hero-1778747314385.png,,ok,,content,Leapmotor T03,,,,,,,119
/,https://minio.kinaiauto.com/car-photos/byd/dolphin-surf/hero-1778760800865.webp,,ok,,content,BYD Dolphin Surf,,,,,,,120
/,https://minio.kinaiauto.com/car-photos/dongfeng/dfshine/exterior-1778901854075.webp,,ok,,content,Dongfeng Shine,,,,,,,121
/,https://minio.kinaiauto.com/car-photos/mg/mg3-hybrid-plus/hero-1778752493763.jpg,,ok,,content,MG MG3 Hybrid+,,,,,,,122
/,https://minio.kinaiauto.com/car-photos/dongfeng/shine-gs/hero-1778753439552.webp,,ok,,content,Dongfeng Shine GS,,,,,,,123
/,https://minio.kinaiauto.com/car-photos/chery/tiggo-4/exterior-1778579251102.jpg,,ok,,content,Chery Tiggo 4,,,,,,,124
/,https://minio.kinaiauto.com/car-photos/dongfeng/dfmage/exterior-1778902631789.webp,,ok,,content,Dongfeng MAGE,,,,,,,125
/,https://minio.kinaiauto.com/car-photos/omoda/omoda-5/hero-1778749929827.jpg,,ok,,content,Omoda Omoda 5,,,,,,,126
/,https://minio.kinaiauto.com/car-photos/byd/atto-2-dm-i/hero-1778761142169.webp,,ok,,content,BYD Atto 2 DM-i,,,,,,,127
/,https://minio.kinaiauto.com/car-photos/mg/hs/hero-1778751286087.png,,ok,,content,MG MG HS,,,,,,,128
/,https://minio.kinaiauto.com/car-photos/mg/mg-zs-hybrid-plus/hero-1778752042009.jpg,,ok,,content,MG MG ZS Hybrid+,,,,,,,129
/,https://minio.kinaiauto.com/car-photos/jaecoo/jaecoo-5/hero-1778674332842.jpg,,ok,,content,Jaecoo Jaecoo 5,,,,,,,130
/,https://minio.kinaiauto.com/car-photos/dongfeng/box-e1/hero-1778753030994.jpg,,ok,,content,Dongfeng Box ,,,,,,,131
/,https://minio.kinaiauto.com/car-photos/mg/mg4-electric/exterior-1778751369206.jpg,,ok,,content,MG MG4 Electric,,,,,,,132
/,https://minio.kinaiauto.com/car-photos/byd/atto-2/hero-1778760931618.jpg,,ok,,content,BYD Atto 2,,,,,,,133
/,https://minio.kinaiauto.com/car-photos/jaecoo/jaecoo-7/hero-1778674101626.png,,ok,,content,Jaecoo Jaecoo 7,,,,,,,134
/,https://minio.kinaiauto.com/car-photos/mg/mg-hs-hybrid-plus/hero-1778751458513.jpg,,ok,,content,MG MG HS Hybrid+,,,,,,,135
/,https://minio.kinaiauto.com/car-photos/firefly/firefly/hero-1778663957253.webp,,ok,,content,Firefly Firefly,,,,,,,136
/,https://minio.kinaiauto.com/car-photos/byd/atto-3/exterior-1778761729154.jpg,,ok,,content,BYD Atto 3,,,,,,,137
/,https://minio.kinaiauto.com/car-photos/omoda/omoda-5-shs-h/hero-1778749384663.jpg,,ok,,content,Omoda Omoda 5 SHS-H,,,,,,,138
/,https://minio.kinaiauto.com/car-photos/baic/x55/hero-1778672419220.jpg,,ok,,content,BAIC X55,,,,,,,139
/,https://minio.kinaiauto.com/car-photos/dongfeng/df_df6/exterior-1778914619629.webp,,ok,,content,Dongfeng DF6,,,,,,,140
/,https://minio.kinaiauto.com/car-photos/leapmotor/b10/hero-1778747659027.png,,ok,,content,Leapmotor B10,,,,,,,141
/,https://minio.kinaiauto.com/car-photos/mg/mgs5-ev/hero-1778750454215.jpg,,ok,,content,MG MGS5 EV,,,,,,,142
/,https://minio.kinaiauto.com/car-photos/dongfeng/dfutour/exterior-1778903159308.webp,,ok,,content,Dongfeng U Tour,,,,,,,143
/,https://minio.kinaiauto.com/car-photos/byd/dolphin/hero-1778761407392.jpg,,ok,,content,BYD Dolphin,,,,,,,144
/,https://minio.kinaiauto.com/car-photos/jaecoo/jaecoo-7-shs-p/exterior-1778674010270.png,,ok,,content,Jaecoo Jaecoo 7 SHS-P,,,,,,,145
/,https://minio.kinaiauto.com/car-photos/omoda/omoda-e5/hero-1778749523872.jpg,,ok,,content,Omoda Omoda E5,,,,,,,146
/,https://minio.kinaiauto.com/car-photos/geely/starray-em-i/hero-1778672165914.jpg,,ok,,content,Geely Starray EM-i,,,,,,,147
/,https://minio.kinaiauto.com/car-photos/baic/baicx7/hero-1778770008228.jpg,,ok,,content,BAIC X7,,,,,,,148
/,https://minio.kinaiauto.com/car-photos/byd/Sealion_5_DM-i/hero-1778760709829.webp,,ok,,content,BYD Sealion 5 DM-i,,,,,,,149
/,https://minio.kinaiauto.com/car-photos/dongfeng/forthing-t5-evo/hero-1778753640495.jpg,,ok,,content,Dongfeng Forthing T5 EVO,,,,,,,150
/,https://minio.kinaiauto.com/car-photos/chery/tiggo-7/exterior-1778673385236.webp,,ok,,content,Chery Tiggo 7,,,,,,,151
/,https://minio.kinaiauto.com/car-photos/byd/seal-u-dm-i/hero-1778762075601.jpg,,ok,,content,BYD Seal U DM-i,,,,,,,152
/,https://minio.kinaiauto.com/car-photos/chery/tiggo-8/hero-1778673288559.jpg,,ok,,content,Chery Tiggo 8,,,,,,,153
/,https://minio.kinaiauto.com/car-photos/mg/mg-hs-phev/hero-1778751526729.jpg,,ok,,content,MG MG HS PHEV,,,,,,,154
/,https://minio.kinaiauto.com/car-photos/dongfeng/dfs7/exterior-1778904211424.webp,,ok,,content,Dongfeng S7,,,,,,,155
/,https://minio.kinaiauto.com/car-photos/byd/seal-6-dm-i/hero-1778762471236.webp,,ok,,content,BYD Seal 6 DM-i,,,,,,,156
/,https://minio.kinaiauto.com/car-photos/byd/atto3evo/hero-1778768095241.webp,,ok,,content,BYD Atto 3 EVO,,,,,,,157
/,https://minio.kinaiauto.com/car-photos/geely/e5/hero-1778670334544.jpg,,ok,,content,Geely E5,,,,,,,158
/,https://minio.kinaiauto.com/car-photos/leapmotor/c10/hero-1778747736499.png,,ok,,content,Leapmotor C10,,,,,,,159
/,https://minio.kinaiauto.com/car-photos/jaecoo/jaecoo-5-ev/hero-1778674573749.jpg,,ok,,content,Jaecoo Jaecoo 5 ev,,,,,,,160
/,https://minio.kinaiauto.com/car-photos/leapmotor/c10-hibrid-ev/hero-1778747479257.png,,ok,,content,Leapmotor C10 Hibrid-EV,,,,,,,161
/,https://minio.kinaiauto.com/car-photos/baic/bj30e/hero-1778770153379.jpg,,ok,,content,BAIC BJ30e,,,,,,,162
/,https://minio.kinaiauto.com/car-photos/byd/seal-6-dm-i-touring/hero-1778762361947.webp,,ok,,content,BYD Seal 6 DM-i Touring,,,,,,,163
/,https://minio.kinaiauto.com/car-photos/dongfeng/forthing-t5-evo-hev/hero-1778753813525.jpg,,ok,,content,Dongfeng Forthing T5 EVO HEV,,,,,,,164
/,https://minio.kinaiauto.com/car-photos/byd/seal/hero-1778762595469.jpg,,ok,,content,BYD Seal,,,,,,,165
/,https://minio.kinaiauto.com/car-photos/dongfeng/forthing-u-tour-hev/hero-1778753991828.jpg,,ok,,content,Dongfeng Forthing U-Tour HEV,,,,,,,166
/,https://minio.kinaiauto.com/car-photos/byd/seal-u/hero-1778761549471.png,,ok,,content,BYD Seal U,,,,,,,167
/,https://minio.kinaiauto.com/car-photos/xpeng/g6/hero-1778748656169.webp,,ok,,content,XPENG G6,,,,,,,168
/,https://minio.kinaiauto.com/car-photos/xpeng/p7-plus/hero-1778748808178.webp,,ok,,content,XPENG P7+,,,,,,,169
/,https://minio.kinaiauto.com/car-photos/byd/sealion-7/exterior-1778761892342.jpg,,ok,,content,BYD Sealion 7,,,,,,,170
/,https://minio.kinaiauto.com/car-photos/dongfeng/dfutourv9phev/exterior-1778903555683.webp,,ok,,content,Dongfeng U Tour V9 PHEV,,,,,,,171
/,https://minio.kinaiauto.com/car-photos/maxus/t60-max-pickup/exterior-1778674838374.jpg,,ok,,content,Maxus T60 MAX Pickup,,,,,,,172
/,https://minio.kinaiauto.com/car-photos/chery/tiggo-9/hero-1778673464632.jpg,,ok,,content,Chery Tiggo 9,,,,,,,173
/,https://minio.kinaiauto.com/car-photos/omoda/omoda-9-shs-p/hero-1778749724323.jpg,,ok,,content,Omoda Omoda 9 SHS-P,,,,,,,174
/,https://minio.kinaiauto.com/car-photos/xpeng/g9/hero-1778748733825.webp,,ok,,content,XPENG G9,,,,,,,175
/,https://minio.kinaiauto.com/car-photos/dongfeng/df_t5evo_ev/exterior-1778904930201.webp,,ok,,content,Dongfeng T5 EVO EV,,,,,,,176
/,https://minio.kinaiauto.com/car-photos/voyah/courage-ev/hero-1778754958704.jpg,,ok,,content,Voyah Courage EV,,,,,,,177
/,https://minio.kinaiauto.com/car-photos/nio/et5/hero-1778410749209.webp,,ok,,content,NIO ET5,,,,,,,178
/,https://minio.kinaiauto.com/car-photos/nio/et5-touring/hero-1778675250250.webp,,ok,,content,NIO ET5 Touring,,,,,,,179
/,https://minio.kinaiauto.com/car-photos/baic/baicbj60/hero-1778770212116.jpg,,ok,,content,BAIC BJ60,,,,,,,180
/,https://minio.kinaiauto.com/car-photos/byd/tang/hero-1778760549275.jpg,,ok,,content,BYD Tang,,,,,,,181
/,https://minio.kinaiauto.com/car-photos/voyah/voy_passion/exterior-1778905479406.webp,,ok,,content,Voyah Passion PHEV,,,,,,,182
/,https://minio.kinaiauto.com/car-photos/voyah/free-rev-318/hero-1778754529969.webp,,ok,,content,Voyah Free REV 318,,,,,,,183
/,https://minio.kinaiauto.com/car-photos/mg/mg-cyberster/hero-1778750129784.jpg,,ok,,content,MG MG Cyberster,,,,,,,184
/,https://minio.kinaiauto.com/car-photos/nio/el6/hero-1778676636181.webp,,ok,,content,NIO EL6,,,,,,,185
/,https://minio.kinaiauto.com/car-photos/xpeng/xpengg9/exterior-1779434734166.webp,,ok,,content,XPENG X9,,,,,,,186
/,https://minio.kinaiauto.com/car-photos/voyah/voy_freebev/exterior-1778905784375.jpg,,ok,,content,Voyah FREE BEV,,,,,,,187
/,https://minio.kinaiauto.com/car-photos/voyah/dream-phev/exterior-1778754280927.webp,,ok,,content,Voyah Dream PHEV,,,,,,,188
/,https://minio.kinaiauto.com/car-photos/nio/EL_8/hero-1778676778562.webp,,ok,,content,NIO EL8,,,,,,,189
/,https://minio.kinaiauto.com/car-photos/voyah/voy_dreambev/exterior-1779516444606.webp,,ok,,content,Voyah DREAM BEV,,,,,,,190
/,https://minio.kinaiauto.com/car-photos/dongfeng/fr_mhero917rev/exterior-1779516977084.webp,,ok,,content,Dongfeng MHERO 917 REV,,,,,,,191
/kinalat,https://www.kinaiauto.com/cat-icons/1varosikisauto.png,cat-chip-icon,empty,decorative,content,,Kisautó,,,,,,0
/kinalat,https://www.kinaiauto.com/cat-icons/2MiniSuv.png,cat-chip-icon,empty,decorative,content,,Mini SUV,,,,,,1
/kinalat,https://www.kinaiauto.com/cat-icons/3KompaktSUV.png,cat-chip-icon,empty,decorative,content,,Kompakt SUV,,,,,,2
/kinalat,https://www.kinaiauto.com/cat-icons/4KozepSuv.png,cat-chip-icon,empty,decorative,content,,Közép SUV,,,,,,3
/kinalat,https://www.kinaiauto.com/cat-icons/5NagySuv.png,cat-chip-icon,empty,decorative,content,,Nagy SUV,,,,,,4
/kinalat,https://www.kinaiauto.com/cat-icons/6Ferdehatu.png,cat-chip-icon,empty,decorative,content,,Ferdehátú,,,,,,5
/kinalat,https://www.kinaiauto.com/cat-icons/7Sedan.png,cat-chip-icon,empty,decorative,content,,Kombi,,,,,,6
/kinalat,https://www.kinaiauto.com/cat-icons/8Kombi.png,cat-chip-icon,empty,decorative,content,,Szedán,,,,,,7
/kinalat,https://www.kinaiauto.com/cat-icons/9Limuzin.png,cat-chip-icon,empty,decorative,content,,Limuzin,,,,,,8
/kinalat,https://www.kinaiauto.com/cat-icons/10Egyteru.png,cat-chip-icon,empty,decorative,content,,Egyterű,,,,,,9
/kinalat,https://www.kinaiauto.com/cat-icons/11Roadster.png,cat-chip-icon,empty,decorative,content,,Roadster,,,,,,10
/kinalat,https://www.kinaiauto.com/cat-icons/12PickUp.png,cat-chip-icon,empty,decorative,content,,Pickup,,,,,,11
/kinalat,https://minio.kinaiauto.com/car-photos/mg/mg3ice/hero-1778752294210.webp,,empty,decorative,content,,,,,lazy,,,12
/kinalat,https://minio.kinaiauto.com/car-photos/mg/zs/hero-1778751980892.webp,,empty,decorative,content,,,,,lazy,,,13
/kinalat,https://minio.kinaiauto.com/car-photos/leapmotor/t03/hero-1778747314385.png,,empty,decorative,content,,,,,lazy,,,14
/kinalat,https://minio.kinaiauto.com/car-photos/byd/dolphin-surf/hero-1778760800865.webp,,empty,decorative,content,,,,,lazy,,,15
/kinalat,https://minio.kinaiauto.com/car-photos/dongfeng/dfshine/exterior-1778901854075.webp,,empty,decorative,content,,,,,lazy,,,16
/kinalat,https://minio.kinaiauto.com/car-photos/mg/mg3-hybrid-plus/hero-1778752493763.jpg,,empty,decorative,content,,,,,lazy,,,17
/kinalat,https://minio.kinaiauto.com/car-photos/dongfeng/shine-gs/hero-1778753439552.webp,,empty,decorative,content,,,,,lazy,,,18
/kinalat,https://minio.kinaiauto.com/car-photos/chery/tiggo-4/exterior-1778579251102.jpg,,empty,decorative,content,,,,,lazy,,,19
/kinalat,https://minio.kinaiauto.com/car-photos/dongfeng/dfmage/exterior-1778902631789.webp,,empty,decorative,content,,,,,lazy,,,20
/kinalat,https://minio.kinaiauto.com/car-photos/omoda/omoda-5/hero-1778749929827.jpg,,empty,decorative,content,,,,,lazy,,,21
/kinalat,https://minio.kinaiauto.com/car-photos/byd/atto-2-dm-i/hero-1778761142169.webp,,empty,decorative,content,,,,,lazy,,,22
/kinalat,https://minio.kinaiauto.com/car-photos/mg/hs/hero-1778751286087.png,,empty,decorative,content,,,,,lazy,,,23
/kinalat,https://minio.kinaiauto.com/car-photos/mg/mg-zs-hybrid-plus/hero-1778752042009.jpg,,empty,decorative,content,,,,,lazy,,,24
/kinalat,https://minio.kinaiauto.com/car-photos/jaecoo/jaecoo-5/hero-1778674332842.jpg,,empty,decorative,content,,,,,lazy,,,25
/kinalat,https://minio.kinaiauto.com/car-photos/dongfeng/box-e1/hero-1778753030994.jpg,,empty,decorative,content,,,,,lazy,,,26
/kinalat,https://minio.kinaiauto.com/car-photos/mg/mg4-electric/exterior-1778751369206.jpg,,empty,decorative,content,,,,,lazy,,,27
/kinalat,https://minio.kinaiauto.com/car-photos/byd/atto-2/hero-1778760931618.jpg,,empty,decorative,content,,,,,lazy,,,28
/kinalat,https://minio.kinaiauto.com/car-photos/jaecoo/jaecoo-7/hero-1778674101626.png,,empty,decorative,content,,,,,lazy,,,29
/kinalat,https://minio.kinaiauto.com/car-photos/mg/mg-hs-hybrid-plus/hero-1778751458513.jpg,,empty,decorative,content,,,,,lazy,,,30
/kinalat,https://minio.kinaiauto.com/car-photos/firefly/firefly/hero-1778663957253.webp,,empty,decorative,content,,,,,lazy,,,31
/kinalat,https://minio.kinaiauto.com/car-photos/byd/atto-3/exterior-1778761729154.jpg,,empty,decorative,content,,,,,lazy,,,32
/kinalat,https://minio.kinaiauto.com/car-photos/omoda/omoda-5-shs-h/hero-1778749384663.jpg,,empty,decorative,content,,,,,lazy,,,33
/kinalat,https://minio.kinaiauto.com/car-photos/baic/x55/hero-1778672419220.jpg,,empty,decorative,content,,,,,lazy,,,34
/kinalat,https://minio.kinaiauto.com/car-photos/dongfeng/df_df6/exterior-1778914619629.webp,,empty,decorative,content,,,,,lazy,,,35
/kinalat,https://minio.kinaiauto.com/car-photos/leapmotor/b10/hero-1778747659027.png,,empty,decorative,content,,,,,lazy,,,36
/kinalat,https://minio.kinaiauto.com/car-photos/mg/mgs5-ev/hero-1778750454215.jpg,,empty,decorative,content,,,,,lazy,,,37
/kinalat,https://minio.kinaiauto.com/car-photos/dongfeng/dfutour/exterior-1778903159308.webp,,empty,decorative,content,,,,,lazy,,,38
/kinalat,https://minio.kinaiauto.com/car-photos/byd/dolphin/hero-1778761407392.jpg,,empty,decorative,content,,,,,lazy,,,39
/kinalat,https://minio.kinaiauto.com/car-photos/jaecoo/jaecoo-7-shs-p/exterior-1778674010270.png,,empty,decorative,content,,,,,lazy,,,40
/kinalat,https://minio.kinaiauto.com/car-photos/omoda/omoda-e5/hero-1778749523872.jpg,,empty,decorative,content,,,,,lazy,,,41
/kinalat,https://minio.kinaiauto.com/car-photos/geely/starray-em-i/hero-1778672165914.jpg,,empty,decorative,content,,,,,lazy,,,42
/kinalat,https://minio.kinaiauto.com/car-photos/baic/baicx7/hero-1778770008228.jpg,,empty,decorative,content,,,,,lazy,,,43
/kinalat,https://minio.kinaiauto.com/car-photos/byd/Sealion_5_DM-i/hero-1778760709829.webp,,empty,decorative,content,,,,,lazy,,,44
/kinalat,https://minio.kinaiauto.com/car-photos/dongfeng/forthing-t5-evo/hero-1778753640495.jpg,,empty,decorative,content,,,,,lazy,,,45
/kinalat,https://minio.kinaiauto.com/car-photos/chery/tiggo-7/exterior-1778673385236.webp,,empty,decorative,content,,,,,lazy,,,46
/kinalat,https://minio.kinaiauto.com/car-photos/byd/seal-u-dm-i/hero-1778762075601.jpg,,empty,decorative,content,,,,,lazy,,,47
/kinalat,https://minio.kinaiauto.com/car-photos/chery/tiggo-8/hero-1778673288559.jpg,,empty,decorative,content,,,,,lazy,,,48
/kinalat,https://minio.kinaiauto.com/car-photos/mg/mg-hs-phev/hero-1778751526729.jpg,,empty,decorative,content,,,,,lazy,,,49
/kinalat,https://minio.kinaiauto.com/car-photos/dongfeng/dfs7/exterior-1778904211424.webp,,empty,decorative,content,,,,,lazy,,,50
/kinalat,https://minio.kinaiauto.com/car-photos/byd/seal-6-dm-i/hero-1778762471236.webp,,empty,decorative,content,,,,,lazy,,,51
/kinalat,https://minio.kinaiauto.com/car-photos/byd/atto3evo/hero-1778768095241.webp,,empty,decorative,content,,,,,lazy,,,52
/kinalat,https://minio.kinaiauto.com/car-photos/geely/e5/hero-1778670334544.jpg,,empty,decorative,content,,,,,lazy,,,53
/kinalat,https://minio.kinaiauto.com/car-photos/leapmotor/c10/hero-1778747736499.png,,empty,decorative,content,,,,,lazy,,,54
/kinalat,https://minio.kinaiauto.com/car-photos/jaecoo/jaecoo-5-ev/hero-1778674573749.jpg,,empty,decorative,content,,,,,lazy,,,55
/kinalat,https://minio.kinaiauto.com/car-photos/leapmotor/c10-hibrid-ev/hero-1778747479257.png,,empty,decorative,content,,,,,lazy,,,56
/kinalat,https://minio.kinaiauto.com/car-photos/baic/bj30e/hero-1778770153379.jpg,,empty,decorative,content,,,,,lazy,,,57
/kinalat,https://minio.kinaiauto.com/car-photos/byd/seal-6-dm-i-touring/hero-1778762361947.webp,,empty,decorative,content,,,,,lazy,,,58
/kinalat,https://minio.kinaiauto.com/car-photos/dongfeng/forthing-t5-evo-hev/hero-1778753813525.jpg,,empty,decorative,content,,,,,lazy,,,59
/kinalat,https://minio.kinaiauto.com/car-photos/byd/seal/hero-1778762595469.jpg,,empty,decorative,content,,,,,lazy,,,60
/kinalat,https://minio.kinaiauto.com/car-photos/dongfeng/forthing-u-tour-hev/hero-1778753991828.jpg,,empty,decorative,content,,,,,lazy,,,61
/kinalat,https://minio.kinaiauto.com/car-photos/byd/seal-u/hero-1778761549471.png,,empty,decorative,content,,,,,lazy,,,62
/kinalat,https://minio.kinaiauto.com/car-photos/xpeng/g6/hero-1778748656169.webp,,empty,decorative,content,,,,,lazy,,,63
/kinalat,https://minio.kinaiauto.com/car-photos/xpeng/p7-plus/hero-1778748808178.webp,,empty,decorative,content,,,,,lazy,,,64
/kinalat,https://minio.kinaiauto.com/car-photos/byd/sealion-7/exterior-1778761892342.jpg,,empty,decorative,content,,,,,lazy,,,65
/kinalat,https://minio.kinaiauto.com/car-photos/dongfeng/dfutourv9phev/exterior-1778903555683.webp,,empty,decorative,content,,,,,lazy,,,66
/kinalat,https://minio.kinaiauto.com/car-photos/maxus/t60-max-pickup/exterior-1778674838374.jpg,,empty,decorative,content,,,,,lazy,,,67
/kinalat,https://minio.kinaiauto.com/car-photos/chery/tiggo-9/hero-1778673464632.jpg,,empty,decorative,content,,,,,lazy,,,68
/kinalat,https://minio.kinaiauto.com/car-photos/omoda/omoda-9-shs-p/hero-1778749724323.jpg,,empty,decorative,content,,,,,lazy,,,69
/kinalat,https://minio.kinaiauto.com/car-photos/xpeng/g9/hero-1778748733825.webp,,empty,decorative,content,,,,,lazy,,,70
/kinalat,https://minio.kinaiauto.com/car-photos/dongfeng/df_t5evo_ev/exterior-1778904930201.webp,,empty,decorative,content,,,,,lazy,,,71
/kinalat,https://minio.kinaiauto.com/car-photos/voyah/courage-ev/hero-1778754958704.jpg,,empty,decorative,content,,,,,lazy,,,72
/kinalat,https://minio.kinaiauto.com/car-photos/nio/et5/hero-1778410749209.webp,,empty,decorative,content,,,,,lazy,,,73
/kinalat,https://minio.kinaiauto.com/car-photos/nio/et5-touring/hero-1778675250250.webp,,empty,decorative,content,,,,,lazy,,,74
/kinalat,https://minio.kinaiauto.com/car-photos/baic/baicbj60/hero-1778770212116.jpg,,empty,decorative,content,,,,,lazy,,,75
/kinalat,https://minio.kinaiauto.com/car-photos/byd/tang/hero-1778760549275.jpg,,empty,decorative,content,,,,,lazy,,,76
/kinalat,https://minio.kinaiauto.com/car-photos/voyah/voy_passion/exterior-1778905479406.webp,,empty,decorative,content,,,,,lazy,,,77
/kinalat,https://minio.kinaiauto.com/car-photos/voyah/free-rev-318/hero-1778754529969.webp,,empty,decorative,content,,,,,lazy,,,78
/kinalat,https://minio.kinaiauto.com/car-photos/mg/mg-cyberster/hero-1778750129784.jpg,,empty,decorative,content,,,,,lazy,,,79
/kinalat,https://minio.kinaiauto.com/car-photos/nio/el6/hero-1778676636181.webp,,empty,decorative,content,,,,,lazy,,,80
/kinalat,https://minio.kinaiauto.com/car-photos/xpeng/xpengg9/exterior-1779434734166.webp,,empty,decorative,content,,,,,lazy,,,81
/kinalat,https://minio.kinaiauto.com/car-photos/voyah/voy_freebev/exterior-1778905784375.jpg,,empty,decorative,content,,,,,lazy,,,82
/kinalat,https://minio.kinaiauto.com/car-photos/voyah/dream-phev/exterior-1778754280927.webp,,empty,decorative,content,,,,,lazy,,,83
/kinalat,https://minio.kinaiauto.com/car-photos/nio/EL_8/hero-1778676778562.webp,,empty,decorative,content,,,,,lazy,,,84
/kinalat,https://minio.kinaiauto.com/car-photos/voyah/voy_dreambev/exterior-1779516444606.webp,,empty,decorative,content,,,,,lazy,,,85
/kinalat,https://minio.kinaiauto.com/car-photos/dongfeng/fr_mhero917rev/exterior-1779516977084.webp,,empty,decorative,content,,,,,lazy,,,86
/kinalat,https://minio.kinaiauto.com/car-photos/mg/mg3ice/hero-1778752294210.webp,,empty,decorative,content,,"MG MG3 6,4 M Ft",,,eager,,,87
/kinalat,https://minio.kinaiauto.com/car-photos/mg/zs/hero-1778751980892.webp,,empty,decorative,content,,"MG MG ZS7,5 M Ft",,,eager,,,88
/kinalat,https://minio.kinaiauto.com/car-photos/leapmotor/t03/hero-1778747314385.png,,empty,decorative,content,,"Leapmotor T037,8 M Ft",,,eager,,,89
/kinalat,https://minio.kinaiauto.com/car-photos/byd/dolphin-surf/hero-1778760800865.webp,,empty,decorative,content,,"BYD Dolphin Surf8,0 M Ft",,,eager,,,90
/kinalat,https://minio.kinaiauto.com/car-photos/dongfeng/dfshine/exterior-1778901854075.webp,,empty,decorative,content,,"Dongfeng Shine8,3 M Ft",,,eager,,,91
/kinalat,https://minio.kinaiauto.com/car-photos/mg/mg3-hybrid-plus/hero-1778752493763.jpg,,empty,decorative,content,,"MG MG3 Hybrid+8,7 M Ft",,,eager,,,92
/kinalat,https://minio.kinaiauto.com/car-photos/dongfeng/shine-gs/hero-1778753439552.webp,,empty,decorative,content,,"Dongfeng Shine GS8,7 M Ft",,,eager,,,93
/kinalat,https://minio.kinaiauto.com/car-photos/chery/tiggo-4/exterior-1778579251102.jpg,,empty,decorative,content,,"Chery Tiggo 49,2 M Ft",,,eager,,,94
/kinalat,https://minio.kinaiauto.com/car-photos/dongfeng/dfmage/exterior-1778902631789.webp,,empty,decorative,content,,"Dongfeng MAGE9,4 M Ft",,,eager,,,95
/kinalat,https://minio.kinaiauto.com/car-photos/omoda/omoda-5/hero-1778749929827.jpg,,empty,decorative,content,,"Omoda Omoda 59,5 M Ft",,,eager,,,96
/kinalat,https://minio.kinaiauto.com/car-photos/byd/atto-2-dm-i/hero-1778761142169.webp,,empty,decorative,content,,"BYD Atto 2 DM-i10,0 M Ft",,,eager,,,97
/kinalat,https://minio.kinaiauto.com/car-photos/mg/hs/hero-1778751286087.png,,empty,decorative,content,,"MG MG HS10,0 M Ft",,,eager,,,98
/kinalat,https://minio.kinaiauto.com/car-photos/mg/mg-zs-hybrid-plus/hero-1778752042009.jpg,,empty,decorative,content,,"MG MG ZS Hybrid+10,4 M Ft",,,eager,,,99
/kinalat,https://minio.kinaiauto.com/car-photos/jaecoo/jaecoo-5/hero-1778674332842.jpg,,empty,decorative,content,,"Jaecoo Jaecoo 510,5 M Ft",,,eager,,,100
/kinalat,https://minio.kinaiauto.com/car-photos/dongfeng/box-e1/hero-1778753030994.jpg,,empty,decorative,content,,"Dongfeng Box 10,5 M Ft",,,eager,,,101
/kinalat,https://minio.kinaiauto.com/car-photos/mg/mg4-electric/exterior-1778751369206.jpg,,empty,decorative,content,,"MG MG4 Electric11,3 M Ft",,,eager,,,102
/kinalat,https://minio.kinaiauto.com/car-photos/byd/atto-2/hero-1778760931618.jpg,,empty,decorative,content,,"BYD Atto 211,5 M Ft",,,eager,,,103
/kinalat,https://minio.kinaiauto.com/car-photos/jaecoo/jaecoo-7/hero-1778674101626.png,,empty,decorative,content,,"Jaecoo Jaecoo 711,5 M Ft",,,eager,,,104
/kinalat,https://minio.kinaiauto.com/car-photos/mg/mg-hs-hybrid-plus/hero-1778751458513.jpg,,empty,decorative,content,,"MG MG HS Hybrid+11,9 M Ft",,,eager,,,105
/kinalat,https://minio.kinaiauto.com/car-photos/firefly/firefly/hero-1778663957253.webp,,empty,decorative,content,,"Firefly Firefly12,0 M Ft",,,eager,,,106
/kinalat,https://minio.kinaiauto.com/car-photos/byd/atto-3/exterior-1778761729154.jpg,,empty,decorative,content,,"BYD Atto 312,0 M Ft",,,eager,,,107
/kinalat,https://minio.kinaiauto.com/car-photos/omoda/omoda-5-shs-h/hero-1778749384663.jpg,,empty,decorative,content,,"Omoda Omoda 5 SHS-H12,0 M Ft",,,eager,,,108
/kinalat,https://minio.kinaiauto.com/car-photos/baic/x55/hero-1778672419220.jpg,,empty,decorative,content,,"BAIC X5512,0 M Ft",,,eager,,,109
/kinalat,https://minio.kinaiauto.com/car-photos/dongfeng/df_df6/exterior-1778914619629.webp,,empty,decorative,content,,"Dongfeng DF612,0 M Ft",,,eager,,,110
/kinalat,https://minio.kinaiauto.com/car-photos/leapmotor/b10/hero-1778747659027.png,,empty,decorative,content,,"Leapmotor B1012,2 M Ft",,,eager,,,111
/kinalat,https://minio.kinaiauto.com/car-photos/mg/mgs5-ev/hero-1778750454215.jpg,,empty,decorative,content,,"MG MGS5 EV12,2 M Ft",,,eager,,,112
/kinalat,https://minio.kinaiauto.com/car-photos/dongfeng/dfutour/exterior-1778903159308.webp,,empty,decorative,content,,"Dongfeng U Tour12,4 M Ft",,,eager,,,113
/kinalat,https://minio.kinaiauto.com/car-photos/byd/dolphin/hero-1778761407392.jpg,,empty,decorative,content,,"BYD Dolphin13,0 M Ft",,,eager,,,114
/kinalat,https://minio.kinaiauto.com/car-photos/jaecoo/jaecoo-7-shs-p/exterior-1778674010270.png,,empty,decorative,content,,"Jaecoo Jaecoo 7 SHS-P13,0 M Ft",,,eager,,,115
/kinalat,https://minio.kinaiauto.com/car-photos/omoda/omoda-e5/hero-1778749523872.jpg,,empty,decorative,content,,"Omoda Omoda E513,0 M Ft",,,eager,,,116
/kinalat,https://minio.kinaiauto.com/car-photos/geely/starray-em-i/hero-1778672165914.jpg,,empty,decorative,content,,"Geely Starray EM-i13,0 M Ft",,,eager,,,117
/kinalat,https://minio.kinaiauto.com/car-photos/baic/baicx7/hero-1778770008228.jpg,,empty,decorative,content,,"BAIC X713,0 M Ft",,,eager,,,118
/kinalat,https://minio.kinaiauto.com/car-photos/byd/Sealion_5_DM-i/hero-1778760709829.webp,,empty,decorative,content,,"BYD Sealion 5 DM-i13,2 M Ft",,,eager,,,119
/kinalat,https://minio.kinaiauto.com/car-photos/dongfeng/forthing-t5-evo/hero-1778753640495.jpg,,empty,decorative,content,,"Dongfeng Forthing T5 EVO13,5 M Ft",,,eager,,,120
/kinalat,https://minio.kinaiauto.com/car-photos/chery/tiggo-7/exterior-1778673385236.webp,,empty,decorative,content,,"Chery Tiggo 713,5 M Ft",,,eager,,,121
/kinalat,https://minio.kinaiauto.com/car-photos/byd/seal-u-dm-i/hero-1778762075601.jpg,,empty,decorative,content,,"BYD Seal U DM-i13,6 M Ft",,,eager,,,122
/kinalat,https://minio.kinaiauto.com/car-photos/chery/tiggo-8/hero-1778673288559.jpg,,empty,decorative,content,,"Chery Tiggo 813,9 M Ft",,,eager,,,123
/kinalat,https://minio.kinaiauto.com/car-photos/mg/mg-hs-phev/hero-1778751526729.jpg,,empty,decorative,content,,"MG MG HS PHEV14,3 M Ft",,,eager,,,124
/kinalat,https://minio.kinaiauto.com/car-photos/dongfeng/dfs7/exterior-1778904211424.webp,,empty,decorative,content,,"Dongfeng S714,3 M Ft",,,eager,,,125
/kinalat,https://minio.kinaiauto.com/car-photos/byd/seal-6-dm-i/hero-1778762471236.webp,,empty,decorative,content,,"BYD Seal 6 DM-i14,8 M Ft",,,eager,,,126
/kinalat,https://minio.kinaiauto.com/car-photos/byd/atto3evo/hero-1778768095241.webp,,empty,decorative,content,,"BYD Atto 3 EVO14,8 M Ft",,,eager,,,127
/kinalat,https://minio.kinaiauto.com/car-photos/geely/e5/hero-1778670334544.jpg,,empty,decorative,content,,"Geely E515,0 M Ft",,,eager,,,128
/kinalat,https://minio.kinaiauto.com/car-photos/leapmotor/c10/hero-1778747736499.png,,empty,decorative,content,,"Leapmotor C1015,0 M Ft",,,eager,,,129
/kinalat,https://minio.kinaiauto.com/car-photos/jaecoo/jaecoo-5-ev/hero-1778674573749.jpg,,empty,decorative,content,,"Jaecoo Jaecoo 5 ev15,0 M Ft",,,eager,,,130
/kinalat,https://minio.kinaiauto.com/car-photos/leapmotor/c10-hibrid-ev/hero-1778747479257.png,,empty,decorative,content,,"Leapmotor C10 Hibrid-EV15,0 M Ft",,,eager,,,131
/kinalat,https://minio.kinaiauto.com/car-photos/baic/bj30e/hero-1778770153379.jpg,,empty,decorative,content,,"BAIC BJ30e15,0 M Ft",,,eager,,,132
/kinalat,https://minio.kinaiauto.com/car-photos/byd/seal-6-dm-i-touring/hero-1778762361947.webp,,empty,decorative,content,,"BYD Seal 6 DM-i Touring15,2 M Ft",,,eager,,,133
/kinalat,https://minio.kinaiauto.com/car-photos/dongfeng/forthing-t5-evo-hev/hero-1778753813525.jpg,,empty,decorative,content,,"Dongfeng Forthing T5 EVO HEV15,8 M Ft",,,eager,,,134
/kinalat,https://minio.kinaiauto.com/car-photos/byd/seal/hero-1778762595469.jpg,,empty,decorative,content,,"BYD Seal16,0 M Ft",,,eager,,,135
/kinalat,https://minio.kinaiauto.com/car-photos/dongfeng/forthing-u-tour-hev/hero-1778753991828.jpg,,empty,decorative,content,,"Dongfeng Forthing U-Tour HEV16,9 M Ft",,,eager,,,136
/kinalat,https://minio.kinaiauto.com/car-photos/byd/seal-u/hero-1778761549471.png,,empty,decorative,content,,"BYD Seal U17,0 M Ft",,,eager,,,137
/kinalat,https://minio.kinaiauto.com/car-photos/xpeng/g6/hero-1778748656169.webp,,empty,decorative,content,,"XPENG G618,0 M Ft",,,eager,,,138
/kinalat,https://minio.kinaiauto.com/car-photos/xpeng/p7-plus/hero-1778748808178.webp,,empty,decorative,content,,"XPENG P7+18,4 M Ft",,,eager,,,139
/kinalat,https://minio.kinaiauto.com/car-photos/byd/sealion-7/exterior-1778761892342.jpg,,empty,decorative,content,,"BYD Sealion 719,0 M Ft",,,eager,,,140
/kinalat,https://minio.kinaiauto.com/car-photos/dongfeng/dfutourv9phev/exterior-1778903555683.webp,,empty,decorative,content,,"Dongfeng U Tour V9 PHEV19,0 M Ft",,,eager,,,141
/kinalat,https://minio.kinaiauto.com/car-photos/maxus/t60-max-pickup/exterior-1778674838374.jpg,,empty,decorative,content,,"Maxus T60 MAX Pickup19,0 M Ft",,,eager,,,142
/kinalat,https://minio.kinaiauto.com/car-photos/chery/tiggo-9/hero-1778673464632.jpg,,empty,decorative,content,,"Chery Tiggo 919,5 M Ft",,,eager,,,143
/kinalat,https://minio.kinaiauto.com/car-photos/omoda/omoda-9-shs-p/hero-1778749724323.jpg,,empty,decorative,content,,"Omoda Omoda 9 SHS-P22,0 M Ft",,,eager,,,144
/kinalat,https://minio.kinaiauto.com/car-photos/xpeng/g9/hero-1778748733825.webp,,empty,decorative,content,,"XPENG G922,0 M Ft",,,eager,,,145
/kinalat,https://minio.kinaiauto.com/car-photos/dongfeng/df_t5evo_ev/exterior-1778904930201.webp,,empty,decorative,content,,"Dongfeng T5 EVO EV22,8 M Ft",,,eager,,,146
/kinalat,https://minio.kinaiauto.com/car-photos/voyah/courage-ev/hero-1778754958704.jpg,,empty,decorative,content,,"Voyah Courage EV24,1 M Ft",,,eager,,,147
/kinalat,https://minio.kinaiauto.com/car-photos/nio/et5/hero-1778410749209.webp,,empty,decorative,content,,"NIO ET524,5 M Ft",,,eager,,,148
/kinalat,https://minio.kinaiauto.com/car-photos/nio/et5-touring/hero-1778675250250.webp,,empty,decorative,content,,"NIO ET5 Touring24,9 M Ft",,,eager,,,149
/kinalat,https://minio.kinaiauto.com/car-photos/baic/baicbj60/hero-1778770212116.jpg,,empty,decorative,content,,"BAIC BJ6025,0 M Ft",,,eager,,,150
/kinalat,https://minio.kinaiauto.com/car-photos/byd/tang/hero-1778760549275.jpg,,empty,decorative,content,,"BYD Tang25,0 M Ft",,,eager,,,151
/kinalat,https://minio.kinaiauto.com/car-photos/voyah/voy_passion/exterior-1778905479406.webp,,empty,decorative,content,,"Voyah Passion PHEV26,0 M Ft",,,eager,,,152
/kinalat,https://minio.kinaiauto.com/car-photos/voyah/free-rev-318/hero-1778754529969.webp,,empty,decorative,content,,"Voyah Free REV 31826,0 M Ft",,,eager,,,153
/kinalat,https://minio.kinaiauto.com/car-photos/mg/mg-cyberster/hero-1778750129784.jpg,,empty,decorative,content,,"MG MG Cyberster26,7 M Ft",,,eager,,,154
/kinalat,https://minio.kinaiauto.com/car-photos/nio/el6/hero-1778676636181.webp,,empty,decorative,content,,"NIO EL627,0 M Ft",,,eager,,,155
/kinalat,https://minio.kinaiauto.com/car-photos/xpeng/xpengg9/exterior-1779434734166.webp,,empty,decorative,content,,"XPENG X930,0 M Ft",,,eager,,,156
/kinalat,https://minio.kinaiauto.com/car-photos/voyah/voy_freebev/exterior-1778905784375.jpg,,empty,decorative,content,,"Voyah FREE BEV34,9 M Ft",,,eager,,,157
/kinalat,https://minio.kinaiauto.com/car-photos/voyah/dream-phev/exterior-1778754280927.webp,,empty,decorative,content,,"Voyah Dream PHEV41,0 M Ft",,,eager,,,158
/kinalat,https://minio.kinaiauto.com/car-photos/nio/EL_8/hero-1778676778562.webp,,empty,decorative,content,,"NIO EL843,5 M Ft",,,eager,,,159
/kinalat,https://minio.kinaiauto.com/car-photos/voyah/voy_dreambev/exterior-1779516444606.webp,,empty,decorative,content,,"Voyah DREAM BEV44,2 M Ft",,,eager,,,160
/kinalat,https://minio.kinaiauto.com/car-photos/dongfeng/fr_mhero917rev/exterior-1779516977084.webp,,empty,decorative,content,,"Dongfeng MHERO 917 REV71,2 M Ft",,,eager,,,161
/markak/byd,https://minio.kinaiauto.com/brand-logos/baic/primary-1778559758227.webp,brand-tab-logo,ok,,logo,BAIC,BAIC4,40,18,lazy,,,0
/markak/byd,https://minio.kinaiauto.com/brand-logos/byd/primary-1778557944140.svg,brand-tab-logo,ok,,logo,BYD,BYD14,40,18,lazy,,,1
/markak/byd,https://minio.kinaiauto.com/brand-logos/chery/primary-1778558725869.png,brand-tab-logo,ok,,logo,Chery,Chery4,40,18,lazy,,,2
/markak/byd,https://minio.kinaiauto.com/brand-logos/dongfeng/primary-1778559729586.png,brand-tab-logo,ok,,logo,Dongfeng,Dongfeng14,40,18,lazy,,,3
/markak/byd,https://minio.kinaiauto.com/brand-logos/firefly/primary-1778559676598.png,brand-tab-logo,ok,,logo,Firefly,Firefly1,40,18,lazy,,,4
/markak/byd,https://minio.kinaiauto.com/brand-logos/geely/primary-1778559713516.png,brand-tab-logo,ok,,logo,Geely,Geely2,40,18,lazy,,,5
/markak/byd,https://minio.kinaiauto.com/brand-logos/jaecoo/primary-1778559595733.png,brand-tab-logo,ok,,logo,Jaecoo,Jaecoo4,40,18,lazy,,,6
/markak/byd,https://minio.kinaiauto.com/brand-logos/leapmotor/primary-1778559701255.png,brand-tab-logo,ok,,logo,Leapmotor,Leapmotor5,40,18,lazy,,,7
/markak/byd,https://minio.kinaiauto.com/brand-logos/maxus/primary-1778559794186.png,brand-tab-logo,ok,,logo,Maxus,Maxus1,40,18,lazy,,,8
/markak/byd,https://minio.kinaiauto.com/brand-logos/mg/primary-1778559621942.png,brand-tab-logo,ok,,logo,MG,MG10,40,18,lazy,,,9
/markak/byd,https://minio.kinaiauto.com/brand-logos/nio/primary-1778559635265.svg,brand-tab-logo,ok,,logo,NIO,NIO4,40,18,lazy,,,10
/markak/byd,https://minio.kinaiauto.com/brand-logos/omoda/primary-1778559581219.png,brand-tab-logo,ok,,logo,Omoda,Omoda5,40,18,lazy,,,11
/markak/byd,https://minio.kinaiauto.com/brand-logos/voyah/primary-1778559743441.png,brand-tab-logo,ok,,logo,Voyah,Voyah6,40,18,lazy,,,12
/markak/byd,https://minio.kinaiauto.com/brand-logos/xpeng/primary-1778559688298.png,brand-tab-logo,ok,,logo,XPENG,XPENG4,40,18,lazy,,,13
/markak/byd,https://minio.kinaiauto.com/brand-logos/byd/primary-1778557944140.svg,brand-logo-hero,ok,,logo,BYD logó,,,,eager,high,,14
/markak/byd,https://minio.kinaiauto.com/car-photos/byd/sealion-7/exterior-1778761892342.jpg,,ok,,content,BYD Sealion 7,,,,lazy,,,15
/markak/byd,https://minio.kinaiauto.com/car-photos/byd/sealion-7/exterior-1778761893456.jpg,photo-secondary,empty,content,content,,,,,lazy,,,16
/markak/byd,https://minio.kinaiauto.com/car-photos/byd/seal-u-dm-i/hero-1778762075601.jpg,,ok,,content,BYD Seal U DM-i,,,,lazy,,,17
/markak/byd,https://minio.kinaiauto.com/car-photos/byd/seal-u-dm-i/exterior-1778762074107.jpg,photo-secondary,empty,content,content,,,,,lazy,,,18
/markak/byd,https://minio.kinaiauto.com/car-photos/byd/seal/hero-1778762595469.jpg,,ok,,content,BYD Seal,,,,lazy,,,19
/markak/byd,https://minio.kinaiauto.com/car-photos/byd/seal/gallery-1778762594098.jpg,photo-secondary,empty,content,content,,,,,lazy,,,20
/markak/byd,https://minio.kinaiauto.com/car-photos/byd/Sealion_5_DM-i/hero-1778760709829.webp,,ok,,content,BYD Sealion 5 DM-i,,,,lazy,,,21
/markak/byd,https://minio.kinaiauto.com/car-photos/byd/Sealion_5_DM-i/interior-1778760700932.webp,photo-secondary,empty,content,content,,,,,lazy,,,22
/markak/byd,https://minio.kinaiauto.com/car-photos/byd/atto-2-dm-i/hero-1778761142169.webp,,ok,,content,BYD Atto 2 DM-i,,,,lazy,,,23
/markak/byd,https://minio.kinaiauto.com/car-photos/byd/atto-2-dm-i/exterior-1778761144247.webp,photo-secondary,empty,content,content,,,,,lazy,,,24
/markak/byd,https://minio.kinaiauto.com/car-photos/byd/atto3evo/hero-1778768095241.webp,,ok,,content,BYD Atto 3 EVO,,,,lazy,,,25
/markak/byd,https://minio.kinaiauto.com/car-photos/byd/atto3evo/exterior-1778768083144.webp,photo-secondary,empty,content,content,,,,,lazy,,,26
/markak/byd,https://minio.kinaiauto.com/car-photos/byd/seal-u/hero-1778761549471.png,,ok,,content,BYD Seal U,,,,lazy,,,27
/markak/byd,https://minio.kinaiauto.com/car-photos/byd/seal-u/exterior-1778761550707.png,photo-secondary,empty,content,content,,,,,lazy,,,28
/markak/byd,https://minio.kinaiauto.com/car-photos/byd/atto-2/hero-1778760931618.jpg,,ok,,content,BYD Atto 2,,,,lazy,,,29
/markak/byd,https://minio.kinaiauto.com/car-photos/byd/atto-2/exterior-1778760927488.jpg,photo-secondary,empty,content,content,,,,,lazy,,,30
/markak/byd,https://minio.kinaiauto.com/car-photos/byd/tang/hero-1778760549275.jpg,,ok,,content,BYD Tang,,,,lazy,,,31
/markak/byd,https://minio.kinaiauto.com/car-photos/byd/tang/exterior-1778760546340.jpg,photo-secondary,empty,content,content,,,,,lazy,,,32
/markak/byd,https://minio.kinaiauto.com/car-photos/byd/atto-3/exterior-1778761729154.jpg,,ok,,content,BYD Atto 3,,,,lazy,,,33
/markak/byd,https://minio.kinaiauto.com/car-photos/byd/atto-3/exterior-1778761730563.jpg,photo-secondary,empty,content,content,,,,,lazy,,,34
/markak/byd,https://minio.kinaiauto.com/car-photos/byd/seal-6-dm-i/hero-1778762471236.webp,,ok,,content,BYD Seal 6 DM-i,,,,lazy,,,35
/markak/byd,https://minio.kinaiauto.com/car-photos/byd/seal-6-dm-i/exterior-1778762465947.webp,photo-secondary,empty,content,content,,,,,lazy,,,36
/markak/byd,https://minio.kinaiauto.com/car-photos/byd/dolphin/hero-1778761407392.jpg,,ok,,content,BYD Dolphin,,,,lazy,,,37
/markak/byd,https://minio.kinaiauto.com/car-photos/byd/dolphin/exterior-1778761405073.jpg,photo-secondary,empty,content,content,,,,,lazy,,,38
/markak/byd,https://minio.kinaiauto.com/car-photos/byd/seal-6-dm-i-touring/hero-1778762361947.webp,,ok,,content,BYD Seal 6 DM-i Touring,,,,lazy,,,39
/markak/byd,https://minio.kinaiauto.com/car-photos/byd/seal-6-dm-i-touring/exterior-1778762357904.webp,photo-secondary,empty,content,content,,,,,lazy,,,40
/markak/byd,https://minio.kinaiauto.com/car-photos/byd/dolphin-surf/hero-1778760800865.webp,,ok,,content,BYD Dolphin Surf,,,,lazy,,,41
/markak/byd,https://minio.kinaiauto.com/car-photos/byd/dolphin-surf/exterior-1778760797889.webp,photo-secondary,empty,content,content,,,,,lazy,,,42
/markak/chery,https://minio.kinaiauto.com/brand-logos/baic/primary-1778559758227.webp,brand-tab-logo,ok,,logo,BAIC,BAIC4,40,18,lazy,,,0
/markak/chery,https://minio.kinaiauto.com/brand-logos/byd/primary-1778557944140.svg,brand-tab-logo,ok,,logo,BYD,BYD14,40,18,lazy,,,1
/markak/chery,https://minio.kinaiauto.com/brand-logos/chery/primary-1778558725869.png,brand-tab-logo,ok,,logo,Chery,Chery4,40,18,lazy,,,2
/markak/chery,https://minio.kinaiauto.com/brand-logos/dongfeng/primary-1778559729586.png,brand-tab-logo,ok,,logo,Dongfeng,Dongfeng14,40,18,lazy,,,3
/markak/chery,https://minio.kinaiauto.com/brand-logos/firefly/primary-1778559676598.png,brand-tab-logo,ok,,logo,Firefly,Firefly1,40,18,lazy,,,4
/markak/chery,https://minio.kinaiauto.com/brand-logos/geely/primary-1778559713516.png,brand-tab-logo,ok,,logo,Geely,Geely2,40,18,lazy,,,5
/markak/chery,https://minio.kinaiauto.com/brand-logos/jaecoo/primary-1778559595733.png,brand-tab-logo,ok,,logo,Jaecoo,Jaecoo4,40,18,lazy,,,6
/markak/chery,https://minio.kinaiauto.com/brand-logos/leapmotor/primary-1778559701255.png,brand-tab-logo,ok,,logo,Leapmotor,Leapmotor5,40,18,lazy,,,7
/markak/chery,https://minio.kinaiauto.com/brand-logos/maxus/primary-1778559794186.png,brand-tab-logo,ok,,logo,Maxus,Maxus1,40,18,lazy,,,8
/markak/chery,https://minio.kinaiauto.com/brand-logos/mg/primary-1778559621942.png,brand-tab-logo,ok,,logo,MG,MG10,40,18,lazy,,,9
/markak/chery,https://minio.kinaiauto.com/brand-logos/nio/primary-1778559635265.svg,brand-tab-logo,ok,,logo,NIO,NIO4,40,18,lazy,,,10
/markak/chery,https://minio.kinaiauto.com/brand-logos/omoda/primary-1778559581219.png,brand-tab-logo,ok,,logo,Omoda,Omoda5,40,18,lazy,,,11
/markak/chery,https://minio.kinaiauto.com/brand-logos/voyah/primary-1778559743441.png,brand-tab-logo,ok,,logo,Voyah,Voyah6,40,18,lazy,,,12
/markak/chery,https://minio.kinaiauto.com/brand-logos/xpeng/primary-1778559688298.png,brand-tab-logo,ok,,logo,XPENG,XPENG4,40,18,lazy,,,13
/markak/chery,https://minio.kinaiauto.com/brand-logos/chery/primary-1778558725869.png,brand-logo-hero,ok,,logo,Chery logó,,,,eager,high,,14
/markak/chery,https://minio.kinaiauto.com/car-photos/chery/tiggo-9/hero-1778673464632.jpg,,ok,,content,Chery Tiggo 9,,,,lazy,,,15
/markak/chery,https://minio.kinaiauto.com/car-photos/chery/tiggo-9/exterior-1778673448227.jpg,photo-secondary,empty,content,content,,,,,lazy,,,16
/markak/chery,https://minio.kinaiauto.com/car-photos/chery/tiggo-8/hero-1778673288559.jpg,,ok,,content,Chery Tiggo 8,,,,lazy,,,17
/markak/chery,https://minio.kinaiauto.com/car-photos/chery/tiggo-8/gallery-1778673273935.jpg,photo-secondary,empty,content,content,,,,,lazy,,,18
/markak/chery,https://minio.kinaiauto.com/car-photos/chery/tiggo-4/exterior-1778579251102.jpg,,ok,,content,Chery Tiggo 4,,,,lazy,,,19
/markak/chery,https://minio.kinaiauto.com/car-photos/chery/tiggo-4/interior-1778579248502.jpg,photo-secondary,empty,content,content,,,,,lazy,,,20
/markak/chery,https://minio.kinaiauto.com/car-photos/chery/tiggo-7/exterior-1778673385236.webp,,ok,,content,Chery Tiggo 7,,,,lazy,,,21
/markak/chery,https://minio.kinaiauto.com/car-photos/chery/tiggo-7/interior-1778673372620.jpg,photo-secondary,empty,content,content,,,,,lazy,,,22
/markak/omoda,https://minio.kinaiauto.com/brand-logos/baic/primary-1778559758227.webp,brand-tab-logo,ok,,logo,BAIC,BAIC4,40,18,lazy,,,0
/markak/omoda,https://minio.kinaiauto.com/brand-logos/byd/primary-1778557944140.svg,brand-tab-logo,ok,,logo,BYD,BYD14,40,18,lazy,,,1
/markak/omoda,https://minio.kinaiauto.com/brand-logos/chery/primary-1778558725869.png,brand-tab-logo,ok,,logo,Chery,Chery4,40,18,lazy,,,2
/markak/omoda,https://minio.kinaiauto.com/brand-logos/dongfeng/primary-1778559729586.png,brand-tab-logo,ok,,logo,Dongfeng,Dongfeng14,40,18,lazy,,,3
/markak/omoda,https://minio.kinaiauto.com/brand-logos/firefly/primary-1778559676598.png,brand-tab-logo,ok,,logo,Firefly,Firefly1,40,18,lazy,,,4
/markak/omoda,https://minio.kinaiauto.com/brand-logos/geely/primary-1778559713516.png,brand-tab-logo,ok,,logo,Geely,Geely2,40,18,lazy,,,5
/markak/omoda,https://minio.kinaiauto.com/brand-logos/jaecoo/primary-1778559595733.png,brand-tab-logo,ok,,logo,Jaecoo,Jaecoo4,40,18,lazy,,,6
/markak/omoda,https://minio.kinaiauto.com/brand-logos/leapmotor/primary-1778559701255.png,brand-tab-logo,ok,,logo,Leapmotor,Leapmotor5,40,18,lazy,,,7
/markak/omoda,https://minio.kinaiauto.com/brand-logos/maxus/primary-1778559794186.png,brand-tab-logo,ok,,logo,Maxus,Maxus1,40,18,lazy,,,8
/markak/omoda,https://minio.kinaiauto.com/brand-logos/mg/primary-1778559621942.png,brand-tab-logo,ok,,logo,MG,MG10,40,18,lazy,,,9
/markak/omoda,https://minio.kinaiauto.com/brand-logos/nio/primary-1778559635265.svg,brand-tab-logo,ok,,logo,NIO,NIO4,40,18,lazy,,,10
/markak/omoda,https://minio.kinaiauto.com/brand-logos/omoda/primary-1778559581219.png,brand-tab-logo,ok,,logo,Omoda,Omoda5,40,18,lazy,,,11
/markak/omoda,https://minio.kinaiauto.com/brand-logos/voyah/primary-1778559743441.png,brand-tab-logo,ok,,logo,Voyah,Voyah6,40,18,lazy,,,12
/markak/omoda,https://minio.kinaiauto.com/brand-logos/xpeng/primary-1778559688298.png,brand-tab-logo,ok,,logo,XPENG,XPENG4,40,18,lazy,,,13
/markak/omoda,https://minio.kinaiauto.com/brand-logos/omoda/primary-1778559581219.png,brand-logo-hero,ok,,logo,Omoda logó,,,,eager,high,,14
/markak/omoda,https://minio.kinaiauto.com/car-photos/omoda/omoda-9-shs-p/hero-1778749724323.jpg,,ok,,content,Omoda Omoda 9 SHS-P,,,,lazy,,,15
/markak/omoda,https://minio.kinaiauto.com/car-photos/omoda/omoda-9-shs-p/exterior-1778749721624.png,photo-secondary,empty,content,content,,,,,lazy,,,16
/markak/omoda,https://minio.kinaiauto.com/car-photos/omoda/omoda-5/hero-1778749929827.jpg,,ok,,content,Omoda Omoda 5,,,,lazy,,,17
/markak/omoda,https://minio.kinaiauto.com/car-photos/omoda/omoda-5/exterior-1778749922140.png,photo-secondary,empty,content,content,,,,,lazy,,,18
/markak/omoda,https://minio.kinaiauto.com/car-photos/omoda/omoda-5-shs-h/hero-1778749384663.jpg,,ok,,content,Omoda Omoda 5 SHS-H,,,,lazy,,,19
/markak/omoda,https://minio.kinaiauto.com/car-photos/omoda/omoda-5-shs-h/exterior-1778749371544.png,photo-secondary,empty,content,content,,,,,lazy,,,20
/markak/omoda,https://minio.kinaiauto.com/car-photos/omoda/omoda-7-shs/hero-1778749818300.jpg,,ok,,content,Omoda Omoda 7 SHS,,,,lazy,,,21
/markak/omoda,https://minio.kinaiauto.com/car-photos/omoda/omoda-7-shs/exterior-1778749809800.png,photo-secondary,empty,content,content,,,,,lazy,,,22
/markak/omoda,https://minio.kinaiauto.com/car-photos/omoda/omoda-e5/hero-1778749523872.jpg,,ok,,content,Omoda Omoda E5,,,,lazy,,,23
/markak/omoda,https://minio.kinaiauto.com/car-photos/omoda/omoda-e5/exterior-1778749520629.png,photo-secondary,empty,content,content,,,,,lazy,,,24
/markak/jaecoo,https://minio.kinaiauto.com/brand-logos/baic/primary-1778559758227.webp,brand-tab-logo,ok,,logo,BAIC,BAIC4,40,18,lazy,,,0
/markak/jaecoo,https://minio.kinaiauto.com/brand-logos/byd/primary-1778557944140.svg,brand-tab-logo,ok,,logo,BYD,BYD14,40,18,lazy,,,1
/markak/jaecoo,https://minio.kinaiauto.com/brand-logos/chery/primary-1778558725869.png,brand-tab-logo,ok,,logo,Chery,Chery4,40,18,lazy,,,2
/markak/jaecoo,https://minio.kinaiauto.com/brand-logos/dongfeng/primary-1778559729586.png,brand-tab-logo,ok,,logo,Dongfeng,Dongfeng14,40,18,lazy,,,3
/markak/jaecoo,https://minio.kinaiauto.com/brand-logos/firefly/primary-1778559676598.png,brand-tab-logo,ok,,logo,Firefly,Firefly1,40,18,lazy,,,4
/markak/jaecoo,https://minio.kinaiauto.com/brand-logos/geely/primary-1778559713516.png,brand-tab-logo,ok,,logo,Geely,Geely2,40,18,lazy,,,5
/markak/jaecoo,https://minio.kinaiauto.com/brand-logos/jaecoo/primary-1778559595733.png,brand-tab-logo,ok,,logo,Jaecoo,Jaecoo4,40,18,lazy,,,6
/markak/jaecoo,https://minio.kinaiauto.com/brand-logos/leapmotor/primary-1778559701255.png,brand-tab-logo,ok,,logo,Leapmotor,Leapmotor5,40,18,lazy,,,7
/markak/jaecoo,https://minio.kinaiauto.com/brand-logos/maxus/primary-1778559794186.png,brand-tab-logo,ok,,logo,Maxus,Maxus1,40,18,lazy,,,8
/markak/jaecoo,https://minio.kinaiauto.com/brand-logos/mg/primary-1778559621942.png,brand-tab-logo,ok,,logo,MG,MG10,40,18,lazy,,,9
/markak/jaecoo,https://minio.kinaiauto.com/brand-logos/nio/primary-1778559635265.svg,brand-tab-logo,ok,,logo,NIO,NIO4,40,18,lazy,,,10
/markak/jaecoo,https://minio.kinaiauto.com/brand-logos/omoda/primary-1778559581219.png,brand-tab-logo,ok,,logo,Omoda,Omoda5,40,18,lazy,,,11
/markak/jaecoo,https://minio.kinaiauto.com/brand-logos/voyah/primary-1778559743441.png,brand-tab-logo,ok,,logo,Voyah,Voyah6,40,18,lazy,,,12
/markak/jaecoo,https://minio.kinaiauto.com/brand-logos/xpeng/primary-1778559688298.png,brand-tab-logo,ok,,logo,XPENG,XPENG4,40,18,lazy,,,13
/markak/jaecoo,https://minio.kinaiauto.com/brand-logos/jaecoo/primary-1778559595733.png,brand-logo-hero,ok,,logo,Jaecoo logó,,,,eager,high,,14
/markak/jaecoo,https://minio.kinaiauto.com/car-photos/jaecoo/jaecoo-5/hero-1778674332842.jpg,,ok,,content,Jaecoo Jaecoo 5,,,,lazy,,,15
/markak/jaecoo,https://minio.kinaiauto.com/car-photos/jaecoo/jaecoo-5/exterior-1778674329864.jpg,photo-secondary,empty,content,content,,,,,lazy,,,16
/markak/jaecoo,https://minio.kinaiauto.com/car-photos/jaecoo/jaecoo-7/hero-1778674101626.png,,ok,,content,Jaecoo Jaecoo 7,,,,lazy,,,17
/markak/jaecoo,https://minio.kinaiauto.com/car-photos/jaecoo/jaecoo-7/interior-1778674102620.jpg,photo-secondary,empty,content,content,,,,,lazy,,,18
/markak/jaecoo,https://minio.kinaiauto.com/car-photos/jaecoo/jaecoo-5-ev/hero-1778674573749.jpg,,ok,,content,Jaecoo Jaecoo 5 ev,,,,lazy,,,19
/markak/jaecoo,https://minio.kinaiauto.com/car-photos/jaecoo/jaecoo-5-ev/dashboard-1778674513024.jpg,photo-secondary,empty,content,content,,,,,lazy,,,20
/markak/jaecoo,https://minio.kinaiauto.com/car-photos/jaecoo/jaecoo-7-shs-p/exterior-1778674010270.png,,ok,,content,Jaecoo Jaecoo 7 SHS-P,,,,lazy,,,21
/markak/jaecoo,https://minio.kinaiauto.com/car-photos/jaecoo/jaecoo-7-shs-p/interior-1778674011341.jpg,photo-secondary,empty,content,content,,,,,lazy,,,22
/markak/mg,https://minio.kinaiauto.com/brand-logos/baic/primary-1778559758227.webp,brand-tab-logo,ok,,logo,BAIC,BAIC4,40,18,lazy,,,0
/markak/mg,https://minio.kinaiauto.com/brand-logos/byd/primary-1778557944140.svg,brand-tab-logo,ok,,logo,BYD,BYD14,40,18,lazy,,,1
/markak/mg,https://minio.kinaiauto.com/brand-logos/chery/primary-1778558725869.png,brand-tab-logo,ok,,logo,Chery,Chery4,40,18,lazy,,,2
/markak/mg,https://minio.kinaiauto.com/brand-logos/dongfeng/primary-1778559729586.png,brand-tab-logo,ok,,logo,Dongfeng,Dongfeng14,40,18,lazy,,,3
/markak/mg,https://minio.kinaiauto.com/brand-logos/firefly/primary-1778559676598.png,brand-tab-logo,ok,,logo,Firefly,Firefly1,40,18,lazy,,,4
/markak/mg,https://minio.kinaiauto.com/brand-logos/geely/primary-1778559713516.png,brand-tab-logo,ok,,logo,Geely,Geely2,40,18,lazy,,,5
/markak/mg,https://minio.kinaiauto.com/brand-logos/jaecoo/primary-1778559595733.png,brand-tab-logo,ok,,logo,Jaecoo,Jaecoo4,40,18,lazy,,,6
/markak/mg,https://minio.kinaiauto.com/brand-logos/leapmotor/primary-1778559701255.png,brand-tab-logo,ok,,logo,Leapmotor,Leapmotor5,40,18,lazy,,,7
/markak/mg,https://minio.kinaiauto.com/brand-logos/maxus/primary-1778559794186.png,brand-tab-logo,ok,,logo,Maxus,Maxus1,40,18,lazy,,,8
/markak/mg,https://minio.kinaiauto.com/brand-logos/mg/primary-1778559621942.png,brand-tab-logo,ok,,logo,MG,MG10,40,18,lazy,,,9
/markak/mg,https://minio.kinaiauto.com/brand-logos/nio/primary-1778559635265.svg,brand-tab-logo,ok,,logo,NIO,NIO4,40,18,lazy,,,10
/markak/mg,https://minio.kinaiauto.com/brand-logos/omoda/primary-1778559581219.png,brand-tab-logo,ok,,logo,Omoda,Omoda5,40,18,lazy,,,11
/markak/mg,https://minio.kinaiauto.com/brand-logos/voyah/primary-1778559743441.png,brand-tab-logo,ok,,logo,Voyah,Voyah6,40,18,lazy,,,12
/markak/mg,https://minio.kinaiauto.com/brand-logos/xpeng/primary-1778559688298.png,brand-tab-logo,ok,,logo,XPENG,XPENG4,40,18,lazy,,,13
/markak/mg,https://minio.kinaiauto.com/brand-logos/mg/primary-1778559621942.png,brand-logo-hero,ok,,logo,MG logó,,,,eager,high,,14
/markak/mg,https://minio.kinaiauto.com/car-photos/mg/mg3-hybrid-plus/hero-1778752493763.jpg,,ok,,content,MG MG3 Hybrid+,,,,lazy,,,15
/markak/mg,https://minio.kinaiauto.com/car-photos/mg/mg3-hybrid-plus/interior-1778752496520.jpg,photo-secondary,empty,content,content,,,,,lazy,,,16
/markak/mg,https://minio.kinaiauto.com/car-photos/mg/mg4-electric/exterior-1778751369206.jpg,,ok,,content,MG MG4 Electric,,,,lazy,,,17
/markak/mg,https://minio.kinaiauto.com/car-photos/mg/mg4-electric/dashboard-1778751370293.jpg,photo-secondary,empty,content,content,,,,,lazy,,,18
/markak/mg,https://minio.kinaiauto.com/car-photos/mg/mgs5-ev/hero-1778750454215.jpg,,ok,,content,MG MGS5 EV,,,,lazy,,,19
/markak/mg,https://minio.kinaiauto.com/car-photos/mg/mgs5-ev/exterior-1778750455455.webp,photo-secondary,empty,content,content,,,,,lazy,,,20
/markak/mg,https://minio.kinaiauto.com/car-photos/mg/mg-hs-hybrid-plus/hero-1778751458513.jpg,,ok,,content,MG MG HS Hybrid+,,,,lazy,,,21
/markak/mg,https://minio.kinaiauto.com/car-photos/mg/mg-hs-hybrid-plus/trunk-1778751446505.png,photo-secondary,empty,content,content,,,,,lazy,,,22
/markak/mg,https://minio.kinaiauto.com/car-photos/mg/mg-hs-phev/hero-1778751526729.jpg,,ok,,content,MG MG HS PHEV,,,,lazy,,,23
/markak/mg,https://minio.kinaiauto.com/car-photos/mg/mg-hs-phev/dashboard-1778751519417.jpg,photo-secondary,empty,content,content,,,,,lazy,,,24
/markak/mg,https://minio.kinaiauto.com/car-photos/mg/mg-zs-hybrid-plus/hero-1778752042009.jpg,,ok,,content,MG MG ZS Hybrid+,,,,lazy,,,25
/markak/mg,https://minio.kinaiauto.com/car-photos/mg/mg-zs-hybrid-plus/exterior-1778752035853.png,photo-secondary,empty,content,content,,,,,lazy,,,26
/markak/mg,https://minio.kinaiauto.com/car-photos/mg/zs/hero-1778751980892.webp,,ok,,content,MG MG ZS,,,,lazy,,,27
/markak/mg,https://minio.kinaiauto.com/car-photos/mg/zs/trunk-1778751965287.webp,photo-secondary,empty,content,content,,,,,lazy,,,28
/markak/mg,https://minio.kinaiauto.com/car-photos/mg/hs/hero-1778751286087.png,,ok,,content,MG MG HS,,,,lazy,,,29
/markak/mg,https://minio.kinaiauto.com/car-photos/mg/hs/interior-1778751279899.webp,photo-secondary,empty,content,content,,,,,lazy,,,30
/markak/mg,https://minio.kinaiauto.com/car-photos/mg/mg3ice/hero-1778752294210.webp,,ok,,content,MG MG3 ,,,,lazy,,,31
/markak/mg,https://minio.kinaiauto.com/car-photos/mg/mg3ice/exterior-1778752285013.jpg,photo-secondary,empty,content,content,,,,,lazy,,,32
/markak/mg,https://minio.kinaiauto.com/car-photos/mg/mg-cyberster/hero-1778750129784.jpg,,ok,,content,MG MG Cyberster,,,,lazy,,,33
/markak/mg,https://minio.kinaiauto.com/car-photos/mg/mg-cyberster/exterior-1778750125341.jpg,photo-secondary,empty,content,content,,,,,lazy,,,34
/markak/nio,https://minio.kinaiauto.com/brand-logos/baic/primary-1778559758227.webp,brand-tab-logo,ok,,logo,BAIC,BAIC4,40,18,lazy,,,0
/markak/nio,https://minio.kinaiauto.com/brand-logos/byd/primary-1778557944140.svg,brand-tab-logo,ok,,logo,BYD,BYD14,40,18,lazy,,,1
/markak/nio,https://minio.kinaiauto.com/brand-logos/chery/primary-1778558725869.png,brand-tab-logo,ok,,logo,Chery,Chery4,40,18,lazy,,,2
/markak/nio,https://minio.kinaiauto.com/brand-logos/dongfeng/primary-1778559729586.png,brand-tab-logo,ok,,logo,Dongfeng,Dongfeng14,40,18,lazy,,,3
/markak/nio,https://minio.kinaiauto.com/brand-logos/firefly/primary-1778559676598.png,brand-tab-logo,ok,,logo,Firefly,Firefly1,40,18,lazy,,,4
/markak/nio,https://minio.kinaiauto.com/brand-logos/geely/primary-1778559713516.png,brand-tab-logo,ok,,logo,Geely,Geely2,40,18,lazy,,,5
/markak/nio,https://minio.kinaiauto.com/brand-logos/jaecoo/primary-1778559595733.png,brand-tab-logo,ok,,logo,Jaecoo,Jaecoo4,40,18,lazy,,,6
/markak/nio,https://minio.kinaiauto.com/brand-logos/leapmotor/primary-1778559701255.png,brand-tab-logo,ok,,logo,Leapmotor,Leapmotor5,40,18,lazy,,,7
/markak/nio,https://minio.kinaiauto.com/brand-logos/maxus/primary-1778559794186.png,brand-tab-logo,ok,,logo,Maxus,Maxus1,40,18,lazy,,,8
/markak/nio,https://minio.kinaiauto.com/brand-logos/mg/primary-1778559621942.png,brand-tab-logo,ok,,logo,MG,MG10,40,18,lazy,,,9
/markak/nio,https://minio.kinaiauto.com/brand-logos/nio/primary-1778559635265.svg,brand-tab-logo,ok,,logo,NIO,NIO4,40,18,lazy,,,10
/markak/nio,https://minio.kinaiauto.com/brand-logos/omoda/primary-1778559581219.png,brand-tab-logo,ok,,logo,Omoda,Omoda5,40,18,lazy,,,11
/markak/nio,https://minio.kinaiauto.com/brand-logos/voyah/primary-1778559743441.png,brand-tab-logo,ok,,logo,Voyah,Voyah6,40,18,lazy,,,12
/markak/nio,https://minio.kinaiauto.com/brand-logos/xpeng/primary-1778559688298.png,brand-tab-logo,ok,,logo,XPENG,XPENG4,40,18,lazy,,,13
/markak/nio,https://minio.kinaiauto.com/brand-logos/nio/primary-1778559635265.svg,brand-logo-hero,ok,,logo,NIO logó,,,,eager,high,,14
/markak/nio,https://minio.kinaiauto.com/car-photos/nio/el6/hero-1778676636181.webp,,ok,,content,NIO EL6,,,,lazy,,,15
/markak/nio,https://minio.kinaiauto.com/car-photos/nio/el6/gallery-1778676626289.webp,photo-secondary,empty,content,content,,,,,lazy,,,16
/markak/nio,https://minio.kinaiauto.com/car-photos/nio/et5-touring/hero-1778675250250.webp,,ok,,content,NIO ET5 Touring,,,,lazy,,,17
/markak/nio,https://minio.kinaiauto.com/car-photos/nio/et5-touring/exterior-1778675235745.webp,photo-secondary,empty,content,content,,,,,lazy,,,18
/markak/nio,https://minio.kinaiauto.com/car-photos/nio/et5/hero-1778410749209.webp,,ok,,content,NIO ET5,,,,lazy,,,19
/markak/nio,https://minio.kinaiauto.com/car-photos/nio/et5/exterior-1778410746002.webp,photo-secondary,empty,content,content,,,,,lazy,,,20
/markak/nio,https://minio.kinaiauto.com/car-photos/nio/EL_8/hero-1778676778562.webp,,ok,,content,NIO EL8,,,,lazy,,,21
/markak/nio,https://minio.kinaiauto.com/car-photos/nio/EL_8/exterior-1778676764659.webp,photo-secondary,empty,content,content,,,,,lazy,,,22
/markak/firefly,https://minio.kinaiauto.com/brand-logos/baic/primary-1778559758227.webp,brand-tab-logo,ok,,logo,BAIC,BAIC4,40,18,lazy,,,0
/markak/firefly,https://minio.kinaiauto.com/brand-logos/byd/primary-1778557944140.svg,brand-tab-logo,ok,,logo,BYD,BYD14,40,18,lazy,,,1
/markak/firefly,https://minio.kinaiauto.com/brand-logos/chery/primary-1778558725869.png,brand-tab-logo,ok,,logo,Chery,Chery4,40,18,lazy,,,2
/markak/firefly,https://minio.kinaiauto.com/brand-logos/dongfeng/primary-1778559729586.png,brand-tab-logo,ok,,logo,Dongfeng,Dongfeng14,40,18,lazy,,,3
/markak/firefly,https://minio.kinaiauto.com/brand-logos/firefly/primary-1778559676598.png,brand-tab-logo,ok,,logo,Firefly,Firefly1,40,18,lazy,,,4
/markak/firefly,https://minio.kinaiauto.com/brand-logos/geely/primary-1778559713516.png,brand-tab-logo,ok,,logo,Geely,Geely2,40,18,lazy,,,5
/markak/firefly,https://minio.kinaiauto.com/brand-logos/jaecoo/primary-1778559595733.png,brand-tab-logo,ok,,logo,Jaecoo,Jaecoo4,40,18,lazy,,,6
/markak/firefly,https://minio.kinaiauto.com/brand-logos/leapmotor/primary-1778559701255.png,brand-tab-logo,ok,,logo,Leapmotor,Leapmotor5,40,18,lazy,,,7
/markak/firefly,https://minio.kinaiauto.com/brand-logos/maxus/primary-1778559794186.png,brand-tab-logo,ok,,logo,Maxus,Maxus1,40,18,lazy,,,8
/markak/firefly,https://minio.kinaiauto.com/brand-logos/mg/primary-1778559621942.png,brand-tab-logo,ok,,logo,MG,MG10,40,18,lazy,,,9
/markak/firefly,https://minio.kinaiauto.com/brand-logos/nio/primary-1778559635265.svg,brand-tab-logo,ok,,logo,NIO,NIO4,40,18,lazy,,,10
/markak/firefly,https://minio.kinaiauto.com/brand-logos/omoda/primary-1778559581219.png,brand-tab-logo,ok,,logo,Omoda,Omoda5,40,18,lazy,,,11
/markak/firefly,https://minio.kinaiauto.com/brand-logos/voyah/primary-1778559743441.png,brand-tab-logo,ok,,logo,Voyah,Voyah6,40,18,lazy,,,12
/markak/firefly,https://minio.kinaiauto.com/brand-logos/xpeng/primary-1778559688298.png,brand-tab-logo,ok,,logo,XPENG,XPENG4,40,18,lazy,,,13
/markak/firefly,https://minio.kinaiauto.com/brand-logos/firefly/primary-1778559676598.png,brand-logo-hero,ok,,logo,Firefly logó,,,,eager,high,,14
/markak/firefly,https://minio.kinaiauto.com/car-photos/firefly/firefly/hero-1778663957253.webp,,ok,,content,Firefly Firefly,,,,lazy,,,15
/markak/firefly,https://minio.kinaiauto.com/car-photos/firefly/firefly/exterior-1778663958874.webp,photo-secondary,empty,content,content,,,,,lazy,,,16
/markak/xpeng,https://minio.kinaiauto.com/brand-logos/baic/primary-1778559758227.webp,brand-tab-logo,ok,,logo,BAIC,BAIC4,40,18,lazy,,,0
/markak/xpeng,https://minio.kinaiauto.com/brand-logos/byd/primary-1778557944140.svg,brand-tab-logo,ok,,logo,BYD,BYD14,40,18,lazy,,,1
/markak/xpeng,https://minio.kinaiauto.com/brand-logos/chery/primary-1778558725869.png,brand-tab-logo,ok,,logo,Chery,Chery4,40,18,lazy,,,2
/markak/xpeng,https://minio.kinaiauto.com/brand-logos/dongfeng/primary-1778559729586.png,brand-tab-logo,ok,,logo,Dongfeng,Dongfeng14,40,18,lazy,,,3
/markak/xpeng,https://minio.kinaiauto.com/brand-logos/firefly/primary-1778559676598.png,brand-tab-logo,ok,,logo,Firefly,Firefly1,40,18,lazy,,,4
/markak/xpeng,https://minio.kinaiauto.com/brand-logos/geely/primary-1778559713516.png,brand-tab-logo,ok,,logo,Geely,Geely2,40,18,lazy,,,5
/markak/xpeng,https://minio.kinaiauto.com/brand-logos/jaecoo/primary-1778559595733.png,brand-tab-logo,ok,,logo,Jaecoo,Jaecoo4,40,18,lazy,,,6
/markak/xpeng,https://minio.kinaiauto.com/brand-logos/leapmotor/primary-1778559701255.png,brand-tab-logo,ok,,logo,Leapmotor,Leapmotor5,40,18,lazy,,,7
/markak/xpeng,https://minio.kinaiauto.com/brand-logos/maxus/primary-1778559794186.png,brand-tab-logo,ok,,logo,Maxus,Maxus1,40,18,lazy,,,8
/markak/xpeng,https://minio.kinaiauto.com/brand-logos/mg/primary-1778559621942.png,brand-tab-logo,ok,,logo,MG,MG10,40,18,lazy,,,9
/markak/xpeng,https://minio.kinaiauto.com/brand-logos/nio/primary-1778559635265.svg,brand-tab-logo,ok,,logo,NIO,NIO4,40,18,lazy,,,10
/markak/xpeng,https://minio.kinaiauto.com/brand-logos/omoda/primary-1778559581219.png,brand-tab-logo,ok,,logo,Omoda,Omoda5,40,18,lazy,,,11
/markak/xpeng,https://minio.kinaiauto.com/brand-logos/voyah/primary-1778559743441.png,brand-tab-logo,ok,,logo,Voyah,Voyah6,40,18,lazy,,,12
/markak/xpeng,https://minio.kinaiauto.com/brand-logos/xpeng/primary-1778559688298.png,brand-tab-logo,ok,,logo,XPENG,XPENG4,40,18,lazy,,,13
/markak/xpeng,https://minio.kinaiauto.com/brand-logos/xpeng/primary-1778559688298.png,brand-logo-hero,ok,,logo,XPENG logó,,,,eager,high,,14
/markak/xpeng,https://minio.kinaiauto.com/car-photos/xpeng/xpengg9/exterior-1779434734166.webp,,ok,,content,XPENG X9,,,,lazy,,,15
/markak/xpeng,https://minio.kinaiauto.com/car-photos/xpeng/xpengg9/exterior-1779434736314.webp,photo-secondary,empty,content,content,,,,,lazy,,,16
/markak/xpeng,https://minio.kinaiauto.com/car-photos/xpeng/g6/hero-1778748656169.webp,,ok,,content,XPENG G6,,,,lazy,,,17
/markak/xpeng,https://minio.kinaiauto.com/car-photos/xpeng/g6/exterior-1778748655150.webp,photo-secondary,empty,content,content,,,,,lazy,,,18
/markak/xpeng,https://minio.kinaiauto.com/car-photos/xpeng/g9/hero-1778748733825.webp,,ok,,content,XPENG G9,,,,lazy,,,19
/markak/xpeng,https://minio.kinaiauto.com/car-photos/xpeng/g9/interior-1778748720692.webp,photo-secondary,empty,content,content,,,,,lazy,,,20
/markak/xpeng,https://minio.kinaiauto.com/car-photos/xpeng/p7-plus/hero-1778748808178.webp,,ok,,content,XPENG P7+,,,,lazy,,,21
/markak/xpeng,https://minio.kinaiauto.com/car-photos/xpeng/p7-plus/exterior-1778748809648.webp,photo-secondary,empty,content,content,,,,,lazy,,,22
/markak/leapmotor,https://minio.kinaiauto.com/brand-logos/baic/primary-1778559758227.webp,brand-tab-logo,ok,,logo,BAIC,BAIC4,40,18,lazy,,,0
/markak/leapmotor,https://minio.kinaiauto.com/brand-logos/byd/primary-1778557944140.svg,brand-tab-logo,ok,,logo,BYD,BYD14,40,18,lazy,,,1
/markak/leapmotor,https://minio.kinaiauto.com/brand-logos/chery/primary-1778558725869.png,brand-tab-logo,ok,,logo,Chery,Chery4,40,18,lazy,,,2
/markak/leapmotor,https://minio.kinaiauto.com/brand-logos/dongfeng/primary-1778559729586.png,brand-tab-logo,ok,,logo,Dongfeng,Dongfeng14,40,18,lazy,,,3
/markak/leapmotor,https://minio.kinaiauto.com/brand-logos/firefly/primary-1778559676598.png,brand-tab-logo,ok,,logo,Firefly,Firefly1,40,18,lazy,,,4
/markak/leapmotor,https://minio.kinaiauto.com/brand-logos/geely/primary-1778559713516.png,brand-tab-logo,ok,,logo,Geely,Geely2,40,18,lazy,,,5
/markak/leapmotor,https://minio.kinaiauto.com/brand-logos/jaecoo/primary-1778559595733.png,brand-tab-logo,ok,,logo,Jaecoo,Jaecoo4,40,18,lazy,,,6
/markak/leapmotor,https://minio.kinaiauto.com/brand-logos/leapmotor/primary-1778559701255.png,brand-tab-logo,ok,,logo,Leapmotor,Leapmotor5,40,18,lazy,,,7
/markak/leapmotor,https://minio.kinaiauto.com/brand-logos/maxus/primary-1778559794186.png,brand-tab-logo,ok,,logo,Maxus,Maxus1,40,18,lazy,,,8
/markak/leapmotor,https://minio.kinaiauto.com/brand-logos/mg/primary-1778559621942.png,brand-tab-logo,ok,,logo,MG,MG10,40,18,lazy,,,9
/markak/leapmotor,https://minio.kinaiauto.com/brand-logos/nio/primary-1778559635265.svg,brand-tab-logo,ok,,logo,NIO,NIO4,40,18,lazy,,,10
/markak/leapmotor,https://minio.kinaiauto.com/brand-logos/omoda/primary-1778559581219.png,brand-tab-logo,ok,,logo,Omoda,Omoda5,40,18,lazy,,,11
/markak/leapmotor,https://minio.kinaiauto.com/brand-logos/voyah/primary-1778559743441.png,brand-tab-logo,ok,,logo,Voyah,Voyah6,40,18,lazy,,,12
/markak/leapmotor,https://minio.kinaiauto.com/brand-logos/xpeng/primary-1778559688298.png,brand-tab-logo,ok,,logo,XPENG,XPENG4,40,18,lazy,,,13
/markak/leapmotor,https://minio.kinaiauto.com/brand-logos/leapmotor/primary-1778559701255.png,brand-logo-hero,ok,,logo,Leapmotor logó,,,,eager,high,,14
/markak/leapmotor,https://minio.kinaiauto.com/car-photos/leapmotor/t03/hero-1778747314385.png,,ok,,content,Leapmotor T03,,,,lazy,,,15
/markak/leapmotor,https://minio.kinaiauto.com/car-photos/leapmotor/t03/interior-1778747316836.png,photo-secondary,empty,content,content,,,,,lazy,,,16
/markak/leapmotor,https://minio.kinaiauto.com/car-photos/leapmotor/b10/hero-1778747659027.png,,ok,,content,Leapmotor B10,,,,lazy,,,17
/markak/leapmotor,https://minio.kinaiauto.com/car-photos/leapmotor/b10/exterior-1778747649576.jpg,photo-secondary,empty,content,content,,,,,lazy,,,18
/markak/leapmotor,https://minio.kinaiauto.com/car-photos/leapmotor/c10/hero-1778747736499.png,,ok,,content,Leapmotor C10,,,,lazy,,,19
/markak/leapmotor,https://minio.kinaiauto.com/car-photos/leapmotor/c10/interior-1778747728577.png,photo-secondary,empty,content,content,,,,,lazy,,,20
/markak/leapmotor,https://minio.kinaiauto.com/car-photos/leapmotor/c10-hibrid-ev/hero-1778747479257.png,,ok,,content,Leapmotor C10 Hibrid-EV,,,,lazy,,,21
/markak/leapmotor,https://minio.kinaiauto.com/car-photos/leapmotor/c10-hibrid-ev/interior-1778747473984.png,photo-secondary,empty,content,content,,,,,lazy,,,22
/markak/leapmotor,https://minio.kinaiauto.com/car-photos/leapmotor/lmb10phev/exterior-1779515797888.png,,ok,,content,Leapmotor B10 PHEV,,,,lazy,,,23
/markak/leapmotor,https://minio.kinaiauto.com/car-photos/leapmotor/lmb10phev/exterior-1779515794660.png,photo-secondary,empty,content,content,,,,,lazy,,,24
/markak/geely,https://minio.kinaiauto.com/brand-logos/baic/primary-1778559758227.webp,brand-tab-logo,ok,,logo,BAIC,BAIC4,40,18,lazy,,,0
/markak/geely,https://minio.kinaiauto.com/brand-logos/byd/primary-1778557944140.svg,brand-tab-logo,ok,,logo,BYD,BYD14,40,18,lazy,,,1
/markak/geely,https://minio.kinaiauto.com/brand-logos/chery/primary-1778558725869.png,brand-tab-logo,ok,,logo,Chery,Chery4,40,18,lazy,,,2
/markak/geely,https://minio.kinaiauto.com/brand-logos/dongfeng/primary-1778559729586.png,brand-tab-logo,ok,,logo,Dongfeng,Dongfeng14,40,18,lazy,,,3
/markak/geely,https://minio.kinaiauto.com/brand-logos/firefly/primary-1778559676598.png,brand-tab-logo,ok,,logo,Firefly,Firefly1,40,18,lazy,,,4
/markak/geely,https://minio.kinaiauto.com/brand-logos/geely/primary-1778559713516.png,brand-tab-logo,ok,,logo,Geely,Geely2,40,18,lazy,,,5
/markak/geely,https://minio.kinaiauto.com/brand-logos/jaecoo/primary-1778559595733.png,brand-tab-logo,ok,,logo,Jaecoo,Jaecoo4,40,18,lazy,,,6
/markak/geely,https://minio.kinaiauto.com/brand-logos/leapmotor/primary-1778559701255.png,brand-tab-logo,ok,,logo,Leapmotor,Leapmotor5,40,18,lazy,,,7
/markak/geely,https://minio.kinaiauto.com/brand-logos/maxus/primary-1778559794186.png,brand-tab-logo,ok,,logo,Maxus,Maxus1,40,18,lazy,,,8
/markak/geely,https://minio.kinaiauto.com/brand-logos/mg/primary-1778559621942.png,brand-tab-logo,ok,,logo,MG,MG10,40,18,lazy,,,9
/markak/geely,https://minio.kinaiauto.com/brand-logos/nio/primary-1778559635265.svg,brand-tab-logo,ok,,logo,NIO,NIO4,40,18,lazy,,,10
/markak/geely,https://minio.kinaiauto.com/brand-logos/omoda/primary-1778559581219.png,brand-tab-logo,ok,,logo,Omoda,Omoda5,40,18,lazy,,,11
/markak/geely,https://minio.kinaiauto.com/brand-logos/voyah/primary-1778559743441.png,brand-tab-logo,ok,,logo,Voyah,Voyah6,40,18,lazy,,,12
/markak/geely,https://minio.kinaiauto.com/brand-logos/xpeng/primary-1778559688298.png,brand-tab-logo,ok,,logo,XPENG,XPENG4,40,18,lazy,,,13
/markak/geely,https://minio.kinaiauto.com/brand-logos/geely/primary-1778559713516.png,brand-logo-hero,ok,,logo,Geely logó,,,,eager,high,,14
/markak/geely,https://minio.kinaiauto.com/car-photos/geely/e5/hero-1778670334544.jpg,,ok,,content,Geely E5,,,,lazy,,,15
/markak/geely,https://minio.kinaiauto.com/car-photos/geely/e5/exterior-1778670329332.jpg,photo-secondary,empty,content,content,,,,,lazy,,,16
/markak/geely,https://minio.kinaiauto.com/car-photos/geely/starray-em-i/hero-1778672165914.jpg,,ok,,content,Geely Starray EM-i,,,,lazy,,,17
/markak/geely,https://minio.kinaiauto.com/car-photos/geely/starray-em-i/exterior-1778672158474.jpg,photo-secondary,empty,content,content,,,,,lazy,,,18
/markak/dongfeng,https://minio.kinaiauto.com/brand-logos/baic/primary-1778559758227.webp,brand-tab-logo,ok,,logo,BAIC,BAIC4,40,18,lazy,,,0
/markak/dongfeng,https://minio.kinaiauto.com/brand-logos/byd/primary-1778557944140.svg,brand-tab-logo,ok,,logo,BYD,BYD14,40,18,lazy,,,1
/markak/dongfeng,https://minio.kinaiauto.com/brand-logos/chery/primary-1778558725869.png,brand-tab-logo,ok,,logo,Chery,Chery4,40,18,lazy,,,2
/markak/dongfeng,https://minio.kinaiauto.com/brand-logos/dongfeng/primary-1778559729586.png,brand-tab-logo,ok,,logo,Dongfeng,Dongfeng14,40,18,lazy,,,3
/markak/dongfeng,https://minio.kinaiauto.com/brand-logos/firefly/primary-1778559676598.png,brand-tab-logo,ok,,logo,Firefly,Firefly1,40,18,lazy,,,4
/markak/dongfeng,https://minio.kinaiauto.com/brand-logos/geely/primary-1778559713516.png,brand-tab-logo,ok,,logo,Geely,Geely2,40,18,lazy,,,5
/markak/dongfeng,https://minio.kinaiauto.com/brand-logos/jaecoo/primary-1778559595733.png,brand-tab-logo,ok,,logo,Jaecoo,Jaecoo4,40,18,lazy,,,6
/markak/dongfeng,https://minio.kinaiauto.com/brand-logos/leapmotor/primary-1778559701255.png,brand-tab-logo,ok,,logo,Leapmotor,Leapmotor5,40,18,lazy,,,7
/markak/dongfeng,https://minio.kinaiauto.com/brand-logos/maxus/primary-1778559794186.png,brand-tab-logo,ok,,logo,Maxus,Maxus1,40,18,lazy,,,8
/markak/dongfeng,https://minio.kinaiauto.com/brand-logos/mg/primary-1778559621942.png,brand-tab-logo,ok,,logo,MG,MG10,40,18,lazy,,,9
/markak/dongfeng,https://minio.kinaiauto.com/brand-logos/nio/primary-1778559635265.svg,brand-tab-logo,ok,,logo,NIO,NIO4,40,18,lazy,,,10
/markak/dongfeng,https://minio.kinaiauto.com/brand-logos/omoda/primary-1778559581219.png,brand-tab-logo,ok,,logo,Omoda,Omoda5,40,18,lazy,,,11
/markak/dongfeng,https://minio.kinaiauto.com/brand-logos/voyah/primary-1778559743441.png,brand-tab-logo,ok,,logo,Voyah,Voyah6,40,18,lazy,,,12
/markak/dongfeng,https://minio.kinaiauto.com/brand-logos/xpeng/primary-1778559688298.png,brand-tab-logo,ok,,logo,XPENG,XPENG4,40,18,lazy,,,13
/markak/dongfeng,https://minio.kinaiauto.com/brand-logos/dongfeng/primary-1778559729586.png,brand-logo-hero,ok,,logo,Dongfeng logó,,,,eager,high,,14
/markak/dongfeng,https://minio.kinaiauto.com/car-photos/dongfeng/forthing-t5-evo-hev/hero-1778753813525.jpg,,ok,,content,Dongfeng Forthing T5 EVO HEV,,,,lazy,,,15
/markak/dongfeng,https://minio.kinaiauto.com/car-photos/dongfeng/forthing-t5-evo-hev/interior-1778753803399.jpg,photo-secondary,empty,content,content,,,,,lazy,,,16
/markak/dongfeng,https://minio.kinaiauto.com/car-photos/dongfeng/dfmage/exterior-1778902631789.webp,,ok,,content,Dongfeng MAGE,,,,lazy,,,17
/markak/dongfeng,https://minio.kinaiauto.com/car-photos/dongfeng/dfmage/exterior-1778902199393.webp,photo-secondary,empty,content,content,,,,,lazy,,,18
/markak/dongfeng,https://minio.kinaiauto.com/car-photos/dongfeng/dfs7/exterior-1778904211424.webp,,ok,,content,Dongfeng S7,,,,lazy,,,19
/markak/dongfeng,https://minio.kinaiauto.com/car-photos/dongfeng/dfs7/exterior-1778904208669.webp,photo-secondary,empty,content,content,,,,,lazy,,,20
/markak/dongfeng,https://minio.kinaiauto.com/car-photos/dongfeng/dfshine/exterior-1778901854075.webp,,ok,,content,Dongfeng Shine,,,,lazy,,,21
/markak/dongfeng,https://minio.kinaiauto.com/car-photos/dongfeng/dfshine/exterior-1778901832872.webp,photo-secondary,empty,content,content,,,,,lazy,,,22
/markak/dongfeng,https://minio.kinaiauto.com/car-photos/dongfeng/dfmherobev/exterior-1778906067417.webp,,ok,,content,Dongfeng MHERO 917 BEV,,,,lazy,,,23
/markak/dongfeng,https://minio.kinaiauto.com/car-photos/dongfeng/dfmherobev/exterior-1778906057358.webp,photo-secondary,empty,content,content,,,,,lazy,,,24
/markak/dongfeng,https://minio.kinaiauto.com/car-photos/dongfeng/box-e1/hero-1778753030994.jpg,,ok,,content,Dongfeng Box ,,,,lazy,,,25
/markak/dongfeng,https://minio.kinaiauto.com/car-photos/dongfeng/box-e1/exterior-1778753020691.png,photo-secondary,empty,content,content,,,,,lazy,,,26
/markak/dongfeng,https://minio.kinaiauto.com/car-photos/dongfeng/forthing-u-tour-hev/hero-1778753991828.jpg,,ok,,content,Dongfeng Forthing U-Tour HEV,,,,lazy,,,27
/markak/dongfeng,https://minio.kinaiauto.com/car-photos/dongfeng/forthing-u-tour-hev/exterior-1778753988370.jpg,photo-secondary,empty,content,content,,,,,lazy,,,28
/markak/dongfeng,https://minio.kinaiauto.com/car-photos/dongfeng/shine-gs/hero-1778753439552.webp,,ok,,content,Dongfeng Shine GS,,,,lazy,,,29
/markak/dongfeng,https://minio.kinaiauto.com/car-photos/dongfeng/shine-gs/interior-1778753438589.webp,photo-secondary,empty,content,content,,,,,lazy,,,30
/markak/dongfeng,https://minio.kinaiauto.com/car-photos/dongfeng/dfutourv9phev/exterior-1778903555683.webp,,ok,,content,Dongfeng U Tour V9 PHEV,,,,lazy,,,31
/markak/dongfeng,https://minio.kinaiauto.com/car-photos/dongfeng/dfutourv9phev/exterior-1778903542201.webp,photo-secondary,empty,content,content,,,,,lazy,,,32
/markak/dongfeng,https://minio.kinaiauto.com/car-photos/dongfeng/df_t5evo_ev/exterior-1778904930201.webp,,ok,,content,Dongfeng T5 EVO EV,,,,lazy,,,33
/markak/dongfeng,https://minio.kinaiauto.com/car-photos/dongfeng/df_t5evo_ev/exterior-1778904931572.webp,photo-secondary,empty,content,content,,,,,lazy,,,34
/markak/dongfeng,https://minio.kinaiauto.com/car-photos/dongfeng/forthing-t5-evo/hero-1778753640495.jpg,,ok,,content,Dongfeng Forthing T5 EVO,,,,lazy,,,35
/markak/dongfeng,https://minio.kinaiauto.com/car-photos/dongfeng/forthing-t5-evo/exterior-1778753638935.jpg,photo-secondary,empty,content,content,,,,,lazy,,,36
/markak/dongfeng,https://minio.kinaiauto.com/car-photos/dongfeng/df_df6/exterior-1778914619629.webp,,ok,,content,Dongfeng DF6,,,,lazy,,,37
/markak/dongfeng,https://minio.kinaiauto.com/car-photos/dongfeng/df_df6/exterior-1778914620710.webp,photo-secondary,empty,content,content,,,,,lazy,,,38
/markak/dongfeng,https://minio.kinaiauto.com/car-photos/dongfeng/fr_mhero917rev/exterior-1779516977084.webp,,ok,,content,Dongfeng MHERO 917 REV,,,,lazy,,,39
/markak/dongfeng,https://minio.kinaiauto.com/car-photos/dongfeng/fr_mhero917rev/exterior-1779516970039.webp,photo-secondary,empty,content,content,,,,,lazy,,,40
/markak/dongfeng,https://minio.kinaiauto.com/car-photos/dongfeng/dfutour/exterior-1778903159308.webp,,ok,,content,Dongfeng U Tour,,,,lazy,,,41
/markak/dongfeng,https://minio.kinaiauto.com/car-photos/dongfeng/dfutour/exterior-1778903138177.webp,photo-secondary,empty,content,content,,,,,lazy,,,42
/markak/voyah,https://minio.kinaiauto.com/brand-logos/baic/primary-1778559758227.webp,brand-tab-logo,ok,,logo,BAIC,BAIC4,40,18,lazy,,,0
/markak/voyah,https://minio.kinaiauto.com/brand-logos/byd/primary-1778557944140.svg,brand-tab-logo,ok,,logo,BYD,BYD14,40,18,lazy,,,1
/markak/voyah,https://minio.kinaiauto.com/brand-logos/chery/primary-1778558725869.png,brand-tab-logo,ok,,logo,Chery,Chery4,40,18,lazy,,,2
/markak/voyah,https://minio.kinaiauto.com/brand-logos/dongfeng/primary-1778559729586.png,brand-tab-logo,ok,,logo,Dongfeng,Dongfeng14,40,18,lazy,,,3
/markak/voyah,https://minio.kinaiauto.com/brand-logos/firefly/primary-1778559676598.png,brand-tab-logo,ok,,logo,Firefly,Firefly1,40,18,lazy,,,4
/markak/voyah,https://minio.kinaiauto.com/brand-logos/geely/primary-1778559713516.png,brand-tab-logo,ok,,logo,Geely,Geely2,40,18,lazy,,,5
/markak/voyah,https://minio.kinaiauto.com/brand-logos/jaecoo/primary-1778559595733.png,brand-tab-logo,ok,,logo,Jaecoo,Jaecoo4,40,18,lazy,,,6
/markak/voyah,https://minio.kinaiauto.com/brand-logos/leapmotor/primary-1778559701255.png,brand-tab-logo,ok,,logo,Leapmotor,Leapmotor5,40,18,lazy,,,7
/markak/voyah,https://minio.kinaiauto.com/brand-logos/maxus/primary-1778559794186.png,brand-tab-logo,ok,,logo,Maxus,Maxus1,40,18,lazy,,,8
/markak/voyah,https://minio.kinaiauto.com/brand-logos/mg/primary-1778559621942.png,brand-tab-logo,ok,,logo,MG,MG10,40,18,lazy,,,9
/markak/voyah,https://minio.kinaiauto.com/brand-logos/nio/primary-1778559635265.svg,brand-tab-logo,ok,,logo,NIO,NIO4,40,18,lazy,,,10
/markak/voyah,https://minio.kinaiauto.com/brand-logos/omoda/primary-1778559581219.png,brand-tab-logo,ok,,logo,Omoda,Omoda5,40,18,lazy,,,11
/markak/voyah,https://minio.kinaiauto.com/brand-logos/voyah/primary-1778559743441.png,brand-tab-logo,ok,,logo,Voyah,Voyah6,40,18,lazy,,,12
/markak/voyah,https://minio.kinaiauto.com/brand-logos/xpeng/primary-1778559688298.png,brand-tab-logo,ok,,logo,XPENG,XPENG4,40,18,lazy,,,13
/markak/voyah,https://minio.kinaiauto.com/brand-logos/voyah/primary-1778559743441.png,brand-logo-hero,ok,,logo,Voyah logó,,,,eager,high,,14
/markak/voyah,https://minio.kinaiauto.com/car-photos/voyah/voy_passion/exterior-1778905479406.webp,,ok,,content,Voyah Passion PHEV,,,,lazy,,,15
/markak/voyah,https://minio.kinaiauto.com/car-photos/voyah/voy_passion/exterior-1778905475651.webp,photo-secondary,empty,content,content,,,,,lazy,,,16
/markak/voyah,https://minio.kinaiauto.com/car-photos/voyah/voy_dreambev/exterior-1779516444606.webp,,ok,,content,Voyah DREAM BEV,,,,lazy,,,17
/markak/voyah,https://minio.kinaiauto.com/car-photos/voyah/voy_dreambev/interior-1779516431899.webp,photo-secondary,empty,content,content,,,,,lazy,,,18
/markak/voyah,https://minio.kinaiauto.com/car-photos/voyah/dream-phev/exterior-1778754280927.webp,,ok,,content,Voyah Dream PHEV,,,,lazy,,,19
/markak/voyah,https://minio.kinaiauto.com/car-photos/voyah/dream-phev/exterior-1778754282503.webp,photo-secondary,empty,content,content,,,,,lazy,,,20
/markak/voyah,https://minio.kinaiauto.com/car-photos/voyah/free-rev-318/hero-1778754529969.webp,,ok,,content,Voyah Free REV 318,,,,lazy,,,21
/markak/voyah,https://minio.kinaiauto.com/car-photos/voyah/free-rev-318/interior-1778754525752.webp,photo-secondary,empty,content,content,,,,,lazy,,,22
/markak/voyah,https://minio.kinaiauto.com/car-photos/voyah/courage-ev/hero-1778754958704.jpg,,ok,,content,Voyah Courage EV,,,,lazy,,,23
/markak/voyah,https://minio.kinaiauto.com/car-photos/voyah/courage-ev/interior-1778754952689.jpg,photo-secondary,empty,content,content,,,,,lazy,,,24
/markak/voyah,https://minio.kinaiauto.com/car-photos/voyah/voy_freebev/exterior-1778905784375.jpg,,ok,,content,Voyah FREE BEV,,,,lazy,,,25
/markak/voyah,https://minio.kinaiauto.com/car-photos/voyah/voy_freebev/exterior-1778905785995.jpg,photo-secondary,empty,content,content,,,,,lazy,,,26
/markak/baic,https://minio.kinaiauto.com/brand-logos/baic/primary-1778559758227.webp,brand-tab-logo,ok,,logo,BAIC,BAIC4,40,18,lazy,,,0
/markak/baic,https://minio.kinaiauto.com/brand-logos/byd/primary-1778557944140.svg,brand-tab-logo,ok,,logo,BYD,BYD14,40,18,lazy,,,1
/markak/baic,https://minio.kinaiauto.com/brand-logos/chery/primary-1778558725869.png,brand-tab-logo,ok,,logo,Chery,Chery4,40,18,lazy,,,2
/markak/baic,https://minio.kinaiauto.com/brand-logos/dongfeng/primary-1778559729586.png,brand-tab-logo,ok,,logo,Dongfeng,Dongfeng14,40,18,lazy,,,3
/markak/baic,https://minio.kinaiauto.com/brand-logos/firefly/primary-1778559676598.png,brand-tab-logo,ok,,logo,Firefly,Firefly1,40,18,lazy,,,4
/markak/baic,https://minio.kinaiauto.com/brand-logos/geely/primary-1778559713516.png,brand-tab-logo,ok,,logo,Geely,Geely2,40,18,lazy,,,5
/markak/baic,https://minio.kinaiauto.com/brand-logos/jaecoo/primary-1778559595733.png,brand-tab-logo,ok,,logo,Jaecoo,Jaecoo4,40,18,lazy,,,6
/markak/baic,https://minio.kinaiauto.com/brand-logos/leapmotor/primary-1778559701255.png,brand-tab-logo,ok,,logo,Leapmotor,Leapmotor5,40,18,lazy,,,7
/markak/baic,https://minio.kinaiauto.com/brand-logos/maxus/primary-1778559794186.png,brand-tab-logo,ok,,logo,Maxus,Maxus1,40,18,lazy,,,8
/markak/baic,https://minio.kinaiauto.com/brand-logos/mg/primary-1778559621942.png,brand-tab-logo,ok,,logo,MG,MG10,40,18,lazy,,,9
/markak/baic,https://minio.kinaiauto.com/brand-logos/nio/primary-1778559635265.svg,brand-tab-logo,ok,,logo,NIO,NIO4,40,18,lazy,,,10
/markak/baic,https://minio.kinaiauto.com/brand-logos/omoda/primary-1778559581219.png,brand-tab-logo,ok,,logo,Omoda,Omoda5,40,18,lazy,,,11
/markak/baic,https://minio.kinaiauto.com/brand-logos/voyah/primary-1778559743441.png,brand-tab-logo,ok,,logo,Voyah,Voyah6,40,18,lazy,,,12
/markak/baic,https://minio.kinaiauto.com/brand-logos/xpeng/primary-1778559688298.png,brand-tab-logo,ok,,logo,XPENG,XPENG4,40,18,lazy,,,13
/markak/baic,https://minio.kinaiauto.com/brand-logos/baic/primary-1778559758227.webp,brand-logo-hero,ok,,logo,BAIC logó,,,,eager,high,,14
/markak/baic,https://minio.kinaiauto.com/car-photos/baic/baicbj60/hero-1778770212116.jpg,,ok,,content,BAIC BJ60,,,,lazy,,,15
/markak/baic,https://minio.kinaiauto.com/car-photos/baic/baicbj60/exterior-1778770206935.jpg,photo-secondary,empty,content,content,,,,,lazy,,,16
/markak/baic,https://minio.kinaiauto.com/car-photos/baic/x55/hero-1778672419220.jpg,,ok,,content,BAIC X55,,,,lazy,,,17
/markak/baic,https://minio.kinaiauto.com/car-photos/baic/x55/exterior-1778672411180.jpg,photo-secondary,empty,content,content,,,,,lazy,,,18
/markak/baic,https://minio.kinaiauto.com/car-photos/baic/bj30e/hero-1778770153379.jpg,,ok,,content,BAIC BJ30e,,,,lazy,,,19
/markak/baic,https://minio.kinaiauto.com/car-photos/baic/bj30e/exterior-1778770131648.jpg,photo-secondary,empty,content,content,,,,,lazy,,,20
/markak/baic,https://minio.kinaiauto.com/car-photos/baic/baicx7/hero-1778770008228.jpg,,ok,,content,BAIC X7,,,,lazy,,,21
/markak/baic,https://minio.kinaiauto.com/car-photos/baic/baicx7/exterior-1778770004570.jpg,photo-secondary,empty,content,content,,,,,lazy,,,22
/markak/maxus,https://minio.kinaiauto.com/brand-logos/baic/primary-1778559758227.webp,brand-tab-logo,ok,,logo,BAIC,BAIC4,40,18,lazy,,,0
/markak/maxus,https://minio.kinaiauto.com/brand-logos/byd/primary-1778557944140.svg,brand-tab-logo,ok,,logo,BYD,BYD14,40,18,lazy,,,1
/markak/maxus,https://minio.kinaiauto.com/brand-logos/chery/primary-1778558725869.png,brand-tab-logo,ok,,logo,Chery,Chery4,40,18,lazy,,,2
/markak/maxus,https://minio.kinaiauto.com/brand-logos/dongfeng/primary-1778559729586.png,brand-tab-logo,ok,,logo,Dongfeng,Dongfeng14,40,18,lazy,,,3
/markak/maxus,https://minio.kinaiauto.com/brand-logos/firefly/primary-1778559676598.png,brand-tab-logo,ok,,logo,Firefly,Firefly1,40,18,lazy,,,4
/markak/maxus,https://minio.kinaiauto.com/brand-logos/geely/primary-1778559713516.png,brand-tab-logo,ok,,logo,Geely,Geely2,40,18,lazy,,,5
/markak/maxus,https://minio.kinaiauto.com/brand-logos/jaecoo/primary-1778559595733.png,brand-tab-logo,ok,,logo,Jaecoo,Jaecoo4,40,18,lazy,,,6
/markak/maxus,https://minio.kinaiauto.com/brand-logos/leapmotor/primary-1778559701255.png,brand-tab-logo,ok,,logo,Leapmotor,Leapmotor5,40,18,lazy,,,7
/markak/maxus,https://minio.kinaiauto.com/brand-logos/maxus/primary-1778559794186.png,brand-tab-logo,ok,,logo,Maxus,Maxus1,40,18,lazy,,,8
/markak/maxus,https://minio.kinaiauto.com/brand-logos/mg/primary-1778559621942.png,brand-tab-logo,ok,,logo,MG,MG10,40,18,lazy,,,9
/markak/maxus,https://minio.kinaiauto.com/brand-logos/nio/primary-1778559635265.svg,brand-tab-logo,ok,,logo,NIO,NIO4,40,18,lazy,,,10
/markak/maxus,https://minio.kinaiauto.com/brand-logos/omoda/primary-1778559581219.png,brand-tab-logo,ok,,logo,Omoda,Omoda5,40,18,lazy,,,11
/markak/maxus,https://minio.kinaiauto.com/brand-logos/voyah/primary-1778559743441.png,brand-tab-logo,ok,,logo,Voyah,Voyah6,40,18,lazy,,,12
/markak/maxus,https://minio.kinaiauto.com/brand-logos/xpeng/primary-1778559688298.png,brand-tab-logo,ok,,logo,XPENG,XPENG4,40,18,lazy,,,13
/markak/maxus,https://minio.kinaiauto.com/brand-logos/maxus/primary-1778559794186.png,brand-logo-hero,ok,,logo,Maxus logó,,,,eager,high,,14
/markak/maxus,https://minio.kinaiauto.com/car-photos/maxus/t60-max-pickup/exterior-1778674838374.jpg,,ok,,content,Maxus T60 MAX Pickup,,,,lazy,,,15
/markak/maxus,https://minio.kinaiauto.com/car-photos/maxus/t60-max-pickup/exterior-1778674839514.jpg,photo-secondary,empty,content,content,,,,,lazy,,,16
/modellek/mg/mg3-hybrid-plus,https://minio.kinaiauto.com/brand-logos/baic/primary-1778559758227.webp,brand-tab-logo,ok,,logo,BAIC,BAIC4,40,18,lazy,,,0
/modellek/mg/mg3-hybrid-plus,https://minio.kinaiauto.com/brand-logos/byd/primary-1778557944140.svg,brand-tab-logo,ok,,logo,BYD,BYD14,40,18,lazy,,,1
/modellek/mg/mg3-hybrid-plus,https://minio.kinaiauto.com/brand-logos/chery/primary-1778558725869.png,brand-tab-logo,ok,,logo,Chery,Chery4,40,18,lazy,,,2
/modellek/mg/mg3-hybrid-plus,https://minio.kinaiauto.com/brand-logos/dongfeng/primary-1778559729586.png,brand-tab-logo,ok,,logo,Dongfeng,Dongfeng14,40,18,lazy,,,3
/modellek/mg/mg3-hybrid-plus,https://minio.kinaiauto.com/brand-logos/firefly/primary-1778559676598.png,brand-tab-logo,ok,,logo,Firefly,Firefly1,40,18,lazy,,,4
/modellek/mg/mg3-hybrid-plus,https://minio.kinaiauto.com/brand-logos/geely/primary-1778559713516.png,brand-tab-logo,ok,,logo,Geely,Geely2,40,18,lazy,,,5
/modellek/mg/mg3-hybrid-plus,https://minio.kinaiauto.com/brand-logos/jaecoo/primary-1778559595733.png,brand-tab-logo,ok,,logo,Jaecoo,Jaecoo4,40,18,lazy,,,6
/modellek/mg/mg3-hybrid-plus,https://minio.kinaiauto.com/brand-logos/leapmotor/primary-1778559701255.png,brand-tab-logo,ok,,logo,Leapmotor,Leapmotor5,40,18,lazy,,,7
/modellek/mg/mg3-hybrid-plus,https://minio.kinaiauto.com/brand-logos/maxus/primary-1778559794186.png,brand-tab-logo,ok,,logo,Maxus,Maxus1,40,18,lazy,,,8
/modellek/mg/mg3-hybrid-plus,https://minio.kinaiauto.com/brand-logos/mg/primary-1778559621942.png,brand-tab-logo,ok,,logo,MG,MG10,40,18,lazy,,,9
/modellek/mg/mg3-hybrid-plus,https://minio.kinaiauto.com/brand-logos/nio/primary-1778559635265.svg,brand-tab-logo,ok,,logo,NIO,NIO4,40,18,lazy,,,10
/modellek/mg/mg3-hybrid-plus,https://minio.kinaiauto.com/brand-logos/omoda/primary-1778559581219.png,brand-tab-logo,ok,,logo,Omoda,Omoda5,40,18,lazy,,,11
/modellek/mg/mg3-hybrid-plus,https://minio.kinaiauto.com/brand-logos/voyah/primary-1778559743441.png,brand-tab-logo,ok,,logo,Voyah,Voyah6,40,18,lazy,,,12
/modellek/mg/mg3-hybrid-plus,https://minio.kinaiauto.com/brand-logos/xpeng/primary-1778559688298.png,brand-tab-logo,ok,,logo,XPENG,XPENG4,40,18,lazy,,,13
/modellek/mg/mg3-hybrid-plus,https://minio.kinaiauto.com/car-photos/mg/mg3-hybrid-plus/hero-1778752493763.jpg,,ok,,content,MG MG3 Hybrid+,,,,,,,14
/modellek/mg/mg3-hybrid-plus,https://minio.kinaiauto.com/car-photos/mg/mg3-hybrid-plus/hero-1778752493763.jpg,,ok,,content,"MG3 Hybrid+ — külső fő nézet, fotó 1",Külső fő nézet,,,,,,15
/modellek/mg/mg3-hybrid-plus,https://minio.kinaiauto.com/car-photos/mg/mg3-hybrid-plus/exterior-1778752507386.jpg,,ok,,content,"MG3 Hybrid+ — külső, fotó 2",Külső,,,,,,16
/modellek/mg/mg3-hybrid-plus,https://minio.kinaiauto.com/car-photos/mg/mg3-hybrid-plus/exterior-1778752510340.jpg,,ok,,content,"MG3 Hybrid+ — külső, fotó 3",Külső,,,,,,17
/modellek/mg/mg3-hybrid-plus,https://minio.kinaiauto.com/car-photos/mg/mg3-hybrid-plus/exterior-1778752515452.jpg,,ok,,content,"MG3 Hybrid+ — külső, fotó 4",Külső,,,,,,18
/modellek/mg/mg3-hybrid-plus,https://minio.kinaiauto.com/car-photos/mg/mg3-hybrid-plus/interior-1778752496520.jpg,,ok,,content,"MG3 Hybrid+ — belső, fotó 5",Belső+13 fotó,,,,,,19
/modellek/mg/mg3-hybrid-plus,https://minio.kinaiauto.com/car-photos/mg/mg3ice/hero-1778752294210.webp,,ok,,content,MG3 ,"MGMG3 6,4 M Ft — 7,0 M Ft",,,,,,20
/modellek/mg/mg3-hybrid-plus,https://minio.kinaiauto.com/car-photos/leapmotor/t03/hero-1778747314385.png,,ok,,content,T03,"LeapmotorT037,8 M Ft — 7,8 M Ft",,,,,,21
/modellek/mg/mg3-hybrid-plus,https://minio.kinaiauto.com/car-photos/mg/mg-hs-hybrid-plus/hero-1778751458513.jpg,,ok,,content,MG HS Hybrid+,"MGMG HS Hybrid+11,9 M Ft — 12,9 M Ft",,,,,,22
/modellek/mg/mg3-hybrid-plus,https://minio.kinaiauto.com/car-photos/mg/mg-zs-hybrid-plus/hero-1778752042009.jpg,,ok,,content,MG ZS Hybrid+,"MGMG ZS Hybrid+10,4 M Ft — 12,1 M Ft",,,,,,23
/modellek/dongfeng/forthing-t5-evo-hev,https://minio.kinaiauto.com/brand-logos/baic/primary-1778559758227.webp,brand-tab-logo,ok,,logo,BAIC,BAIC4,40,18,lazy,,,0
/modellek/dongfeng/forthing-t5-evo-hev,https://minio.kinaiauto.com/brand-logos/byd/primary-1778557944140.svg,brand-tab-logo,ok,,logo,BYD,BYD14,40,18,lazy,,,1
/modellek/dongfeng/forthing-t5-evo-hev,https://minio.kinaiauto.com/brand-logos/chery/primary-1778558725869.png,brand-tab-logo,ok,,logo,Chery,Chery4,40,18,lazy,,,2
/modellek/dongfeng/forthing-t5-evo-hev,https://minio.kinaiauto.com/brand-logos/dongfeng/primary-1778559729586.png,brand-tab-logo,ok,,logo,Dongfeng,Dongfeng14,40,18,lazy,,,3
/modellek/dongfeng/forthing-t5-evo-hev,https://minio.kinaiauto.com/brand-logos/firefly/primary-1778559676598.png,brand-tab-logo,ok,,logo,Firefly,Firefly1,40,18,lazy,,,4
/modellek/dongfeng/forthing-t5-evo-hev,https://minio.kinaiauto.com/brand-logos/geely/primary-1778559713516.png,brand-tab-logo,ok,,logo,Geely,Geely2,40,18,lazy,,,5
/modellek/dongfeng/forthing-t5-evo-hev,https://minio.kinaiauto.com/brand-logos/jaecoo/primary-1778559595733.png,brand-tab-logo,ok,,logo,Jaecoo,Jaecoo4,40,18,lazy,,,6
/modellek/dongfeng/forthing-t5-evo-hev,https://minio.kinaiauto.com/brand-logos/leapmotor/primary-1778559701255.png,brand-tab-logo,ok,,logo,Leapmotor,Leapmotor5,40,18,lazy,,,7
/modellek/dongfeng/forthing-t5-evo-hev,https://minio.kinaiauto.com/brand-logos/maxus/primary-1778559794186.png,brand-tab-logo,ok,,logo,Maxus,Maxus1,40,18,lazy,,,8
/modellek/dongfeng/forthing-t5-evo-hev,https://minio.kinaiauto.com/brand-logos/mg/primary-1778559621942.png,brand-tab-logo,ok,,logo,MG,MG10,40,18,lazy,,,9
/modellek/dongfeng/forthing-t5-evo-hev,https://minio.kinaiauto.com/brand-logos/nio/primary-1778559635265.svg,brand-tab-logo,ok,,logo,NIO,NIO4,40,18,lazy,,,10
/modellek/dongfeng/forthing-t5-evo-hev,https://minio.kinaiauto.com/brand-logos/omoda/primary-1778559581219.png,brand-tab-logo,ok,,logo,Omoda,Omoda5,40,18,lazy,,,11
/modellek/dongfeng/forthing-t5-evo-hev,https://minio.kinaiauto.com/brand-logos/voyah/primary-1778559743441.png,brand-tab-logo,ok,,logo,Voyah,Voyah6,40,18,lazy,,,12
/modellek/dongfeng/forthing-t5-evo-hev,https://minio.kinaiauto.com/brand-logos/xpeng/primary-1778559688298.png,brand-tab-logo,ok,,logo,XPENG,XPENG4,40,18,lazy,,,13
/modellek/dongfeng/forthing-t5-evo-hev,https://minio.kinaiauto.com/car-photos/dongfeng/forthing-t5-evo-hev/hero-1778753813525.jpg,,ok,,content,Dongfeng Forthing T5 EVO HEV,,,,,,,14
/modellek/dongfeng/forthing-t5-evo-hev,https://minio.kinaiauto.com/car-photos/dongfeng/forthing-t5-evo-hev/hero-1778753813525.jpg,,ok,,content,"Dongfeng Forthing T5 EVO HEV — külső fő nézet, fotó 1",Külső fő nézet,,,,,,15
/modellek/dongfeng/forthing-t5-evo-hev,https://minio.kinaiauto.com/car-photos/dongfeng/forthing-t5-evo-hev/exterior-1778753807048.jpg,,ok,,content,"Dongfeng Forthing T5 EVO HEV — külső, fotó 2",Külső,,,,,,16
/modellek/dongfeng/forthing-t5-evo-hev,https://minio.kinaiauto.com/car-photos/dongfeng/forthing-t5-evo-hev/exterior-1778753808420.jpg,,ok,,content,"Dongfeng Forthing T5 EVO HEV — külső, fotó 3",Külső,,,,,,17
/modellek/dongfeng/forthing-t5-evo-hev,https://minio.kinaiauto.com/car-photos/dongfeng/forthing-t5-evo-hev/exterior-1778753809800.jpg,,ok,,content,"Dongfeng Forthing T5 EVO HEV — külső, fotó 4",Külső,,,,,,18
/modellek/dongfeng/forthing-t5-evo-hev,https://minio.kinaiauto.com/car-photos/dongfeng/forthing-t5-evo-hev/exterior-1778753816718.jpg,,ok,,content,"Dongfeng Forthing T5 EVO HEV — külső, fotó 5",Külső+10 fotó,,,,,,19
/modellek/dongfeng/forthing-t5-evo-hev,https://minio.kinaiauto.com/car-photos/omoda/omoda-5-shs-h/hero-1778749384663.jpg,,ok,,content,Omoda 5 SHS-H,"OmodaOmoda 5 SHS-H12,0 M Ft — 12,0 M Ft",,,,,,20
/modellek/dongfeng/forthing-t5-evo-hev,https://minio.kinaiauto.com/car-photos/mg/mg-zs-hybrid-plus/hero-1778752042009.jpg,,ok,,content,MG ZS Hybrid+,"MGMG ZS Hybrid+10,4 M Ft — 12,1 M Ft",,,,,,21
/modellek/dongfeng/forthing-t5-evo-hev,https://minio.kinaiauto.com/car-photos/chery/tiggo-4/exterior-1778579251102.jpg,,ok,,content,Tiggo 4,"CheryTiggo 49,2 M Ft — 11,0 M Ft",,,,,,22
/modellek/dongfeng/forthing-t5-evo-hev,https://minio.kinaiauto.com/car-photos/dongfeng/forthing-t5-evo/hero-1778753640495.jpg,,ok,,content,Forthing T5 EVO,"DongfengForthing T5 EVO13,5 M Ft — 13,5 M Ft",,,,,,23
/modellek/byd/sealion-7,https://minio.kinaiauto.com/brand-logos/baic/primary-1778559758227.webp,brand-tab-logo,ok,,logo,BAIC,BAIC4,40,18,lazy,,,0
/modellek/byd/sealion-7,https://minio.kinaiauto.com/brand-logos/byd/primary-1778557944140.svg,brand-tab-logo,ok,,logo,BYD,BYD14,40,18,lazy,,,1
/modellek/byd/sealion-7,https://minio.kinaiauto.com/brand-logos/chery/primary-1778558725869.png,brand-tab-logo,ok,,logo,Chery,Chery4,40,18,lazy,,,2
/modellek/byd/sealion-7,https://minio.kinaiauto.com/brand-logos/dongfeng/primary-1778559729586.png,brand-tab-logo,ok,,logo,Dongfeng,Dongfeng14,40,18,lazy,,,3
/modellek/byd/sealion-7,https://minio.kinaiauto.com/brand-logos/firefly/primary-1778559676598.png,brand-tab-logo,ok,,logo,Firefly,Firefly1,40,18,lazy,,,4
/modellek/byd/sealion-7,https://minio.kinaiauto.com/brand-logos/geely/primary-1778559713516.png,brand-tab-logo,ok,,logo,Geely,Geely2,40,18,lazy,,,5
/modellek/byd/sealion-7,https://minio.kinaiauto.com/brand-logos/jaecoo/primary-1778559595733.png,brand-tab-logo,ok,,logo,Jaecoo,Jaecoo4,40,18,lazy,,,6
/modellek/byd/sealion-7,https://minio.kinaiauto.com/brand-logos/leapmotor/primary-1778559701255.png,brand-tab-logo,ok,,logo,Leapmotor,Leapmotor5,40,18,lazy,,,7
/modellek/byd/sealion-7,https://minio.kinaiauto.com/brand-logos/maxus/primary-1778559794186.png,brand-tab-logo,ok,,logo,Maxus,Maxus1,40,18,lazy,,,8
/modellek/byd/sealion-7,https://minio.kinaiauto.com/brand-logos/mg/primary-1778559621942.png,brand-tab-logo,ok,,logo,MG,MG10,40,18,lazy,,,9
/modellek/byd/sealion-7,https://minio.kinaiauto.com/brand-logos/nio/primary-1778559635265.svg,brand-tab-logo,ok,,logo,NIO,NIO4,40,18,lazy,,,10
/modellek/byd/sealion-7,https://minio.kinaiauto.com/brand-logos/omoda/primary-1778559581219.png,brand-tab-logo,ok,,logo,Omoda,Omoda5,40,18,lazy,,,11
/modellek/byd/sealion-7,https://minio.kinaiauto.com/brand-logos/voyah/primary-1778559743441.png,brand-tab-logo,ok,,logo,Voyah,Voyah6,40,18,lazy,,,12
/modellek/byd/sealion-7,https://minio.kinaiauto.com/brand-logos/xpeng/primary-1778559688298.png,brand-tab-logo,ok,,logo,XPENG,XPENG4,40,18,lazy,,,13
/modellek/byd/sealion-7,https://minio.kinaiauto.com/car-photos/byd/sealion-7/exterior-1778761892342.jpg,,ok,,content,BYD Sealion 7,,,,,,,14
/modellek/byd/sealion-7,https://minio.kinaiauto.com/car-photos/byd/sealion-7/exterior-1778761892342.jpg,,ok,,content,"BYD Sealion 7 — külső, fotó 1",Külső,,,,,,15
/modellek/byd/sealion-7,https://minio.kinaiauto.com/car-photos/byd/sealion-7/exterior-1778761893456.jpg,,ok,,content,"BYD Sealion 7 — külső, fotó 2",Külső,,,,,,16
/modellek/byd/sealion-7,https://minio.kinaiauto.com/car-photos/byd/sealion-7/exterior-1778761894722.jpg,,ok,,content,"BYD Sealion 7 — külső, fotó 3",Külső,,,,,,17
/modellek/byd/sealion-7,https://minio.kinaiauto.com/car-photos/byd/sealion-7/exterior-1778761898309.jpg,,ok,,content,"BYD Sealion 7 — külső, fotó 4",Külső,,,,,,18
/modellek/byd/sealion-7,https://minio.kinaiauto.com/car-photos/byd/sealion-7/exterior-1778761899193.jpg,,ok,,content,"BYD Sealion 7 — külső, fotó 5",Külső+7 fotó,,,,,,19
/modellek/byd/sealion-7,https://minio.kinaiauto.com/car-photos/byd/seal-u/hero-1778761549471.png,,ok,,content,Seal U,"BYDSeal U17,0 M Ft — 19,0 M Ft",,,,,,20
/modellek/byd/sealion-7,https://minio.kinaiauto.com/car-photos/xpeng/g6/hero-1778748656169.webp,,ok,,content,G6,"XPENGG618,0 M Ft — 22,1 M Ft",,,,,,21
/modellek/byd/sealion-7,https://minio.kinaiauto.com/car-photos/geely/e5/hero-1778670334544.jpg,,ok,,content,E5,"GeelyE515,0 M Ft — 16,6 M Ft",,,,,,22
/modellek/byd/sealion-7,https://minio.kinaiauto.com/car-photos/leapmotor/c10/hero-1778747736499.png,,ok,,content,C10,"LeapmotorC1015,0 M Ft — 17,9 M Ft",,,,,,23
/modellek/nio/el6,https://minio.kinaiauto.com/brand-logos/baic/primary-1778559758227.webp,brand-tab-logo,ok,,logo,BAIC,BAIC4,40,18,lazy,,,0
/modellek/nio/el6,https://minio.kinaiauto.com/brand-logos/byd/primary-1778557944140.svg,brand-tab-logo,ok,,logo,BYD,BYD14,40,18,lazy,,,1
/modellek/nio/el6,https://minio.kinaiauto.com/brand-logos/chery/primary-1778558725869.png,brand-tab-logo,ok,,logo,Chery,Chery4,40,18,lazy,,,2
/modellek/nio/el6,https://minio.kinaiauto.com/brand-logos/dongfeng/primary-1778559729586.png,brand-tab-logo,ok,,logo,Dongfeng,Dongfeng14,40,18,lazy,,,3
/modellek/nio/el6,https://minio.kinaiauto.com/brand-logos/firefly/primary-1778559676598.png,brand-tab-logo,ok,,logo,Firefly,Firefly1,40,18,lazy,,,4
/modellek/nio/el6,https://minio.kinaiauto.com/brand-logos/geely/primary-1778559713516.png,brand-tab-logo,ok,,logo,Geely,Geely2,40,18,lazy,,,5
/modellek/nio/el6,https://minio.kinaiauto.com/brand-logos/jaecoo/primary-1778559595733.png,brand-tab-logo,ok,,logo,Jaecoo,Jaecoo4,40,18,lazy,,,6
/modellek/nio/el6,https://minio.kinaiauto.com/brand-logos/leapmotor/primary-1778559701255.png,brand-tab-logo,ok,,logo,Leapmotor,Leapmotor5,40,18,lazy,,,7
/modellek/nio/el6,https://minio.kinaiauto.com/brand-logos/maxus/primary-1778559794186.png,brand-tab-logo,ok,,logo,Maxus,Maxus1,40,18,lazy,,,8
/modellek/nio/el6,https://minio.kinaiauto.com/brand-logos/mg/primary-1778559621942.png,brand-tab-logo,ok,,logo,MG,MG10,40,18,lazy,,,9
/modellek/nio/el6,https://minio.kinaiauto.com/brand-logos/nio/primary-1778559635265.svg,brand-tab-logo,ok,,logo,NIO,NIO4,40,18,lazy,,,10
/modellek/nio/el6,https://minio.kinaiauto.com/brand-logos/omoda/primary-1778559581219.png,brand-tab-logo,ok,,logo,Omoda,Omoda5,40,18,lazy,,,11
/modellek/nio/el6,https://minio.kinaiauto.com/brand-logos/voyah/primary-1778559743441.png,brand-tab-logo,ok,,logo,Voyah,Voyah6,40,18,lazy,,,12
/modellek/nio/el6,https://minio.kinaiauto.com/brand-logos/xpeng/primary-1778559688298.png,brand-tab-logo,ok,,logo,XPENG,XPENG4,40,18,lazy,,,13
/modellek/nio/el6,https://minio.kinaiauto.com/car-photos/nio/el6/hero-1778676636181.webp,,ok,,content,NIO EL6,,,,,,,14
/modellek/nio/el6,https://minio.kinaiauto.com/car-photos/nio/el6/hero-1778676636181.webp,,ok,,content,"NIO EL6 — külső fő nézet, fotó 1",Külső fő nézet,,,,,,15
/modellek/nio/el6,https://minio.kinaiauto.com/car-photos/nio/el6/exterior-1778676640666.webp,,ok,,content,"NIO EL6 — külső, fotó 2",Külső,,,,,,16
/modellek/nio/el6,https://minio.kinaiauto.com/car-photos/nio/el6/exterior-1778676642022.webp,,ok,,content,"NIO EL6 — külső, fotó 3",Külső,,,,,,17
/modellek/nio/el6,https://minio.kinaiauto.com/car-photos/nio/el6/interior-1778676628853.webp,,ok,,content,"NIO EL6 — belső, fotó 4",Belső,,,,,,18
/modellek/nio/el6,https://minio.kinaiauto.com/car-photos/nio/el6/interior-1778676633829.webp,,ok,,content,"NIO EL6 — belső, fotó 5",Belső+10 fotó,,,,,,19
/modellek/nio/el6,https://minio.kinaiauto.com/car-photos/byd/tang/hero-1778760549275.jpg,,ok,,content,Tang,"BYDTang25,0 M Ft — 29,5 M Ft",,,,,,20
/modellek/nio/el6,https://minio.kinaiauto.com/car-photos/nio/EL_8/hero-1778676778562.webp,,ok,,content,EL8,"NIOEL843,5 M Ft — 43,5 M Ft",,,,,,21
/modellek/nio/el6,https://minio.kinaiauto.com/car-photos/dongfeng/dfmherobev/exterior-1778906067417.webp,,ok,,content,MHERO 917 BEV,DongfengMHERO 917 BEV— — —,,,,,,22
/modellek/nio/el6,https://minio.kinaiauto.com/car-photos/xpeng/g9/hero-1778748733825.webp,,ok,,content,G9,"XPENGG922,0 M Ft — 29,8 M Ft",,,,,,23
/modellek/byd/seal-u-dm-i,https://minio.kinaiauto.com/brand-logos/baic/primary-1778559758227.webp,brand-tab-logo,ok,,logo,BAIC,BAIC4,40,18,lazy,,,0
/modellek/byd/seal-u-dm-i,https://minio.kinaiauto.com/brand-logos/byd/primary-1778557944140.svg,brand-tab-logo,ok,,logo,BYD,BYD14,40,18,lazy,,,1
/modellek/byd/seal-u-dm-i,https://minio.kinaiauto.com/brand-logos/chery/primary-1778558725869.png,brand-tab-logo,ok,,logo,Chery,Chery4,40,18,lazy,,,2
/modellek/byd/seal-u-dm-i,https://minio.kinaiauto.com/brand-logos/dongfeng/primary-1778559729586.png,brand-tab-logo,ok,,logo,Dongfeng,Dongfeng14,40,18,lazy,,,3
/modellek/byd/seal-u-dm-i,https://minio.kinaiauto.com/brand-logos/firefly/primary-1778559676598.png,brand-tab-logo,ok,,logo,Firefly,Firefly1,40,18,lazy,,,4
/modellek/byd/seal-u-dm-i,https://minio.kinaiauto.com/brand-logos/geely/primary-1778559713516.png,brand-tab-logo,ok,,logo,Geely,Geely2,40,18,lazy,,,5
/modellek/byd/seal-u-dm-i,https://minio.kinaiauto.com/brand-logos/jaecoo/primary-1778559595733.png,brand-tab-logo,ok,,logo,Jaecoo,Jaecoo4,40,18,lazy,,,6
/modellek/byd/seal-u-dm-i,https://minio.kinaiauto.com/brand-logos/leapmotor/primary-1778559701255.png,brand-tab-logo,ok,,logo,Leapmotor,Leapmotor5,40,18,lazy,,,7
/modellek/byd/seal-u-dm-i,https://minio.kinaiauto.com/brand-logos/maxus/primary-1778559794186.png,brand-tab-logo,ok,,logo,Maxus,Maxus1,40,18,lazy,,,8
/modellek/byd/seal-u-dm-i,https://minio.kinaiauto.com/brand-logos/mg/primary-1778559621942.png,brand-tab-logo,ok,,logo,MG,MG10,40,18,lazy,,,9
/modellek/byd/seal-u-dm-i,https://minio.kinaiauto.com/brand-logos/nio/primary-1778559635265.svg,brand-tab-logo,ok,,logo,NIO,NIO4,40,18,lazy,,,10
/modellek/byd/seal-u-dm-i,https://minio.kinaiauto.com/brand-logos/omoda/primary-1778559581219.png,brand-tab-logo,ok,,logo,Omoda,Omoda5,40,18,lazy,,,11
/modellek/byd/seal-u-dm-i,https://minio.kinaiauto.com/brand-logos/voyah/primary-1778559743441.png,brand-tab-logo,ok,,logo,Voyah,Voyah6,40,18,lazy,,,12
/modellek/byd/seal-u-dm-i,https://minio.kinaiauto.com/brand-logos/xpeng/primary-1778559688298.png,brand-tab-logo,ok,,logo,XPENG,XPENG4,40,18,lazy,,,13
/modellek/byd/seal-u-dm-i,https://minio.kinaiauto.com/car-photos/byd/seal-u-dm-i/hero-1778762075601.jpg,,ok,,content,BYD Seal U DM-i,,,,,,,14
/modellek/byd/seal-u-dm-i,https://minio.kinaiauto.com/car-photos/byd/seal-u-dm-i/hero-1778762075601.jpg,,ok,,content,"BYD Seal U DM-i — külső fő nézet, fotó 1",Külső fő nézet,,,,,,15
/modellek/byd/seal-u-dm-i,https://minio.kinaiauto.com/car-photos/byd/seal-u-dm-i/exterior-1778762074107.jpg,,ok,,content,"BYD Seal U DM-i — külső, fotó 2",Külső,,,,,,16
/modellek/byd/seal-u-dm-i,https://minio.kinaiauto.com/car-photos/byd/seal-u-dm-i/exterior-1778762077015.jpg,,ok,,content,"BYD Seal U DM-i — külső, fotó 3",Külső,,,,,,17
/modellek/byd/seal-u-dm-i,https://minio.kinaiauto.com/car-photos/byd/seal-u-dm-i/exterior-1778762078199.jpg,,ok,,content,"BYD Seal U DM-i — külső, fotó 4",Külső,,,,,,18
/modellek/byd/seal-u-dm-i,https://minio.kinaiauto.com/car-photos/byd/seal-u-dm-i/exterior-1778762079644.jpg,,ok,,content,"BYD Seal U DM-i — külső, fotó 5",Külső+2 fotó,,,,,,19
/modellek/byd/seal-u-dm-i,https://minio.kinaiauto.com/car-photos/mg/mg-hs-phev/hero-1778751526729.jpg,,ok,,content,MG HS PHEV,"MGMG HS PHEV14,3 M Ft — 15,4 M Ft",,,,,,20
/modellek/byd/seal-u-dm-i,https://minio.kinaiauto.com/car-photos/leapmotor/c10-hibrid-ev/hero-1778747479257.png,,ok,,content,C10 Hibrid-EV,"LeapmotorC10 Hibrid-EV15,0 M Ft — 17,9 M Ft",,,,,,21
/modellek/byd/seal-u-dm-i,https://minio.kinaiauto.com/car-photos/jaecoo/jaecoo-7-shs-p/exterior-1778674010270.png,,ok,,content,Jaecoo 7 SHS-P,"JaecooJaecoo 7 SHS-P13,0 M Ft — 15,0 M Ft",,,,,,22
/modellek/byd/seal-u-dm-i,https://minio.kinaiauto.com/car-photos/geely/starray-em-i/hero-1778672165914.jpg,,ok,,content,Starray EM-i,"GeelyStarray EM-i13,0 M Ft — 15,4 M Ft",,,,,,23
/modellek/chery/tiggo-9,https://minio.kinaiauto.com/brand-logos/baic/primary-1778559758227.webp,brand-tab-logo,ok,,logo,BAIC,BAIC4,40,18,lazy,,,0
/modellek/chery/tiggo-9,https://minio.kinaiauto.com/brand-logos/byd/primary-1778557944140.svg,brand-tab-logo,ok,,logo,BYD,BYD14,40,18,lazy,,,1
/modellek/chery/tiggo-9,https://minio.kinaiauto.com/brand-logos/chery/primary-1778558725869.png,brand-tab-logo,ok,,logo,Chery,Chery4,40,18,lazy,,,2
/modellek/chery/tiggo-9,https://minio.kinaiauto.com/brand-logos/dongfeng/primary-1778559729586.png,brand-tab-logo,ok,,logo,Dongfeng,Dongfeng14,40,18,lazy,,,3
/modellek/chery/tiggo-9,https://minio.kinaiauto.com/brand-logos/firefly/primary-1778559676598.png,brand-tab-logo,ok,,logo,Firefly,Firefly1,40,18,lazy,,,4
/modellek/chery/tiggo-9,https://minio.kinaiauto.com/brand-logos/geely/primary-1778559713516.png,brand-tab-logo,ok,,logo,Geely,Geely2,40,18,lazy,,,5
/modellek/chery/tiggo-9,https://minio.kinaiauto.com/brand-logos/jaecoo/primary-1778559595733.png,brand-tab-logo,ok,,logo,Jaecoo,Jaecoo4,40,18,lazy,,,6
/modellek/chery/tiggo-9,https://minio.kinaiauto.com/brand-logos/leapmotor/primary-1778559701255.png,brand-tab-logo,ok,,logo,Leapmotor,Leapmotor5,40,18,lazy,,,7
/modellek/chery/tiggo-9,https://minio.kinaiauto.com/brand-logos/maxus/primary-1778559794186.png,brand-tab-logo,ok,,logo,Maxus,Maxus1,40,18,lazy,,,8
/modellek/chery/tiggo-9,https://minio.kinaiauto.com/brand-logos/mg/primary-1778559621942.png,brand-tab-logo,ok,,logo,MG,MG10,40,18,lazy,,,9
/modellek/chery/tiggo-9,https://minio.kinaiauto.com/brand-logos/nio/primary-1778559635265.svg,brand-tab-logo,ok,,logo,NIO,NIO4,40,18,lazy,,,10
/modellek/chery/tiggo-9,https://minio.kinaiauto.com/brand-logos/omoda/primary-1778559581219.png,brand-tab-logo,ok,,logo,Omoda,Omoda5,40,18,lazy,,,11
/modellek/chery/tiggo-9,https://minio.kinaiauto.com/brand-logos/voyah/primary-1778559743441.png,brand-tab-logo,ok,,logo,Voyah,Voyah6,40,18,lazy,,,12
/modellek/chery/tiggo-9,https://minio.kinaiauto.com/brand-logos/xpeng/primary-1778559688298.png,brand-tab-logo,ok,,logo,XPENG,XPENG4,40,18,lazy,,,13
/modellek/chery/tiggo-9,https://minio.kinaiauto.com/car-photos/chery/tiggo-9/hero-1778673464632.jpg,,ok,,content,Chery Tiggo 9,,,,,,,14
/modellek/chery/tiggo-9,https://minio.kinaiauto.com/car-photos/chery/tiggo-9/hero-1778673464632.jpg,,ok,,content,"Chery Tiggo 9 — külső fő nézet, fotó 1",Külső fő nézet,,,,,,15
/modellek/chery/tiggo-9,https://minio.kinaiauto.com/car-photos/chery/tiggo-9/exterior-1778673448227.jpg,,ok,,content,"Chery Tiggo 9 — külső, fotó 2",Külső,,,,,,16
/modellek/chery/tiggo-9,https://minio.kinaiauto.com/car-photos/chery/tiggo-9/exterior-1778673450427.jpg,,ok,,content,"Chery Tiggo 9 — külső, fotó 3",Külső,,,,,,17
/modellek/chery/tiggo-9,https://minio.kinaiauto.com/car-photos/chery/tiggo-9/exterior-1778673454557.jpg,,ok,,content,"Chery Tiggo 9 — külső, fotó 4",Külső,,,,,,18
/modellek/chery/tiggo-9,https://minio.kinaiauto.com/car-photos/chery/tiggo-9/exterior-1778673456593.jpg,,ok,,content,"Chery Tiggo 9 — külső, fotó 5",Külső+9 fotó,,,,,,19
/modellek/chery/tiggo-9,https://minio.kinaiauto.com/car-photos/omoda/omoda-9-shs-p/hero-1778749724323.jpg,,ok,,content,Omoda 9 SHS-P,"OmodaOmoda 9 SHS-P22,0 M Ft — 22,0 M Ft",,,,,,20
/modellek/chery/tiggo-9,https://minio.kinaiauto.com/car-photos/voyah/free-rev-318/hero-1778754529969.webp,,ok,,content,Free REV 318,"VoyahFree REV 31826,0 M Ft — 27,0 M Ft",,,,,,21
/modellek/chery/tiggo-9,https://minio.kinaiauto.com/car-photos/dongfeng/fr_mhero917rev/exterior-1779516977084.webp,,ok,,content,MHERO 917 REV,"DongfengMHERO 917 REV71,2 M Ft — 71,2 M Ft",,,,,,22
/modellek/chery/tiggo-9,https://minio.kinaiauto.com/car-photos/xpeng/g9/hero-1778748733825.webp,,ok,,content,G9,"XPENGG922,0 M Ft — 29,8 M Ft",,,,,,23
/modellek/nio/et5-touring,https://minio.kinaiauto.com/brand-logos/baic/primary-1778559758227.webp,brand-tab-logo,ok,,logo,BAIC,BAIC4,40,18,lazy,,,0
/modellek/nio/et5-touring,https://minio.kinaiauto.com/brand-logos/byd/primary-1778557944140.svg,brand-tab-logo,ok,,logo,BYD,BYD14,40,18,lazy,,,1
/modellek/nio/et5-touring,https://minio.kinaiauto.com/brand-logos/chery/primary-1778558725869.png,brand-tab-logo,ok,,logo,Chery,Chery4,40,18,lazy,,,2
/modellek/nio/et5-touring,https://minio.kinaiauto.com/brand-logos/dongfeng/primary-1778559729586.png,brand-tab-logo,ok,,logo,Dongfeng,Dongfeng14,40,18,lazy,,,3
/modellek/nio/et5-touring,https://minio.kinaiauto.com/brand-logos/firefly/primary-1778559676598.png,brand-tab-logo,ok,,logo,Firefly,Firefly1,40,18,lazy,,,4
/modellek/nio/et5-touring,https://minio.kinaiauto.com/brand-logos/geely/primary-1778559713516.png,brand-tab-logo,ok,,logo,Geely,Geely2,40,18,lazy,,,5
/modellek/nio/et5-touring,https://minio.kinaiauto.com/brand-logos/jaecoo/primary-1778559595733.png,brand-tab-logo,ok,,logo,Jaecoo,Jaecoo4,40,18,lazy,,,6
/modellek/nio/et5-touring,https://minio.kinaiauto.com/brand-logos/leapmotor/primary-1778559701255.png,brand-tab-logo,ok,,logo,Leapmotor,Leapmotor5,40,18,lazy,,,7
/modellek/nio/et5-touring,https://minio.kinaiauto.com/brand-logos/maxus/primary-1778559794186.png,brand-tab-logo,ok,,logo,Maxus,Maxus1,40,18,lazy,,,8
/modellek/nio/et5-touring,https://minio.kinaiauto.com/brand-logos/mg/primary-1778559621942.png,brand-tab-logo,ok,,logo,MG,MG10,40,18,lazy,,,9
/modellek/nio/et5-touring,https://minio.kinaiauto.com/brand-logos/nio/primary-1778559635265.svg,brand-tab-logo,ok,,logo,NIO,NIO4,40,18,lazy,,,10
/modellek/nio/et5-touring,https://minio.kinaiauto.com/brand-logos/omoda/primary-1778559581219.png,brand-tab-logo,ok,,logo,Omoda,Omoda5,40,18,lazy,,,11
/modellek/nio/et5-touring,https://minio.kinaiauto.com/brand-logos/voyah/primary-1778559743441.png,brand-tab-logo,ok,,logo,Voyah,Voyah6,40,18,lazy,,,12
/modellek/nio/et5-touring,https://minio.kinaiauto.com/brand-logos/xpeng/primary-1778559688298.png,brand-tab-logo,ok,,logo,XPENG,XPENG4,40,18,lazy,,,13
/modellek/nio/et5-touring,https://minio.kinaiauto.com/car-photos/nio/et5-touring/hero-1778675250250.webp,,ok,,content,NIO ET5 Touring,,,,,,,14
/modellek/nio/et5-touring,https://minio.kinaiauto.com/car-photos/nio/et5-touring/hero-1778675250250.webp,,ok,,content,"NIO ET5 Touring — külső fő nézet, fotó 1",Külső fő nézet,,,,,,15
/modellek/nio/et5-touring,https://minio.kinaiauto.com/car-photos/nio/et5-touring/exterior-1778675235745.webp,,ok,,content,"NIO ET5 Touring — külső, fotó 2",Külső,,,,,,16
/modellek/nio/et5-touring,https://minio.kinaiauto.com/car-photos/nio/et5-touring/exterior-1778675239025.webp,,ok,,content,"NIO ET5 Touring — külső, fotó 3",Külső,,,,,,17
/modellek/nio/et5-touring,https://minio.kinaiauto.com/car-photos/nio/et5-touring/exterior-1778675240130.webp,,ok,,content,"NIO ET5 Touring — külső, fotó 4",Külső,,,,,,18
/modellek/nio/et5-touring,https://minio.kinaiauto.com/car-photos/nio/et5-touring/exterior-1778675241253.webp,,ok,,content,"NIO ET5 Touring — külső, fotó 5",Külső+9 fotó,,,,,,19
/modellek/nio/et5-touring,https://minio.kinaiauto.com/car-photos/nio/el6/hero-1778676636181.webp,,ok,,content,EL6,"NIOEL627,0 M Ft — 30,7 M Ft",,,,,,20
/modellek/nio/et5-touring,https://minio.kinaiauto.com/car-photos/nio/et5/hero-1778410749209.webp,,ok,,content,ET5,"NIOET524,5 M Ft — 28,2 M Ft",,,,,,21
/modellek/nio/et5-touring,https://minio.kinaiauto.com/car-photos/xpeng/g9/hero-1778748733825.webp,,ok,,content,G9,"XPENGG922,0 M Ft — 29,8 M Ft",,,,,,22
/modellek/nio/et5-touring,https://minio.kinaiauto.com/car-photos/byd/tang/hero-1778760549275.jpg,,ok,,content,Tang,"BYDTang25,0 M Ft — 29,5 M Ft",,,,,,23
/modellek/leapmotor/t03,https://minio.kinaiauto.com/brand-logos/baic/primary-1778559758227.webp,brand-tab-logo,ok,,logo,BAIC,BAIC4,40,18,lazy,,,0
/modellek/leapmotor/t03,https://minio.kinaiauto.com/brand-logos/byd/primary-1778557944140.svg,brand-tab-logo,ok,,logo,BYD,BYD14,40,18,lazy,,,1
/modellek/leapmotor/t03,https://minio.kinaiauto.com/brand-logos/chery/primary-1778558725869.png,brand-tab-logo,ok,,logo,Chery,Chery4,40,18,lazy,,,2
/modellek/leapmotor/t03,https://minio.kinaiauto.com/brand-logos/dongfeng/primary-1778559729586.png,brand-tab-logo,ok,,logo,Dongfeng,Dongfeng14,40,18,lazy,,,3
/modellek/leapmotor/t03,https://minio.kinaiauto.com/brand-logos/firefly/primary-1778559676598.png,brand-tab-logo,ok,,logo,Firefly,Firefly1,40,18,lazy,,,4
/modellek/leapmotor/t03,https://minio.kinaiauto.com/brand-logos/geely/primary-1778559713516.png,brand-tab-logo,ok,,logo,Geely,Geely2,40,18,lazy,,,5
/modellek/leapmotor/t03,https://minio.kinaiauto.com/brand-logos/jaecoo/primary-1778559595733.png,brand-tab-logo,ok,,logo,Jaecoo,Jaecoo4,40,18,lazy,,,6
/modellek/leapmotor/t03,https://minio.kinaiauto.com/brand-logos/leapmotor/primary-1778559701255.png,brand-tab-logo,ok,,logo,Leapmotor,Leapmotor5,40,18,lazy,,,7
/modellek/leapmotor/t03,https://minio.kinaiauto.com/brand-logos/maxus/primary-1778559794186.png,brand-tab-logo,ok,,logo,Maxus,Maxus1,40,18,lazy,,,8
/modellek/leapmotor/t03,https://minio.kinaiauto.com/brand-logos/mg/primary-1778559621942.png,brand-tab-logo,ok,,logo,MG,MG10,40,18,lazy,,,9
/modellek/leapmotor/t03,https://minio.kinaiauto.com/brand-logos/nio/primary-1778559635265.svg,brand-tab-logo,ok,,logo,NIO,NIO4,40,18,lazy,,,10
/modellek/leapmotor/t03,https://minio.kinaiauto.com/brand-logos/omoda/primary-1778559581219.png,brand-tab-logo,ok,,logo,Omoda,Omoda5,40,18,lazy,,,11
/modellek/leapmotor/t03,https://minio.kinaiauto.com/brand-logos/voyah/primary-1778559743441.png,brand-tab-logo,ok,,logo,Voyah,Voyah6,40,18,lazy,,,12
/modellek/leapmotor/t03,https://minio.kinaiauto.com/brand-logos/xpeng/primary-1778559688298.png,brand-tab-logo,ok,,logo,XPENG,XPENG4,40,18,lazy,,,13
/modellek/leapmotor/t03,https://minio.kinaiauto.com/car-photos/leapmotor/t03/hero-1778747314385.png,,ok,,content,Leapmotor T03,,,,,,,14
/modellek/leapmotor/t03,https://minio.kinaiauto.com/car-photos/leapmotor/t03/hero-1778747314385.png,,ok,,content,"Leapmotor T03 — külső fő nézet, fotó 1",Külső fő nézet,,,,,,15
/modellek/leapmotor/t03,https://minio.kinaiauto.com/car-photos/leapmotor/t03/exterior-1778747318412.png,,ok,,content,"Leapmotor T03 — külső, fotó 2",Külső,,,,,,16
/modellek/leapmotor/t03,https://minio.kinaiauto.com/car-photos/leapmotor/t03/exterior-1778747323706.png,,ok,,content,"Leapmotor T03 — külső, fotó 3",Külső,,,,,,17
/modellek/leapmotor/t03,https://minio.kinaiauto.com/car-photos/leapmotor/t03/exterior-1778747324935.png,,ok,,content,"Leapmotor T03 — külső, fotó 4",Külső,,,,,,18
/modellek/leapmotor/t03,https://minio.kinaiauto.com/car-photos/leapmotor/t03/exterior-1778747325826.png,,ok,,content,"Leapmotor T03 — külső, fotó 5",Külső+6 fotó,,,,,,19
/modellek/leapmotor/t03,https://minio.kinaiauto.com/car-photos/dongfeng/box-e1/hero-1778753030994.jpg,,ok,,content,Box ,"DongfengBox 10,5 M Ft — 10,5 M Ft",,,,,,20
/modellek/leapmotor/t03,https://minio.kinaiauto.com/car-photos/byd/dolphin-surf/hero-1778760800865.webp,,ok,,content,Dolphin Surf,"BYDDolphin Surf8,0 M Ft — 10,5 M Ft",,,,,,21
/modellek/leapmotor/t03,https://minio.kinaiauto.com/car-photos/firefly/firefly/hero-1778663957253.webp,,ok,,content,Firefly,"FireflyFirefly12,0 M Ft — 13,0 M Ft",,,,,,22
/modellek/leapmotor/t03,https://minio.kinaiauto.com/car-photos/mg/mg3-hybrid-plus/hero-1778752493763.jpg,,ok,,content,MG3 Hybrid+,"MGMG3 Hybrid+8,7 M Ft — 9,9 M Ft",,,,,,23
/modellek/omoda/omoda-9-shs-p,https://minio.kinaiauto.com/brand-logos/baic/primary-1778559758227.webp,brand-tab-logo,ok,,logo,BAIC,BAIC4,40,18,lazy,,,0
/modellek/omoda/omoda-9-shs-p,https://minio.kinaiauto.com/brand-logos/byd/primary-1778557944140.svg,brand-tab-logo,ok,,logo,BYD,BYD14,40,18,lazy,,,1
/modellek/omoda/omoda-9-shs-p,https://minio.kinaiauto.com/brand-logos/chery/primary-1778558725869.png,brand-tab-logo,ok,,logo,Chery,Chery4,40,18,lazy,,,2
/modellek/omoda/omoda-9-shs-p,https://minio.kinaiauto.com/brand-logos/dongfeng/primary-1778559729586.png,brand-tab-logo,ok,,logo,Dongfeng,Dongfeng14,40,18,lazy,,,3
/modellek/omoda/omoda-9-shs-p,https://minio.kinaiauto.com/brand-logos/firefly/primary-1778559676598.png,brand-tab-logo,ok,,logo,Firefly,Firefly1,40,18,lazy,,,4
/modellek/omoda/omoda-9-shs-p,https://minio.kinaiauto.com/brand-logos/geely/primary-1778559713516.png,brand-tab-logo,ok,,logo,Geely,Geely2,40,18,lazy,,,5
/modellek/omoda/omoda-9-shs-p,https://minio.kinaiauto.com/brand-logos/jaecoo/primary-1778559595733.png,brand-tab-logo,ok,,logo,Jaecoo,Jaecoo4,40,18,lazy,,,6
/modellek/omoda/omoda-9-shs-p,https://minio.kinaiauto.com/brand-logos/leapmotor/primary-1778559701255.png,brand-tab-logo,ok,,logo,Leapmotor,Leapmotor5,40,18,lazy,,,7
/modellek/omoda/omoda-9-shs-p,https://minio.kinaiauto.com/brand-logos/maxus/primary-1778559794186.png,brand-tab-logo,ok,,logo,Maxus,Maxus1,40,18,lazy,,,8
/modellek/omoda/omoda-9-shs-p,https://minio.kinaiauto.com/brand-logos/mg/primary-1778559621942.png,brand-tab-logo,ok,,logo,MG,MG10,40,18,lazy,,,9
/modellek/omoda/omoda-9-shs-p,https://minio.kinaiauto.com/brand-logos/nio/primary-1778559635265.svg,brand-tab-logo,ok,,logo,NIO,NIO4,40,18,lazy,,,10
/modellek/omoda/omoda-9-shs-p,https://minio.kinaiauto.com/brand-logos/omoda/primary-1778559581219.png,brand-tab-logo,ok,,logo,Omoda,Omoda5,40,18,lazy,,,11
/modellek/omoda/omoda-9-shs-p,https://minio.kinaiauto.com/brand-logos/voyah/primary-1778559743441.png,brand-tab-logo,ok,,logo,Voyah,Voyah6,40,18,lazy,,,12
/modellek/omoda/omoda-9-shs-p,https://minio.kinaiauto.com/brand-logos/xpeng/primary-1778559688298.png,brand-tab-logo,ok,,logo,XPENG,XPENG4,40,18,lazy,,,13
/modellek/omoda/omoda-9-shs-p,https://minio.kinaiauto.com/car-photos/omoda/omoda-9-shs-p/hero-1778749724323.jpg,,ok,,content,Omoda Omoda 9 SHS-P,,,,,,,14
/modellek/omoda/omoda-9-shs-p,https://minio.kinaiauto.com/car-photos/omoda/omoda-9-shs-p/hero-1778749724323.jpg,,ok,,content,"Omoda 9 SHS-P — külső fő nézet, fotó 1",Külső fő nézet,,,,,,15
/modellek/omoda/omoda-9-shs-p,https://minio.kinaiauto.com/car-photos/omoda/omoda-9-shs-p/exterior-1778749721624.png,,ok,,content,"Omoda 9 SHS-P — külső, fotó 2",Külső,,,,,,16
/modellek/omoda/omoda-9-shs-p,https://minio.kinaiauto.com/car-photos/omoda/omoda-9-shs-p/exterior-1778749725864.jpg,,ok,,content,"Omoda 9 SHS-P — külső, fotó 3",Külső,,,,,,17
/modellek/omoda/omoda-9-shs-p,https://minio.kinaiauto.com/car-photos/omoda/omoda-9-shs-p/exterior-1778749727765.jpg,,ok,,content,"Omoda 9 SHS-P — külső, fotó 4",Külső,,,,,,18
/modellek/omoda/omoda-9-shs-p,https://minio.kinaiauto.com/car-photos/omoda/omoda-9-shs-p/exterior-1778749728857.jpg,,ok,,content,"Omoda 9 SHS-P — külső, fotó 5",Külső+2 fotó,,,,,,19
/modellek/omoda/omoda-9-shs-p,https://minio.kinaiauto.com/car-photos/chery/tiggo-9/hero-1778673464632.jpg,,ok,,content,Tiggo 9,"CheryTiggo 919,5 M Ft — 20,0 M Ft",,,,,,20
/modellek/omoda/omoda-9-shs-p,https://minio.kinaiauto.com/car-photos/voyah/free-rev-318/hero-1778754529969.webp,,ok,,content,Free REV 318,"VoyahFree REV 31826,0 M Ft — 27,0 M Ft",,,,,,21
/modellek/omoda/omoda-9-shs-p,https://minio.kinaiauto.com/car-photos/dongfeng/fr_mhero917rev/exterior-1779516977084.webp,,ok,,content,MHERO 917 REV,"DongfengMHERO 917 REV71,2 M Ft — 71,2 M Ft",,,,,,22
/modellek/omoda/omoda-9-shs-p,https://minio.kinaiauto.com/car-photos/baic/baicbj60/hero-1778770212116.jpg,,ok,,content,BJ60,"BAICBJ6025,0 M Ft — 25,0 M Ft",,,,,,23
/modellek/byd/seal,https://minio.kinaiauto.com/brand-logos/baic/primary-1778559758227.webp,brand-tab-logo,ok,,logo,BAIC,BAIC4,40,18,lazy,,,0
/modellek/byd/seal,https://minio.kinaiauto.com/brand-logos/byd/primary-1778557944140.svg,brand-tab-logo,ok,,logo,BYD,BYD14,40,18,lazy,,,1
/modellek/byd/seal,https://minio.kinaiauto.com/brand-logos/chery/primary-1778558725869.png,brand-tab-logo,ok,,logo,Chery,Chery4,40,18,lazy,,,2
/modellek/byd/seal,https://minio.kinaiauto.com/brand-logos/dongfeng/primary-1778559729586.png,brand-tab-logo,ok,,logo,Dongfeng,Dongfeng14,40,18,lazy,,,3
/modellek/byd/seal,https://minio.kinaiauto.com/brand-logos/firefly/primary-1778559676598.png,brand-tab-logo,ok,,logo,Firefly,Firefly1,40,18,lazy,,,4
/modellek/byd/seal,https://minio.kinaiauto.com/brand-logos/geely/primary-1778559713516.png,brand-tab-logo,ok,,logo,Geely,Geely2,40,18,lazy,,,5
/modellek/byd/seal,https://minio.kinaiauto.com/brand-logos/jaecoo/primary-1778559595733.png,brand-tab-logo,ok,,logo,Jaecoo,Jaecoo4,40,18,lazy,,,6
/modellek/byd/seal,https://minio.kinaiauto.com/brand-logos/leapmotor/primary-1778559701255.png,brand-tab-logo,ok,,logo,Leapmotor,Leapmotor5,40,18,lazy,,,7
/modellek/byd/seal,https://minio.kinaiauto.com/brand-logos/maxus/primary-1778559794186.png,brand-tab-logo,ok,,logo,Maxus,Maxus1,40,18,lazy,,,8
/modellek/byd/seal,https://minio.kinaiauto.com/brand-logos/mg/primary-1778559621942.png,brand-tab-logo,ok,,logo,MG,MG10,40,18,lazy,,,9
/modellek/byd/seal,https://minio.kinaiauto.com/brand-logos/nio/primary-1778559635265.svg,brand-tab-logo,ok,,logo,NIO,NIO4,40,18,lazy,,,10
/modellek/byd/seal,https://minio.kinaiauto.com/brand-logos/omoda/primary-1778559581219.png,brand-tab-logo,ok,,logo,Omoda,Omoda5,40,18,lazy,,,11
/modellek/byd/seal,https://minio.kinaiauto.com/brand-logos/voyah/primary-1778559743441.png,brand-tab-logo,ok,,logo,Voyah,Voyah6,40,18,lazy,,,12
/modellek/byd/seal,https://minio.kinaiauto.com/brand-logos/xpeng/primary-1778559688298.png,brand-tab-logo,ok,,logo,XPENG,XPENG4,40,18,lazy,,,13
/modellek/byd/seal,https://minio.kinaiauto.com/car-photos/byd/seal/hero-1778762595469.jpg,,ok,,content,BYD Seal,,,,,,,14
/modellek/byd/seal,https://minio.kinaiauto.com/car-photos/byd/seal/hero-1778762595469.jpg,,ok,,content,"BYD Seal — külső fő nézet, fotó 1",Külső fő nézet,,,,,,15
/modellek/byd/seal,https://minio.kinaiauto.com/car-photos/byd/seal/exterior-1778762597683.jpg,,ok,,content,"BYD Seal — külső, fotó 2",Külső,,,,,,16
/modellek/byd/seal,https://minio.kinaiauto.com/car-photos/byd/seal/dashboard-1778762599552.jpg,,ok,,content,"BYD Seal — műszerfal, fotó 3",Műszerfal,,,,,,17
/modellek/byd/seal,https://minio.kinaiauto.com/car-photos/byd/seal/gallery-1778762594098.jpg,,ok,,content,"BYD Seal — galéria, fotó 4",Galéria,,,,,,18
/modellek/byd/seal,https://minio.kinaiauto.com/car-photos/dongfeng/dfs7/exterior-1778904211424.webp,,ok,,content,S7,"DongfengS714,3 M Ft — 14,3 M Ft",,,,,,19
/modellek/byd/seal,https://minio.kinaiauto.com/car-photos/xpeng/p7-plus/hero-1778748808178.webp,,ok,,content,P7+,"XPENGP7+18,4 M Ft — 22,5 M Ft",,,,,,20
/modellek/byd/seal,https://minio.kinaiauto.com/car-photos/nio/et5/hero-1778410749209.webp,,ok,,content,ET5,"NIOET524,5 M Ft — 28,2 M Ft",,,,,,21
/modellek/byd/seal,https://minio.kinaiauto.com/car-photos/byd/seal-6-dm-i/hero-1778762471236.webp,,ok,,content,Seal 6 DM-i,"BYDSeal 6 DM-i14,8 M Ft — 17,8 M Ft",,,,,,22
/modellek/byd/Sealion_5_DM-i,https://minio.kinaiauto.com/brand-logos/baic/primary-1778559758227.webp,brand-tab-logo,ok,,logo,BAIC,BAIC4,40,18,lazy,,,0
/modellek/byd/Sealion_5_DM-i,https://minio.kinaiauto.com/brand-logos/byd/primary-1778557944140.svg,brand-tab-logo,ok,,logo,BYD,BYD14,40,18,lazy,,,1
/modellek/byd/Sealion_5_DM-i,https://minio.kinaiauto.com/brand-logos/chery/primary-1778558725869.png,brand-tab-logo,ok,,logo,Chery,Chery4,40,18,lazy,,,2
/modellek/byd/Sealion_5_DM-i,https://minio.kinaiauto.com/brand-logos/dongfeng/primary-1778559729586.png,brand-tab-logo,ok,,logo,Dongfeng,Dongfeng14,40,18,lazy,,,3
/modellek/byd/Sealion_5_DM-i,https://minio.kinaiauto.com/brand-logos/firefly/primary-1778559676598.png,brand-tab-logo,ok,,logo,Firefly,Firefly1,40,18,lazy,,,4
/modellek/byd/Sealion_5_DM-i,https://minio.kinaiauto.com/brand-logos/geely/primary-1778559713516.png,brand-tab-logo,ok,,logo,Geely,Geely2,40,18,lazy,,,5
/modellek/byd/Sealion_5_DM-i,https://minio.kinaiauto.com/brand-logos/jaecoo/primary-1778559595733.png,brand-tab-logo,ok,,logo,Jaecoo,Jaecoo4,40,18,lazy,,,6
/modellek/byd/Sealion_5_DM-i,https://minio.kinaiauto.com/brand-logos/leapmotor/primary-1778559701255.png,brand-tab-logo,ok,,logo,Leapmotor,Leapmotor5,40,18,lazy,,,7
/modellek/byd/Sealion_5_DM-i,https://minio.kinaiauto.com/brand-logos/maxus/primary-1778559794186.png,brand-tab-logo,ok,,logo,Maxus,Maxus1,40,18,lazy,,,8
/modellek/byd/Sealion_5_DM-i,https://minio.kinaiauto.com/brand-logos/mg/primary-1778559621942.png,brand-tab-logo,ok,,logo,MG,MG10,40,18,lazy,,,9
/modellek/byd/Sealion_5_DM-i,https://minio.kinaiauto.com/brand-logos/nio/primary-1778559635265.svg,brand-tab-logo,ok,,logo,NIO,NIO4,40,18,lazy,,,10
/modellek/byd/Sealion_5_DM-i,https://minio.kinaiauto.com/brand-logos/omoda/primary-1778559581219.png,brand-tab-logo,ok,,logo,Omoda,Omoda5,40,18,lazy,,,11
/modellek/byd/Sealion_5_DM-i,https://minio.kinaiauto.com/brand-logos/voyah/primary-1778559743441.png,brand-tab-logo,ok,,logo,Voyah,Voyah6,40,18,lazy,,,12
/modellek/byd/Sealion_5_DM-i,https://minio.kinaiauto.com/brand-logos/xpeng/primary-1778559688298.png,brand-tab-logo,ok,,logo,XPENG,XPENG4,40,18,lazy,,,13
/modellek/byd/Sealion_5_DM-i,https://minio.kinaiauto.com/car-photos/byd/Sealion_5_DM-i/hero-1778760709829.webp,,ok,,content,BYD Sealion 5 DM-i,,,,,,,14
/modellek/byd/Sealion_5_DM-i,https://minio.kinaiauto.com/car-photos/byd/Sealion_5_DM-i/hero-1778760709829.webp,,ok,,content,"BYD Sealion 5 DM-i — külső fő nézet, fotó 1",Külső fő nézet,,,,,,15
/modellek/byd/Sealion_5_DM-i,https://minio.kinaiauto.com/car-photos/byd/Sealion_5_DM-i/exterior-1778760703076.webp,,ok,,content,"BYD Sealion 5 DM-i — külső, fotó 2",Külső,,,,,,16
/modellek/byd/Sealion_5_DM-i,https://minio.kinaiauto.com/car-photos/byd/Sealion_5_DM-i/exterior-1778760710855.webp,,ok,,content,"BYD Sealion 5 DM-i — külső, fotó 3",Külső,,,,,,17
/modellek/byd/Sealion_5_DM-i,https://minio.kinaiauto.com/car-photos/byd/Sealion_5_DM-i/exterior-1778760711779.webp,,ok,,content,"BYD Sealion 5 DM-i — külső, fotó 4",Külső,,,,,,18
/modellek/byd/Sealion_5_DM-i,https://minio.kinaiauto.com/car-photos/byd/Sealion_5_DM-i/exterior-1778760713130.webp,,ok,,content,"BYD Sealion 5 DM-i — külső, fotó 5",Külső+7 fotó,,,,,,19
/modellek/byd/Sealion_5_DM-i,https://minio.kinaiauto.com/car-photos/byd/atto3evo/hero-1778768095241.webp,,ok,,content,Atto 3 EVO,"BYDAtto 3 EVO14,8 M Ft — 18,5 M Ft",,,,,,20
/modellek/byd/Sealion_5_DM-i,https://minio.kinaiauto.com/car-photos/byd/atto-3/exterior-1778761729154.jpg,,ok,,content,Atto 3,"BYDAtto 312,0 M Ft — 17,0 M Ft",,,,,,21
/modellek/byd/Sealion_5_DM-i,https://minio.kinaiauto.com/car-photos/leapmotor/lmb10phev/exterior-1779515797888.png,,ok,,content,B10 PHEV,LeapmotorB10 PHEV— — —,,,,,,22
/modellek/byd/Sealion_5_DM-i,https://minio.kinaiauto.com/car-photos/dongfeng/forthing-t5-evo-hev/hero-1778753813525.jpg,,ok,,content,Forthing T5 EVO HEV,"DongfengForthing T5 EVO HEV15,8 M Ft — 15,8 M Ft",,,,,,23
/modellek/byd/atto-2-dm-i,https://minio.kinaiauto.com/brand-logos/baic/primary-1778559758227.webp,brand-tab-logo,ok,,logo,BAIC,BAIC4,40,18,lazy,,,0
/modellek/byd/atto-2-dm-i,https://minio.kinaiauto.com/brand-logos/byd/primary-1778557944140.svg,brand-tab-logo,ok,,logo,BYD,BYD14,40,18,lazy,,,1
/modellek/byd/atto-2-dm-i,https://minio.kinaiauto.com/brand-logos/chery/primary-1778558725869.png,brand-tab-logo,ok,,logo,Chery,Chery4,40,18,lazy,,,2
/modellek/byd/atto-2-dm-i,https://minio.kinaiauto.com/brand-logos/dongfeng/primary-1778559729586.png,brand-tab-logo,ok,,logo,Dongfeng,Dongfeng14,40,18,lazy,,,3
/modellek/byd/atto-2-dm-i,https://minio.kinaiauto.com/brand-logos/firefly/primary-1778559676598.png,brand-tab-logo,ok,,logo,Firefly,Firefly1,40,18,lazy,,,4
/modellek/byd/atto-2-dm-i,https://minio.kinaiauto.com/brand-logos/geely/primary-1778559713516.png,brand-tab-logo,ok,,logo,Geely,Geely2,40,18,lazy,,,5
/modellek/byd/atto-2-dm-i,https://minio.kinaiauto.com/brand-logos/jaecoo/primary-1778559595733.png,brand-tab-logo,ok,,logo,Jaecoo,Jaecoo4,40,18,lazy,,,6
/modellek/byd/atto-2-dm-i,https://minio.kinaiauto.com/brand-logos/leapmotor/primary-1778559701255.png,brand-tab-logo,ok,,logo,Leapmotor,Leapmotor5,40,18,lazy,,,7
/modellek/byd/atto-2-dm-i,https://minio.kinaiauto.com/brand-logos/maxus/primary-1778559794186.png,brand-tab-logo,ok,,logo,Maxus,Maxus1,40,18,lazy,,,8
/modellek/byd/atto-2-dm-i,https://minio.kinaiauto.com/brand-logos/mg/primary-1778559621942.png,brand-tab-logo,ok,,logo,MG,MG10,40,18,lazy,,,9
/modellek/byd/atto-2-dm-i,https://minio.kinaiauto.com/brand-logos/nio/primary-1778559635265.svg,brand-tab-logo,ok,,logo,NIO,NIO4,40,18,lazy,,,10
/modellek/byd/atto-2-dm-i,https://minio.kinaiauto.com/brand-logos/omoda/primary-1778559581219.png,brand-tab-logo,ok,,logo,Omoda,Omoda5,40,18,lazy,,,11
/modellek/byd/atto-2-dm-i,https://minio.kinaiauto.com/brand-logos/voyah/primary-1778559743441.png,brand-tab-logo,ok,,logo,Voyah,Voyah6,40,18,lazy,,,12
/modellek/byd/atto-2-dm-i,https://minio.kinaiauto.com/brand-logos/xpeng/primary-1778559688298.png,brand-tab-logo,ok,,logo,XPENG,XPENG4,40,18,lazy,,,13
/modellek/byd/atto-2-dm-i,https://minio.kinaiauto.com/car-photos/byd/atto-2-dm-i/hero-1778761142169.webp,,ok,,content,BYD Atto 2 DM-i,,,,,,,14
/modellek/byd/atto-2-dm-i,https://minio.kinaiauto.com/car-photos/byd/atto-2-dm-i/hero-1778761142169.webp,,ok,,content,"BYD Atto 2 DM-i — külső fő nézet, fotó 1",Külső fő nézet,,,,,,15
/modellek/byd/atto-2-dm-i,https://minio.kinaiauto.com/car-photos/byd/atto-2-dm-i/exterior-1778761144247.webp,,ok,,content,"BYD Atto 2 DM-i — külső, fotó 2",Külső,,,,,,16
/modellek/byd/atto-2-dm-i,https://minio.kinaiauto.com/car-photos/byd/atto-2-dm-i/exterior-1778761146383.webp,,ok,,content,"BYD Atto 2 DM-i — külső, fotó 3",Külső,,,,,,17
/modellek/byd/atto-2-dm-i,https://minio.kinaiauto.com/car-photos/byd/atto-2-dm-i/exterior-1778761147775.webp,,ok,,content,"BYD Atto 2 DM-i — külső, fotó 4",Külső,,,,,,18
/modellek/byd/atto-2-dm-i,https://minio.kinaiauto.com/car-photos/byd/atto-2-dm-i/exterior-1778761150289.webp,,ok,,content,"BYD Atto 2 DM-i — külső, fotó 5",Külső+5 fotó,,,,,,19
/modellek/byd/atto-2-dm-i,https://minio.kinaiauto.com/car-photos/byd/atto-2/hero-1778760931618.jpg,,ok,,content,Atto 2,"BYDAtto 211,5 M Ft — 14,9 M Ft",,,,,,20
/modellek/byd/atto-2-dm-i,https://minio.kinaiauto.com/car-photos/byd/seal-u-dm-i/hero-1778762075601.jpg,,ok,,content,Seal U DM-i,"BYDSeal U DM-i13,6 M Ft — 18,9 M Ft",,,,,,21
/modellek/byd/atto-2-dm-i,https://minio.kinaiauto.com/car-photos/byd/Sealion_5_DM-i/hero-1778760709829.webp,,ok,,content,Sealion 5 DM-i,"BYDSealion 5 DM-i13,2 M Ft — 14,3 M Ft",,,,,,22
/modellek/byd/atto-2-dm-i,https://minio.kinaiauto.com/car-photos/byd/seal-6-dm-i/hero-1778762471236.webp,,ok,,content,Seal 6 DM-i,"BYDSeal 6 DM-i14,8 M Ft — 17,8 M Ft",,,,,,23
/modellek/baic/baicbj60,https://minio.kinaiauto.com/brand-logos/baic/primary-1778559758227.webp,brand-tab-logo,ok,,logo,BAIC,BAIC4,40,18,lazy,,,0
/modellek/baic/baicbj60,https://minio.kinaiauto.com/brand-logos/byd/primary-1778557944140.svg,brand-tab-logo,ok,,logo,BYD,BYD14,40,18,lazy,,,1
/modellek/baic/baicbj60,https://minio.kinaiauto.com/brand-logos/chery/primary-1778558725869.png,brand-tab-logo,ok,,logo,Chery,Chery4,40,18,lazy,,,2
/modellek/baic/baicbj60,https://minio.kinaiauto.com/brand-logos/dongfeng/primary-1778559729586.png,brand-tab-logo,ok,,logo,Dongfeng,Dongfeng14,40,18,lazy,,,3
/modellek/baic/baicbj60,https://minio.kinaiauto.com/brand-logos/firefly/primary-1778559676598.png,brand-tab-logo,ok,,logo,Firefly,Firefly1,40,18,lazy,,,4
/modellek/baic/baicbj60,https://minio.kinaiauto.com/brand-logos/geely/primary-1778559713516.png,brand-tab-logo,ok,,logo,Geely,Geely2,40,18,lazy,,,5
/modellek/baic/baicbj60,https://minio.kinaiauto.com/brand-logos/jaecoo/primary-1778559595733.png,brand-tab-logo,ok,,logo,Jaecoo,Jaecoo4,40,18,lazy,,,6
/modellek/baic/baicbj60,https://minio.kinaiauto.com/brand-logos/leapmotor/primary-1778559701255.png,brand-tab-logo,ok,,logo,Leapmotor,Leapmotor5,40,18,lazy,,,7
/modellek/baic/baicbj60,https://minio.kinaiauto.com/brand-logos/maxus/primary-1778559794186.png,brand-tab-logo,ok,,logo,Maxus,Maxus1,40,18,lazy,,,8
/modellek/baic/baicbj60,https://minio.kinaiauto.com/brand-logos/mg/primary-1778559621942.png,brand-tab-logo,ok,,logo,MG,MG10,40,18,lazy,,,9
/modellek/baic/baicbj60,https://minio.kinaiauto.com/brand-logos/nio/primary-1778559635265.svg,brand-tab-logo,ok,,logo,NIO,NIO4,40,18,lazy,,,10
/modellek/baic/baicbj60,https://minio.kinaiauto.com/brand-logos/omoda/primary-1778559581219.png,brand-tab-logo,ok,,logo,Omoda,Omoda5,40,18,lazy,,,11
/modellek/baic/baicbj60,https://minio.kinaiauto.com/brand-logos/voyah/primary-1778559743441.png,brand-tab-logo,ok,,logo,Voyah,Voyah6,40,18,lazy,,,12
/modellek/baic/baicbj60,https://minio.kinaiauto.com/brand-logos/xpeng/primary-1778559688298.png,brand-tab-logo,ok,,logo,XPENG,XPENG4,40,18,lazy,,,13
/modellek/baic/baicbj60,https://minio.kinaiauto.com/car-photos/baic/baicbj60/hero-1778770212116.jpg,,ok,,content,BAIC BJ60,,,,,,,14
/modellek/baic/baicbj60,https://minio.kinaiauto.com/car-photos/baic/baicbj60/hero-1778770212116.jpg,,ok,,content,"BAIC BJ60 — külső fő nézet, fotó 1",Külső fő nézet,,,,,,15
/modellek/baic/baicbj60,https://minio.kinaiauto.com/car-photos/baic/baicbj60/exterior-1778770206935.jpg,,ok,,content,"BAIC BJ60 — külső, fotó 2",Külső,,,,,,16
/modellek/baic/baicbj60,https://minio.kinaiauto.com/car-photos/baic/baicbj60/exterior-1778770208559.jpg,,ok,,content,"BAIC BJ60 — külső, fotó 3",Külső,,,,,,17
/modellek/baic/baicbj60,https://minio.kinaiauto.com/car-photos/baic/baicbj60/exterior-1778770209890.jpg,,ok,,content,"BAIC BJ60 — külső, fotó 4",Külső,,,,,,18
/modellek/baic/baicbj60,https://minio.kinaiauto.com/car-photos/baic/baicbj60/exterior-1778770213995.png,,ok,,content,"BAIC BJ60 — külső, fotó 5",Külső+9 fotó,,,,,,19
/modellek/baic/baicbj60,https://minio.kinaiauto.com/car-photos/chery/tiggo-8/hero-1778673288559.jpg,,ok,,content,Tiggo 8,"CheryTiggo 813,9 M Ft — 16,7 M Ft",,,,,,20
/modellek/baic/baicbj60,https://minio.kinaiauto.com/car-photos/nio/el6/hero-1778676636181.webp,,ok,,content,EL6,"NIOEL627,0 M Ft — 30,7 M Ft",,,,,,21
/modellek/baic/baicbj60,https://minio.kinaiauto.com/car-photos/omoda/omoda-9-shs-p/hero-1778749724323.jpg,,ok,,content,Omoda 9 SHS-P,"OmodaOmoda 9 SHS-P22,0 M Ft — 22,0 M Ft",,,,,,22
/modellek/baic/baicbj60,https://minio.kinaiauto.com/car-photos/xpeng/g9/hero-1778748733825.webp,,ok,,content,G9,"XPENGG922,0 M Ft — 29,8 M Ft",,,,,,23
/modellek/dongfeng/dfmage,https://minio.kinaiauto.com/brand-logos/baic/primary-1778559758227.webp,brand-tab-logo,ok,,logo,BAIC,BAIC4,40,18,lazy,,,0
/modellek/dongfeng/dfmage,https://minio.kinaiauto.com/brand-logos/byd/primary-1778557944140.svg,brand-tab-logo,ok,,logo,BYD,BYD14,40,18,lazy,,,1
/modellek/dongfeng/dfmage,https://minio.kinaiauto.com/brand-logos/chery/primary-1778558725869.png,brand-tab-logo,ok,,logo,Chery,Chery4,40,18,lazy,,,2
/modellek/dongfeng/dfmage,https://minio.kinaiauto.com/brand-logos/dongfeng/primary-1778559729586.png,brand-tab-logo,ok,,logo,Dongfeng,Dongfeng14,40,18,lazy,,,3
/modellek/dongfeng/dfmage,https://minio.kinaiauto.com/brand-logos/firefly/primary-1778559676598.png,brand-tab-logo,ok,,logo,Firefly,Firefly1,40,18,lazy,,,4
/modellek/dongfeng/dfmage,https://minio.kinaiauto.com/brand-logos/geely/primary-1778559713516.png,brand-tab-logo,ok,,logo,Geely,Geely2,40,18,lazy,,,5
/modellek/dongfeng/dfmage,https://minio.kinaiauto.com/brand-logos/jaecoo/primary-1778559595733.png,brand-tab-logo,ok,,logo,Jaecoo,Jaecoo4,40,18,lazy,,,6
/modellek/dongfeng/dfmage,https://minio.kinaiauto.com/brand-logos/leapmotor/primary-1778559701255.png,brand-tab-logo,ok,,logo,Leapmotor,Leapmotor5,40,18,lazy,,,7
/modellek/dongfeng/dfmage,https://minio.kinaiauto.com/brand-logos/maxus/primary-1778559794186.png,brand-tab-logo,ok,,logo,Maxus,Maxus1,40,18,lazy,,,8
/modellek/dongfeng/dfmage,https://minio.kinaiauto.com/brand-logos/mg/primary-1778559621942.png,brand-tab-logo,ok,,logo,MG,MG10,40,18,lazy,,,9
/modellek/dongfeng/dfmage,https://minio.kinaiauto.com/brand-logos/nio/primary-1778559635265.svg,brand-tab-logo,ok,,logo,NIO,NIO4,40,18,lazy,,,10
/modellek/dongfeng/dfmage,https://minio.kinaiauto.com/brand-logos/omoda/primary-1778559581219.png,brand-tab-logo,ok,,logo,Omoda,Omoda5,40,18,lazy,,,11
/modellek/dongfeng/dfmage,https://minio.kinaiauto.com/brand-logos/voyah/primary-1778559743441.png,brand-tab-logo,ok,,logo,Voyah,Voyah6,40,18,lazy,,,12
/modellek/dongfeng/dfmage,https://minio.kinaiauto.com/brand-logos/xpeng/primary-1778559688298.png,brand-tab-logo,ok,,logo,XPENG,XPENG4,40,18,lazy,,,13
/modellek/dongfeng/dfmage,https://minio.kinaiauto.com/car-photos/dongfeng/dfmage/exterior-1778902631789.webp,,ok,,content,Dongfeng MAGE,,,,,,,14
/modellek/dongfeng/dfmage,https://minio.kinaiauto.com/car-photos/dongfeng/dfmage/exterior-1778902631789.webp,,ok,,content,"Dongfeng MAGE — külső, fotó 1",Külső,,,,,,15
/modellek/dongfeng/dfmage,https://minio.kinaiauto.com/car-photos/dongfeng/dfmage/exterior-1778902634616.webp,,ok,,content,"Dongfeng MAGE — külső fő nézet, fotó 2",Külső fő nézet,,,,,,16
/modellek/dongfeng/dfmage,https://minio.kinaiauto.com/car-photos/dongfeng/dfmage/exterior-1778902198085.webp,,ok,,content,"Dongfeng MAGE — külső, fotó 3",Külső,,,,,,17
/modellek/dongfeng/dfmage,https://minio.kinaiauto.com/car-photos/dongfeng/dfmage/exterior-1778902469154.webp,,ok,,content,"Dongfeng MAGE — külső, fotó 4",Külső,,,,,,18
/modellek/dongfeng/dfmage,https://minio.kinaiauto.com/car-photos/dongfeng/dfmage/exterior-1778902632609.webp,,ok,,content,"Dongfeng MAGE — külső, fotó 5",Külső+9 fotó,,,,,,19
/modellek/dongfeng/dfmage,https://minio.kinaiauto.com/car-photos/omoda/omoda-5/hero-1778749929827.jpg,,ok,,content,Omoda 5,"OmodaOmoda 59,5 M Ft — 12,0 M Ft",,,,,,20
/modellek/dongfeng/dfmage,https://minio.kinaiauto.com/car-photos/jaecoo/jaecoo-5/hero-1778674332842.jpg,,ok,,content,Jaecoo 5,"JaecooJaecoo 510,5 M Ft — 10,5 M Ft",,,,,,21
/modellek/dongfeng/dfmage,https://minio.kinaiauto.com/car-photos/mg/zs/hero-1778751980892.webp,,ok,,content,MG ZS,"MGMG ZS7,5 M Ft — 8,5 M Ft",,,,,,22
/modellek/dongfeng/dfmage,https://minio.kinaiauto.com/car-photos/baic/x55/hero-1778672419220.jpg,,ok,,content,X55,"BAICX5512,0 M Ft — —",,,,,,23
/modellek/voyah/voy_passion,https://minio.kinaiauto.com/brand-logos/baic/primary-1778559758227.webp,brand-tab-logo,ok,,logo,BAIC,BAIC4,40,18,lazy,,,0
/modellek/voyah/voy_passion,https://minio.kinaiauto.com/brand-logos/byd/primary-1778557944140.svg,brand-tab-logo,ok,,logo,BYD,BYD14,40,18,lazy,,,1
/modellek/voyah/voy_passion,https://minio.kinaiauto.com/brand-logos/chery/primary-1778558725869.png,brand-tab-logo,ok,,logo,Chery,Chery4,40,18,lazy,,,2
/modellek/voyah/voy_passion,https://minio.kinaiauto.com/brand-logos/dongfeng/primary-1778559729586.png,brand-tab-logo,ok,,logo,Dongfeng,Dongfeng14,40,18,lazy,,,3
/modellek/voyah/voy_passion,https://minio.kinaiauto.com/brand-logos/firefly/primary-1778559676598.png,brand-tab-logo,ok,,logo,Firefly,Firefly1,40,18,lazy,,,4
/modellek/voyah/voy_passion,https://minio.kinaiauto.com/brand-logos/geely/primary-1778559713516.png,brand-tab-logo,ok,,logo,Geely,Geely2,40,18,lazy,,,5
/modellek/voyah/voy_passion,https://minio.kinaiauto.com/brand-logos/jaecoo/primary-1778559595733.png,brand-tab-logo,ok,,logo,Jaecoo,Jaecoo4,40,18,lazy,,,6
/modellek/voyah/voy_passion,https://minio.kinaiauto.com/brand-logos/leapmotor/primary-1778559701255.png,brand-tab-logo,ok,,logo,Leapmotor,Leapmotor5,40,18,lazy,,,7
/modellek/voyah/voy_passion,https://minio.kinaiauto.com/brand-logos/maxus/primary-1778559794186.png,brand-tab-logo,ok,,logo,Maxus,Maxus1,40,18,lazy,,,8
/modellek/voyah/voy_passion,https://minio.kinaiauto.com/brand-logos/mg/primary-1778559621942.png,brand-tab-logo,ok,,logo,MG,MG10,40,18,lazy,,,9
/modellek/voyah/voy_passion,https://minio.kinaiauto.com/brand-logos/nio/primary-1778559635265.svg,brand-tab-logo,ok,,logo,NIO,NIO4,40,18,lazy,,,10
/modellek/voyah/voy_passion,https://minio.kinaiauto.com/brand-logos/omoda/primary-1778559581219.png,brand-tab-logo,ok,,logo,Omoda,Omoda5,40,18,lazy,,,11
/modellek/voyah/voy_passion,https://minio.kinaiauto.com/brand-logos/voyah/primary-1778559743441.png,brand-tab-logo,ok,,logo,Voyah,Voyah6,40,18,lazy,,,12
/modellek/voyah/voy_passion,https://minio.kinaiauto.com/brand-logos/xpeng/primary-1778559688298.png,brand-tab-logo,ok,,logo,XPENG,XPENG4,40,18,lazy,,,13
/modellek/voyah/voy_passion,https://minio.kinaiauto.com/car-photos/voyah/voy_passion/exterior-1778905479406.webp,,ok,,content,Voyah Passion PHEV,,,,,,,14
/modellek/voyah/voy_passion,https://minio.kinaiauto.com/car-photos/voyah/voy_passion/exterior-1778905479406.webp,,ok,,content,"Voyah Passion PHEV — külső, fotó 1",Külső,,,,,,15
/modellek/voyah/voy_passion,https://minio.kinaiauto.com/car-photos/voyah/voy_passion/exterior-1778905490178.webp,,ok,,content,"Voyah Passion PHEV — külső fő nézet, fotó 2",Külső fő nézet,,,,,,16
/modellek/voyah/voy_passion,https://minio.kinaiauto.com/car-photos/voyah/voy_passion/exterior-1778905475651.webp,,ok,,content,"Voyah Passion PHEV — külső, fotó 3",Külső,,,,,,17
/modellek/voyah/voy_passion,https://minio.kinaiauto.com/car-photos/voyah/voy_passion/exterior-1778905477591.webp,,ok,,content,"Voyah Passion PHEV — külső, fotó 4",Külső,,,,,,18
/modellek/voyah/voy_passion,https://minio.kinaiauto.com/car-photos/voyah/voy_passion/exterior-1778905480589.webp,,ok,,content,"Voyah Passion PHEV — külső, fotó 5",Külső+6 fotó,,,,,,19
/modellek/voyah/voy_passion,https://minio.kinaiauto.com/car-photos/byd/seal-6-dm-i/hero-1778762471236.webp,,ok,,content,Seal 6 DM-i,"BYDSeal 6 DM-i14,8 M Ft — 17,8 M Ft",,,,,,20
/modellek/voyah/voy_passion,https://minio.kinaiauto.com/car-photos/nio/et5/hero-1778410749209.webp,,ok,,content,ET5,"NIOET524,5 M Ft — 28,2 M Ft",,,,,,21
/modellek/voyah/voy_passion,https://minio.kinaiauto.com/car-photos/voyah/free-rev-318/hero-1778754529969.webp,,ok,,content,Free REV 318,"VoyahFree REV 31826,0 M Ft — 27,0 M Ft",,,,,,22
/modellek/voyah/voy_passion,https://minio.kinaiauto.com/car-photos/byd/seal/hero-1778762595469.jpg,,ok,,content,Seal,"BYDSeal16,0 M Ft — 20,0 M Ft",,,,,,23
/modellek/byd/atto3evo,https://minio.kinaiauto.com/brand-logos/baic/primary-1778559758227.webp,brand-tab-logo,ok,,logo,BAIC,BAIC4,40,18,lazy,,,0
/modellek/byd/atto3evo,https://minio.kinaiauto.com/brand-logos/byd/primary-1778557944140.svg,brand-tab-logo,ok,,logo,BYD,BYD14,40,18,lazy,,,1
/modellek/byd/atto3evo,https://minio.kinaiauto.com/brand-logos/chery/primary-1778558725869.png,brand-tab-logo,ok,,logo,Chery,Chery4,40,18,lazy,,,2
/modellek/byd/atto3evo,https://minio.kinaiauto.com/brand-logos/dongfeng/primary-1778559729586.png,brand-tab-logo,ok,,logo,Dongfeng,Dongfeng14,40,18,lazy,,,3
/modellek/byd/atto3evo,https://minio.kinaiauto.com/brand-logos/firefly/primary-1778559676598.png,brand-tab-logo,ok,,logo,Firefly,Firefly1,40,18,lazy,,,4
/modellek/byd/atto3evo,https://minio.kinaiauto.com/brand-logos/geely/primary-1778559713516.png,brand-tab-logo,ok,,logo,Geely,Geely2,40,18,lazy,,,5
/modellek/byd/atto3evo,https://minio.kinaiauto.com/brand-logos/jaecoo/primary-1778559595733.png,brand-tab-logo,ok,,logo,Jaecoo,Jaecoo4,40,18,lazy,,,6
/modellek/byd/atto3evo,https://minio.kinaiauto.com/brand-logos/leapmotor/primary-1778559701255.png,brand-tab-logo,ok,,logo,Leapmotor,Leapmotor5,40,18,lazy,,,7
/modellek/byd/atto3evo,https://minio.kinaiauto.com/brand-logos/maxus/primary-1778559794186.png,brand-tab-logo,ok,,logo,Maxus,Maxus1,40,18,lazy,,,8
/modellek/byd/atto3evo,https://minio.kinaiauto.com/brand-logos/mg/primary-1778559621942.png,brand-tab-logo,ok,,logo,MG,MG10,40,18,lazy,,,9
/modellek/byd/atto3evo,https://minio.kinaiauto.com/brand-logos/nio/primary-1778559635265.svg,brand-tab-logo,ok,,logo,NIO,NIO4,40,18,lazy,,,10
/modellek/byd/atto3evo,https://minio.kinaiauto.com/brand-logos/omoda/primary-1778559581219.png,brand-tab-logo,ok,,logo,Omoda,Omoda5,40,18,lazy,,,11
/modellek/byd/atto3evo,https://minio.kinaiauto.com/brand-logos/voyah/primary-1778559743441.png,brand-tab-logo,ok,,logo,Voyah,Voyah6,40,18,lazy,,,12
/modellek/byd/atto3evo,https://minio.kinaiauto.com/brand-logos/xpeng/primary-1778559688298.png,brand-tab-logo,ok,,logo,XPENG,XPENG4,40,18,lazy,,,13
/modellek/byd/atto3evo,https://minio.kinaiauto.com/car-photos/byd/atto3evo/hero-1778768095241.webp,,ok,,content,BYD Atto 3 EVO,,,,,,,14
/modellek/byd/atto3evo,https://minio.kinaiauto.com/car-photos/byd/atto3evo/hero-1778768095241.webp,,ok,,content,"BYD Atto 3 EVO — külső fő nézet, fotó 1",Külső fő nézet,,,,,,15
/modellek/byd/atto3evo,https://minio.kinaiauto.com/car-photos/byd/atto3evo/exterior-1778768083144.webp,,ok,,content,"BYD Atto 3 EVO — külső, fotó 2",Külső,,,,,,16
/modellek/byd/atto3evo,https://minio.kinaiauto.com/car-photos/byd/atto3evo/exterior-1778768085299.webp,,ok,,content,"BYD Atto 3 EVO — külső, fotó 3",Külső,,,,,,17
/modellek/byd/atto3evo,https://minio.kinaiauto.com/car-photos/byd/atto3evo/exterior-1778768087710.webp,,ok,,content,"BYD Atto 3 EVO — külső, fotó 4",Külső,,,,,,18
/modellek/byd/atto3evo,https://minio.kinaiauto.com/car-photos/byd/atto3evo/exterior-1778768088819.webp,,ok,,content,"BYD Atto 3 EVO — külső, fotó 5",Külső+7 fotó,,,,,,19
/modellek/byd/atto3evo,https://minio.kinaiauto.com/car-photos/byd/atto-3/exterior-1778761729154.jpg,,ok,,content,Atto 3,"BYDAtto 312,0 M Ft — 17,0 M Ft",,,,,,20
/modellek/byd/atto3evo,https://minio.kinaiauto.com/car-photos/leapmotor/b10/hero-1778747659027.png,,ok,,content,B10,"LeapmotorB1012,2 M Ft — 15,0 M Ft",,,,,,21
/modellek/byd/atto3evo,https://minio.kinaiauto.com/car-photos/mg/mgs5-ev/hero-1778750454215.jpg,,ok,,content,MGS5 EV,"MGMGS5 EV12,2 M Ft — 14,7 M Ft",,,,,,22
/modellek/byd/atto3evo,https://minio.kinaiauto.com/car-photos/jaecoo/jaecoo-5-ev/hero-1778674573749.jpg,,ok,,content,Jaecoo 5 ev,"JaecooJaecoo 5 ev15,0 M Ft — 15,5 M Ft",,,,,,23
/modellek/dongfeng/dfs7,https://minio.kinaiauto.com/brand-logos/baic/primary-1778559758227.webp,brand-tab-logo,ok,,logo,BAIC,BAIC4,40,18,lazy,,,0
/modellek/dongfeng/dfs7,https://minio.kinaiauto.com/brand-logos/byd/primary-1778557944140.svg,brand-tab-logo,ok,,logo,BYD,BYD14,40,18,lazy,,,1
/modellek/dongfeng/dfs7,https://minio.kinaiauto.com/brand-logos/chery/primary-1778558725869.png,brand-tab-logo,ok,,logo,Chery,Chery4,40,18,lazy,,,2
/modellek/dongfeng/dfs7,https://minio.kinaiauto.com/brand-logos/dongfeng/primary-1778559729586.png,brand-tab-logo,ok,,logo,Dongfeng,Dongfeng14,40,18,lazy,,,3
/modellek/dongfeng/dfs7,https://minio.kinaiauto.com/brand-logos/firefly/primary-1778559676598.png,brand-tab-logo,ok,,logo,Firefly,Firefly1,40,18,lazy,,,4
/modellek/dongfeng/dfs7,https://minio.kinaiauto.com/brand-logos/geely/primary-1778559713516.png,brand-tab-logo,ok,,logo,Geely,Geely2,40,18,lazy,,,5
/modellek/dongfeng/dfs7,https://minio.kinaiauto.com/brand-logos/jaecoo/primary-1778559595733.png,brand-tab-logo,ok,,logo,Jaecoo,Jaecoo4,40,18,lazy,,,6
/modellek/dongfeng/dfs7,https://minio.kinaiauto.com/brand-logos/leapmotor/primary-1778559701255.png,brand-tab-logo,ok,,logo,Leapmotor,Leapmotor5,40,18,lazy,,,7
/modellek/dongfeng/dfs7,https://minio.kinaiauto.com/brand-logos/maxus/primary-1778559794186.png,brand-tab-logo,ok,,logo,Maxus,Maxus1,40,18,lazy,,,8
/modellek/dongfeng/dfs7,https://minio.kinaiauto.com/brand-logos/mg/primary-1778559621942.png,brand-tab-logo,ok,,logo,MG,MG10,40,18,lazy,,,9
/modellek/dongfeng/dfs7,https://minio.kinaiauto.com/brand-logos/nio/primary-1778559635265.svg,brand-tab-logo,ok,,logo,NIO,NIO4,40,18,lazy,,,10
/modellek/dongfeng/dfs7,https://minio.kinaiauto.com/brand-logos/omoda/primary-1778559581219.png,brand-tab-logo,ok,,logo,Omoda,Omoda5,40,18,lazy,,,11
/modellek/dongfeng/dfs7,https://minio.kinaiauto.com/brand-logos/voyah/primary-1778559743441.png,brand-tab-logo,ok,,logo,Voyah,Voyah6,40,18,lazy,,,12
/modellek/dongfeng/dfs7,https://minio.kinaiauto.com/brand-logos/xpeng/primary-1778559688298.png,brand-tab-logo,ok,,logo,XPENG,XPENG4,40,18,lazy,,,13
/modellek/dongfeng/dfs7,https://minio.kinaiauto.com/car-photos/dongfeng/dfs7/exterior-1778904211424.webp,,ok,,content,Dongfeng S7,,,,,,,14
/modellek/dongfeng/dfs7,https://minio.kinaiauto.com/car-photos/dongfeng/dfs7/exterior-1778904211424.webp,,ok,,content,"Dongfeng S7 — külső fő nézet, fotó 1",Külső fő nézet,,,,,,15
/modellek/dongfeng/dfs7,https://minio.kinaiauto.com/car-photos/dongfeng/dfs7/exterior-1778904208669.webp,,ok,,content,"Dongfeng S7 — külső, fotó 2",Külső,,,,,,16
/modellek/dongfeng/dfs7,https://minio.kinaiauto.com/car-photos/dongfeng/dfs7/exterior-1778904311614.webp,,ok,,content,"Dongfeng S7 — külső, fotó 3",Külső,,,,,,17
/modellek/dongfeng/dfs7,https://minio.kinaiauto.com/car-photos/dongfeng/dfs7/exterior-1778904312947.webp,,ok,,content,"Dongfeng S7 — külső, fotó 4",Külső,,,,,,18
/modellek/dongfeng/dfs7,https://minio.kinaiauto.com/car-photos/dongfeng/dfs7/exterior-1778904314372.webp,,ok,,content,"Dongfeng S7 — külső, fotó 5",Külső+1 fotó,,,,,,19
/modellek/dongfeng/dfs7,https://minio.kinaiauto.com/car-photos/byd/seal/hero-1778762595469.jpg,,ok,,content,Seal,"BYDSeal16,0 M Ft — 20,0 M Ft",,,,,,20
/modellek/dongfeng/dfs7,https://minio.kinaiauto.com/car-photos/nio/et5/hero-1778410749209.webp,,ok,,content,ET5,"NIOET524,5 M Ft — 28,2 M Ft",,,,,,21
/modellek/dongfeng/dfs7,https://minio.kinaiauto.com/car-photos/xpeng/p7-plus/hero-1778748808178.webp,,ok,,content,P7+,"XPENGP7+18,4 M Ft — 22,5 M Ft",,,,,,22
/modellek/dongfeng/dfs7,https://minio.kinaiauto.com/car-photos/dongfeng/dfshine/exterior-1778901854075.webp,,ok,,content,Shine,"DongfengShine8,3 M Ft — 9,0 M Ft",,,,,,23
/modellek/leapmotor/b10,https://minio.kinaiauto.com/brand-logos/baic/primary-1778559758227.webp,brand-tab-logo,ok,,logo,BAIC,BAIC4,40,18,lazy,,,0
/modellek/leapmotor/b10,https://minio.kinaiauto.com/brand-logos/byd/primary-1778557944140.svg,brand-tab-logo,ok,,logo,BYD,BYD14,40,18,lazy,,,1
/modellek/leapmotor/b10,https://minio.kinaiauto.com/brand-logos/chery/primary-1778558725869.png,brand-tab-logo,ok,,logo,Chery,Chery4,40,18,lazy,,,2
/modellek/leapmotor/b10,https://minio.kinaiauto.com/brand-logos/dongfeng/primary-1778559729586.png,brand-tab-logo,ok,,logo,Dongfeng,Dongfeng14,40,18,lazy,,,3
/modellek/leapmotor/b10,https://minio.kinaiauto.com/brand-logos/firefly/primary-1778559676598.png,brand-tab-logo,ok,,logo,Firefly,Firefly1,40,18,lazy,,,4
/modellek/leapmotor/b10,https://minio.kinaiauto.com/brand-logos/geely/primary-1778559713516.png,brand-tab-logo,ok,,logo,Geely,Geely2,40,18,lazy,,,5
/modellek/leapmotor/b10,https://minio.kinaiauto.com/brand-logos/jaecoo/primary-1778559595733.png,brand-tab-logo,ok,,logo,Jaecoo,Jaecoo4,40,18,lazy,,,6
/modellek/leapmotor/b10,https://minio.kinaiauto.com/brand-logos/leapmotor/primary-1778559701255.png,brand-tab-logo,ok,,logo,Leapmotor,Leapmotor5,40,18,lazy,,,7
/modellek/leapmotor/b10,https://minio.kinaiauto.com/brand-logos/maxus/primary-1778559794186.png,brand-tab-logo,ok,,logo,Maxus,Maxus1,40,18,lazy,,,8
/modellek/leapmotor/b10,https://minio.kinaiauto.com/brand-logos/mg/primary-1778559621942.png,brand-tab-logo,ok,,logo,MG,MG10,40,18,lazy,,,9
/modellek/leapmotor/b10,https://minio.kinaiauto.com/brand-logos/nio/primary-1778559635265.svg,brand-tab-logo,ok,,logo,NIO,NIO4,40,18,lazy,,,10
/modellek/leapmotor/b10,https://minio.kinaiauto.com/brand-logos/omoda/primary-1778559581219.png,brand-tab-logo,ok,,logo,Omoda,Omoda5,40,18,lazy,,,11
/modellek/leapmotor/b10,https://minio.kinaiauto.com/brand-logos/voyah/primary-1778559743441.png,brand-tab-logo,ok,,logo,Voyah,Voyah6,40,18,lazy,,,12
/modellek/leapmotor/b10,https://minio.kinaiauto.com/brand-logos/xpeng/primary-1778559688298.png,brand-tab-logo,ok,,logo,XPENG,XPENG4,40,18,lazy,,,13
/modellek/leapmotor/b10,https://minio.kinaiauto.com/car-photos/leapmotor/b10/hero-1778747659027.png,,ok,,content,Leapmotor B10,,,,,,,14
/modellek/leapmotor/b10,https://minio.kinaiauto.com/car-photos/leapmotor/b10/hero-1778747659027.png,,ok,,content,"Leapmotor B10 — külső fő nézet, fotó 1",Külső fő nézet,,,,,,15
/modellek/leapmotor/b10,https://minio.kinaiauto.com/car-photos/leapmotor/b10/exterior-1778747649576.jpg,,ok,,content,"Leapmotor B10 — külső, fotó 2",Külső,,,,,,16
/modellek/leapmotor/b10,https://minio.kinaiauto.com/car-photos/leapmotor/b10/exterior-1778747650897.jpg,,ok,,content,"Leapmotor B10 — külső, fotó 3",Külső,,,,,,17
/modellek/leapmotor/b10,https://minio.kinaiauto.com/car-photos/leapmotor/b10/exterior-1778747652879.jpg,,ok,,content,"Leapmotor B10 — külső, fotó 4",Külső,,,,,,18
/modellek/leapmotor/b10,https://minio.kinaiauto.com/car-photos/leapmotor/b10/interior-1778747651869.jpg,,ok,,content,"Leapmotor B10 — belső, fotó 5",Belső+5 fotó,,,,,,19
/modellek/leapmotor/b10,https://minio.kinaiauto.com/car-photos/byd/atto3evo/hero-1778768095241.webp,,ok,,content,Atto 3 EVO,"BYDAtto 3 EVO14,8 M Ft — 18,5 M Ft",,,,,,20
/modellek/leapmotor/b10,https://minio.kinaiauto.com/car-photos/mg/mgs5-ev/hero-1778750454215.jpg,,ok,,content,MGS5 EV,"MGMGS5 EV12,2 M Ft — 14,7 M Ft",,,,,,21
/modellek/leapmotor/b10,https://minio.kinaiauto.com/car-photos/jaecoo/jaecoo-5-ev/hero-1778674573749.jpg,,ok,,content,Jaecoo 5 ev,"JaecooJaecoo 5 ev15,0 M Ft — 15,5 M Ft",,,,,,22
/modellek/leapmotor/b10,https://minio.kinaiauto.com/car-photos/byd/atto-3/exterior-1778761729154.jpg,,ok,,content,Atto 3,"BYDAtto 312,0 M Ft — 17,0 M Ft",,,,,,23
/modellek/omoda/omoda-5,https://minio.kinaiauto.com/brand-logos/baic/primary-1778559758227.webp,brand-tab-logo,ok,,logo,BAIC,BAIC4,40,18,lazy,,,0
/modellek/omoda/omoda-5,https://minio.kinaiauto.com/brand-logos/byd/primary-1778557944140.svg,brand-tab-logo,ok,,logo,BYD,BYD14,40,18,lazy,,,1
/modellek/omoda/omoda-5,https://minio.kinaiauto.com/brand-logos/chery/primary-1778558725869.png,brand-tab-logo,ok,,logo,Chery,Chery4,40,18,lazy,,,2
/modellek/omoda/omoda-5,https://minio.kinaiauto.com/brand-logos/dongfeng/primary-1778559729586.png,brand-tab-logo,ok,,logo,Dongfeng,Dongfeng14,40,18,lazy,,,3
/modellek/omoda/omoda-5,https://minio.kinaiauto.com/brand-logos/firefly/primary-1778559676598.png,brand-tab-logo,ok,,logo,Firefly,Firefly1,40,18,lazy,,,4
/modellek/omoda/omoda-5,https://minio.kinaiauto.com/brand-logos/geely/primary-1778559713516.png,brand-tab-logo,ok,,logo,Geely,Geely2,40,18,lazy,,,5
/modellek/omoda/omoda-5,https://minio.kinaiauto.com/brand-logos/jaecoo/primary-1778559595733.png,brand-tab-logo,ok,,logo,Jaecoo,Jaecoo4,40,18,lazy,,,6
/modellek/omoda/omoda-5,https://minio.kinaiauto.com/brand-logos/leapmotor/primary-1778559701255.png,brand-tab-logo,ok,,logo,Leapmotor,Leapmotor5,40,18,lazy,,,7
/modellek/omoda/omoda-5,https://minio.kinaiauto.com/brand-logos/maxus/primary-1778559794186.png,brand-tab-logo,ok,,logo,Maxus,Maxus1,40,18,lazy,,,8
/modellek/omoda/omoda-5,https://minio.kinaiauto.com/brand-logos/mg/primary-1778559621942.png,brand-tab-logo,ok,,logo,MG,MG10,40,18,lazy,,,9
/modellek/omoda/omoda-5,https://minio.kinaiauto.com/brand-logos/nio/primary-1778559635265.svg,brand-tab-logo,ok,,logo,NIO,NIO4,40,18,lazy,,,10
/modellek/omoda/omoda-5,https://minio.kinaiauto.com/brand-logos/omoda/primary-1778559581219.png,brand-tab-logo,ok,,logo,Omoda,Omoda5,40,18,lazy,,,11
/modellek/omoda/omoda-5,https://minio.kinaiauto.com/brand-logos/voyah/primary-1778559743441.png,brand-tab-logo,ok,,logo,Voyah,Voyah6,40,18,lazy,,,12
/modellek/omoda/omoda-5,https://minio.kinaiauto.com/brand-logos/xpeng/primary-1778559688298.png,brand-tab-logo,ok,,logo,XPENG,XPENG4,40,18,lazy,,,13
/modellek/omoda/omoda-5,https://minio.kinaiauto.com/car-photos/omoda/omoda-5/hero-1778749929827.jpg,,ok,,content,Omoda Omoda 5,,,,,,,14
/modellek/omoda/omoda-5,https://minio.kinaiauto.com/car-photos/omoda/omoda-5/hero-1778749929827.jpg,,ok,,content,"Omoda 5 — külső fő nézet, fotó 1",Külső fő nézet,,,,,,15
/modellek/omoda/omoda-5,https://minio.kinaiauto.com/car-photos/omoda/omoda-5/exterior-1778749922140.png,,ok,,content,"Omoda 5 — külső, fotó 2",Külső,,,,,,16
/modellek/omoda/omoda-5,https://minio.kinaiauto.com/car-photos/omoda/omoda-5/exterior-1778749923621.jpg,,ok,,content,"Omoda 5 — külső, fotó 3",Külső,,,,,,17
/modellek/omoda/omoda-5,https://minio.kinaiauto.com/car-photos/omoda/omoda-5/exterior-1778749926547.jpg,,ok,,content,"Omoda 5 — külső, fotó 4",Külső,,,,,,18
/modellek/omoda/omoda-5,https://minio.kinaiauto.com/car-photos/omoda/omoda-5/exterior-1778749935012.jpg,,ok,,content,"Omoda 5 — külső, fotó 5",Külső+6 fotó,,,,,,19
/modellek/omoda/omoda-5,https://minio.kinaiauto.com/car-photos/dongfeng/dfmage/exterior-1778902631789.webp,,ok,,content,MAGE,"DongfengMAGE9,4 M Ft — 9,4 M Ft",,,,,,20
/modellek/omoda/omoda-5,https://minio.kinaiauto.com/car-photos/jaecoo/jaecoo-5/hero-1778674332842.jpg,,ok,,content,Jaecoo 5,"JaecooJaecoo 510,5 M Ft — 10,5 M Ft",,,,,,21
/modellek/omoda/omoda-5,https://minio.kinaiauto.com/car-photos/mg/zs/hero-1778751980892.webp,,ok,,content,MG ZS,"MGMG ZS7,5 M Ft — 8,5 M Ft",,,,,,22
/modellek/omoda/omoda-5,https://minio.kinaiauto.com/car-photos/baic/x55/hero-1778672419220.jpg,,ok,,content,X55,"BAICX5512,0 M Ft — —",,,,,,23
/modellek/xpeng/xpengg9,https://minio.kinaiauto.com/brand-logos/baic/primary-1778559758227.webp,brand-tab-logo,ok,,logo,BAIC,BAIC4,40,18,lazy,,,0
/modellek/xpeng/xpengg9,https://minio.kinaiauto.com/brand-logos/byd/primary-1778557944140.svg,brand-tab-logo,ok,,logo,BYD,BYD14,40,18,lazy,,,1
/modellek/xpeng/xpengg9,https://minio.kinaiauto.com/brand-logos/chery/primary-1778558725869.png,brand-tab-logo,ok,,logo,Chery,Chery4,40,18,lazy,,,2
/modellek/xpeng/xpengg9,https://minio.kinaiauto.com/brand-logos/dongfeng/primary-1778559729586.png,brand-tab-logo,ok,,logo,Dongfeng,Dongfeng14,40,18,lazy,,,3
/modellek/xpeng/xpengg9,https://minio.kinaiauto.com/brand-logos/firefly/primary-1778559676598.png,brand-tab-logo,ok,,logo,Firefly,Firefly1,40,18,lazy,,,4
/modellek/xpeng/xpengg9,https://minio.kinaiauto.com/brand-logos/geely/primary-1778559713516.png,brand-tab-logo,ok,,logo,Geely,Geely2,40,18,lazy,,,5
/modellek/xpeng/xpengg9,https://minio.kinaiauto.com/brand-logos/jaecoo/primary-1778559595733.png,brand-tab-logo,ok,,logo,Jaecoo,Jaecoo4,40,18,lazy,,,6
/modellek/xpeng/xpengg9,https://minio.kinaiauto.com/brand-logos/leapmotor/primary-1778559701255.png,brand-tab-logo,ok,,logo,Leapmotor,Leapmotor5,40,18,lazy,,,7
/modellek/xpeng/xpengg9,https://minio.kinaiauto.com/brand-logos/maxus/primary-1778559794186.png,brand-tab-logo,ok,,logo,Maxus,Maxus1,40,18,lazy,,,8
/modellek/xpeng/xpengg9,https://minio.kinaiauto.com/brand-logos/mg/primary-1778559621942.png,brand-tab-logo,ok,,logo,MG,MG10,40,18,lazy,,,9
/modellek/xpeng/xpengg9,https://minio.kinaiauto.com/brand-logos/nio/primary-1778559635265.svg,brand-tab-logo,ok,,logo,NIO,NIO4,40,18,lazy,,,10
/modellek/xpeng/xpengg9,https://minio.kinaiauto.com/brand-logos/omoda/primary-1778559581219.png,brand-tab-logo,ok,,logo,Omoda,Omoda5,40,18,lazy,,,11
/modellek/xpeng/xpengg9,https://minio.kinaiauto.com/brand-logos/voyah/primary-1778559743441.png,brand-tab-logo,ok,,logo,Voyah,Voyah6,40,18,lazy,,,12
/modellek/xpeng/xpengg9,https://minio.kinaiauto.com/brand-logos/xpeng/primary-1778559688298.png,brand-tab-logo,ok,,logo,XPENG,XPENG4,40,18,lazy,,,13
/modellek/xpeng/xpengg9,https://minio.kinaiauto.com/car-photos/xpeng/xpengg9/exterior-1779434734166.webp,,ok,,content,XPENG X9,,,,,,,14
/modellek/xpeng/xpengg9,https://minio.kinaiauto.com/car-photos/xpeng/xpengg9/exterior-1779434734166.webp,,ok,,content,"XPENG X9 — külső, fotó 1",Külső,,,,,,15
/modellek/xpeng/xpengg9,https://minio.kinaiauto.com/car-photos/xpeng/xpengg9/exterior-1779434738606.webp,,ok,,content,"XPENG X9 — külső fő nézet, fotó 2",Külső fő nézet,,,,,,16
/modellek/xpeng/xpengg9,https://minio.kinaiauto.com/car-photos/xpeng/xpengg9/exterior-1779434736314.webp,,ok,,content,"XPENG X9 — külső, fotó 3",Külső,,,,,,17
/modellek/xpeng/xpengg9,https://minio.kinaiauto.com/car-photos/xpeng/xpengg9/exterior-1779434737235.webp,,ok,,content,"XPENG X9 — külső, fotó 4",Külső,,,,,,18
/modellek/xpeng/xpengg9,https://minio.kinaiauto.com/car-photos/xpeng/xpengg9/exterior-1779434747144.webp,,ok,,content,"XPENG X9 — külső, fotó 5",Külső+9 fotó,,,,,,19
/modellek/xpeng/xpengg9,https://minio.kinaiauto.com/car-photos/voyah/voy_dreambev/exterior-1779516444606.webp,,ok,,content,DREAM BEV,"VoyahDREAM BEV44,2 M Ft — 44,2 M Ft",,,,,,20
/modellek/xpeng/xpengg9,https://minio.kinaiauto.com/car-photos/nio/el6/hero-1778676636181.webp,,ok,,content,EL6,"NIOEL627,0 M Ft — 30,7 M Ft",,,,,,21
/modellek/xpeng/xpengg9,https://minio.kinaiauto.com/car-photos/xpeng/g6/hero-1778748656169.webp,,ok,,content,G6,"XPENGG618,0 M Ft — 22,1 M Ft",,,,,,22
/modellek/xpeng/xpengg9,https://minio.kinaiauto.com/car-photos/voyah/dream-phev/exterior-1778754280927.webp,,ok,,content,Dream PHEV,"VoyahDream PHEV41,0 M Ft — —",,,,,,23
/modellek/voyah/voy_dreambev,https://minio.kinaiauto.com/brand-logos/baic/primary-1778559758227.webp,brand-tab-logo,ok,,logo,BAIC,BAIC4,40,18,lazy,,,0
/modellek/voyah/voy_dreambev,https://minio.kinaiauto.com/brand-logos/byd/primary-1778557944140.svg,brand-tab-logo,ok,,logo,BYD,BYD14,40,18,lazy,,,1
/modellek/voyah/voy_dreambev,https://minio.kinaiauto.com/brand-logos/chery/primary-1778558725869.png,brand-tab-logo,ok,,logo,Chery,Chery4,40,18,lazy,,,2
/modellek/voyah/voy_dreambev,https://minio.kinaiauto.com/brand-logos/dongfeng/primary-1778559729586.png,brand-tab-logo,ok,,logo,Dongfeng,Dongfeng14,40,18,lazy,,,3
/modellek/voyah/voy_dreambev,https://minio.kinaiauto.com/brand-logos/firefly/primary-1778559676598.png,brand-tab-logo,ok,,logo,Firefly,Firefly1,40,18,lazy,,,4
/modellek/voyah/voy_dreambev,https://minio.kinaiauto.com/brand-logos/geely/primary-1778559713516.png,brand-tab-logo,ok,,logo,Geely,Geely2,40,18,lazy,,,5
/modellek/voyah/voy_dreambev,https://minio.kinaiauto.com/brand-logos/jaecoo/primary-1778559595733.png,brand-tab-logo,ok,,logo,Jaecoo,Jaecoo4,40,18,lazy,,,6
/modellek/voyah/voy_dreambev,https://minio.kinaiauto.com/brand-logos/leapmotor/primary-1778559701255.png,brand-tab-logo,ok,,logo,Leapmotor,Leapmotor5,40,18,lazy,,,7
/modellek/voyah/voy_dreambev,https://minio.kinaiauto.com/brand-logos/maxus/primary-1778559794186.png,brand-tab-logo,ok,,logo,Maxus,Maxus1,40,18,lazy,,,8
/modellek/voyah/voy_dreambev,https://minio.kinaiauto.com/brand-logos/mg/primary-1778559621942.png,brand-tab-logo,ok,,logo,MG,MG10,40,18,lazy,,,9
/modellek/voyah/voy_dreambev,https://minio.kinaiauto.com/brand-logos/nio/primary-1778559635265.svg,brand-tab-logo,ok,,logo,NIO,NIO4,40,18,lazy,,,10
/modellek/voyah/voy_dreambev,https://minio.kinaiauto.com/brand-logos/omoda/primary-1778559581219.png,brand-tab-logo,ok,,logo,Omoda,Omoda5,40,18,lazy,,,11
/modellek/voyah/voy_dreambev,https://minio.kinaiauto.com/brand-logos/voyah/primary-1778559743441.png,brand-tab-logo,ok,,logo,Voyah,Voyah6,40,18,lazy,,,12
/modellek/voyah/voy_dreambev,https://minio.kinaiauto.com/brand-logos/xpeng/primary-1778559688298.png,brand-tab-logo,ok,,logo,XPENG,XPENG4,40,18,lazy,,,13
/modellek/voyah/voy_dreambev,https://minio.kinaiauto.com/car-photos/voyah/voy_dreambev/exterior-1779516444606.webp,,ok,,content,Voyah DREAM BEV,,,,,,,14
/modellek/voyah/voy_dreambev,https://minio.kinaiauto.com/car-photos/voyah/voy_dreambev/exterior-1779516444606.webp,,ok,,content,"Voyah DREAM BEV — külső, fotó 1",Külső,,,,,,15
/modellek/voyah/voy_dreambev,https://minio.kinaiauto.com/car-photos/voyah/voy_dreambev/exterior-1779516434905.webp,,ok,,content,"Voyah DREAM BEV — külső fő nézet, fotó 2",Külső fő nézet,,,,,,16
/modellek/voyah/voy_dreambev,https://minio.kinaiauto.com/car-photos/voyah/voy_dreambev/exterior-1779516440906.webp,,ok,,content,"Voyah DREAM BEV — külső, fotó 3",Külső,,,,,,17
/modellek/voyah/voy_dreambev,https://minio.kinaiauto.com/car-photos/voyah/voy_dreambev/exterior-1779516442009.webp,,ok,,content,"Voyah DREAM BEV — külső, fotó 4",Külső,,,,,,18
/modellek/voyah/voy_dreambev,https://minio.kinaiauto.com/car-photos/voyah/voy_dreambev/exterior-1779516443299.webp,,ok,,content,"Voyah DREAM BEV — külső, fotó 5",Külső+11 fotó,,,,,,19
/modellek/voyah/voy_dreambev,https://minio.kinaiauto.com/car-photos/xpeng/xpengg9/exterior-1779434734166.webp,,ok,,content,X9,"XPENGX930,0 M Ft — 35,9 M Ft",,,,,,20
/modellek/voyah/voy_dreambev,https://minio.kinaiauto.com/car-photos/voyah/dream-phev/exterior-1778754280927.webp,,ok,,content,Dream PHEV,"VoyahDream PHEV41,0 M Ft — —",,,,,,21
/modellek/voyah/voy_dreambev,https://minio.kinaiauto.com/car-photos/dongfeng/forthing-u-tour-hev/hero-1778753991828.jpg,,ok,,content,Forthing U-Tour HEV,"DongfengForthing U-Tour HEV16,9 M Ft — 16,9 M Ft",,,,,,22
/modellek/voyah/voy_dreambev,https://minio.kinaiauto.com/car-photos/dongfeng/dfutourv9phev/exterior-1778903555683.webp,,ok,,content,U Tour V9 PHEV,"DongfengU Tour V9 PHEV19,0 M Ft — 19,0 M Ft",,,,,,23
/modellek/xpeng/g6,https://minio.kinaiauto.com/brand-logos/baic/primary-1778559758227.webp,brand-tab-logo,ok,,logo,BAIC,BAIC4,40,18,lazy,,,0
/modellek/xpeng/g6,https://minio.kinaiauto.com/brand-logos/byd/primary-1778557944140.svg,brand-tab-logo,ok,,logo,BYD,BYD14,40,18,lazy,,,1
/modellek/xpeng/g6,https://minio.kinaiauto.com/brand-logos/chery/primary-1778558725869.png,brand-tab-logo,ok,,logo,Chery,Chery4,40,18,lazy,,,2
/modellek/xpeng/g6,https://minio.kinaiauto.com/brand-logos/dongfeng/primary-1778559729586.png,brand-tab-logo,ok,,logo,Dongfeng,Dongfeng14,40,18,lazy,,,3
/modellek/xpeng/g6,https://minio.kinaiauto.com/brand-logos/firefly/primary-1778559676598.png,brand-tab-logo,ok,,logo,Firefly,Firefly1,40,18,lazy,,,4
/modellek/xpeng/g6,https://minio.kinaiauto.com/brand-logos/geely/primary-1778559713516.png,brand-tab-logo,ok,,logo,Geely,Geely2,40,18,lazy,,,5
/modellek/xpeng/g6,https://minio.kinaiauto.com/brand-logos/jaecoo/primary-1778559595733.png,brand-tab-logo,ok,,logo,Jaecoo,Jaecoo4,40,18,lazy,,,6
/modellek/xpeng/g6,https://minio.kinaiauto.com/brand-logos/leapmotor/primary-1778559701255.png,brand-tab-logo,ok,,logo,Leapmotor,Leapmotor5,40,18,lazy,,,7
/modellek/xpeng/g6,https://minio.kinaiauto.com/brand-logos/maxus/primary-1778559794186.png,brand-tab-logo,ok,,logo,Maxus,Maxus1,40,18,lazy,,,8
/modellek/xpeng/g6,https://minio.kinaiauto.com/brand-logos/mg/primary-1778559621942.png,brand-tab-logo,ok,,logo,MG,MG10,40,18,lazy,,,9
/modellek/xpeng/g6,https://minio.kinaiauto.com/brand-logos/nio/primary-1778559635265.svg,brand-tab-logo,ok,,logo,NIO,NIO4,40,18,lazy,,,10
/modellek/xpeng/g6,https://minio.kinaiauto.com/brand-logos/omoda/primary-1778559581219.png,brand-tab-logo,ok,,logo,Omoda,Omoda5,40,18,lazy,,,11
/modellek/xpeng/g6,https://minio.kinaiauto.com/brand-logos/voyah/primary-1778559743441.png,brand-tab-logo,ok,,logo,Voyah,Voyah6,40,18,lazy,,,12
/modellek/xpeng/g6,https://minio.kinaiauto.com/brand-logos/xpeng/primary-1778559688298.png,brand-tab-logo,ok,,logo,XPENG,XPENG4,40,18,lazy,,,13
/modellek/xpeng/g6,https://minio.kinaiauto.com/car-photos/xpeng/g6/hero-1778748656169.webp,,ok,,content,XPENG G6,,,,,,,14
/modellek/xpeng/g6,https://minio.kinaiauto.com/car-photos/xpeng/g6/hero-1778748656169.webp,,ok,,content,"XPENG G6 — külső fő nézet, fotó 1",Külső fő nézet,,,,,,15
/modellek/xpeng/g6,https://minio.kinaiauto.com/car-photos/xpeng/g6/exterior-1778748655150.webp,,ok,,content,"XPENG G6 — külső, fotó 2",Külső,,,,,,16
/modellek/xpeng/g6,https://minio.kinaiauto.com/car-photos/xpeng/g6/exterior-1778748659009.webp,,ok,,content,"XPENG G6 — külső, fotó 3",Külső,,,,,,17
/modellek/xpeng/g6,https://minio.kinaiauto.com/car-photos/xpeng/g6/exterior-1778748660042.webp,,ok,,content,"XPENG G6 — külső, fotó 4",Külső,,,,,,18
/modellek/xpeng/g6,https://minio.kinaiauto.com/car-photos/xpeng/g6/exterior-1778748661001.webp,,ok,,content,"XPENG G6 — külső, fotó 5",Külső+4 fotó,,,,,,19
/modellek/xpeng/g6,https://minio.kinaiauto.com/car-photos/byd/sealion-7/exterior-1778761892342.jpg,,ok,,content,Sealion 7,"BYDSealion 719,0 M Ft — 22,0 M Ft",,,,,,20
/modellek/xpeng/g6,https://minio.kinaiauto.com/car-photos/byd/seal-u/hero-1778761549471.png,,ok,,content,Seal U,"BYDSeal U17,0 M Ft — 19,0 M Ft",,,,,,21
/modellek/xpeng/g6,https://minio.kinaiauto.com/car-photos/geely/e5/hero-1778670334544.jpg,,ok,,content,E5,"GeelyE515,0 M Ft — 16,6 M Ft",,,,,,22
/modellek/xpeng/g6,https://minio.kinaiauto.com/car-photos/leapmotor/c10/hero-1778747736499.png,,ok,,content,C10,"LeapmotorC1015,0 M Ft — 17,9 M Ft",,,,,,23
/modellek/mg/mg4-electric,https://minio.kinaiauto.com/brand-logos/baic/primary-1778559758227.webp,brand-tab-logo,ok,,logo,BAIC,BAIC4,40,18,lazy,,,0
/modellek/mg/mg4-electric,https://minio.kinaiauto.com/brand-logos/byd/primary-1778557944140.svg,brand-tab-logo,ok,,logo,BYD,BYD14,40,18,lazy,,,1
/modellek/mg/mg4-electric,https://minio.kinaiauto.com/brand-logos/chery/primary-1778558725869.png,brand-tab-logo,ok,,logo,Chery,Chery4,40,18,lazy,,,2
/modellek/mg/mg4-electric,https://minio.kinaiauto.com/brand-logos/dongfeng/primary-1778559729586.png,brand-tab-logo,ok,,logo,Dongfeng,Dongfeng14,40,18,lazy,,,3
/modellek/mg/mg4-electric,https://minio.kinaiauto.com/brand-logos/firefly/primary-1778559676598.png,brand-tab-logo,ok,,logo,Firefly,Firefly1,40,18,lazy,,,4
/modellek/mg/mg4-electric,https://minio.kinaiauto.com/brand-logos/geely/primary-1778559713516.png,brand-tab-logo,ok,,logo,Geely,Geely2,40,18,lazy,,,5
/modellek/mg/mg4-electric,https://minio.kinaiauto.com/brand-logos/jaecoo/primary-1778559595733.png,brand-tab-logo,ok,,logo,Jaecoo,Jaecoo4,40,18,lazy,,,6
/modellek/mg/mg4-electric,https://minio.kinaiauto.com/brand-logos/leapmotor/primary-1778559701255.png,brand-tab-logo,ok,,logo,Leapmotor,Leapmotor5,40,18,lazy,,,7
/modellek/mg/mg4-electric,https://minio.kinaiauto.com/brand-logos/maxus/primary-1778559794186.png,brand-tab-logo,ok,,logo,Maxus,Maxus1,40,18,lazy,,,8
/modellek/mg/mg4-electric,https://minio.kinaiauto.com/brand-logos/mg/primary-1778559621942.png,brand-tab-logo,ok,,logo,MG,MG10,40,18,lazy,,,9
/modellek/mg/mg4-electric,https://minio.kinaiauto.com/brand-logos/nio/primary-1778559635265.svg,brand-tab-logo,ok,,logo,NIO,NIO4,40,18,lazy,,,10
/modellek/mg/mg4-electric,https://minio.kinaiauto.com/brand-logos/omoda/primary-1778559581219.png,brand-tab-logo,ok,,logo,Omoda,Omoda5,40,18,lazy,,,11
/modellek/mg/mg4-electric,https://minio.kinaiauto.com/brand-logos/voyah/primary-1778559743441.png,brand-tab-logo,ok,,logo,Voyah,Voyah6,40,18,lazy,,,12
/modellek/mg/mg4-electric,https://minio.kinaiauto.com/brand-logos/xpeng/primary-1778559688298.png,brand-tab-logo,ok,,logo,XPENG,XPENG4,40,18,lazy,,,13
/modellek/mg/mg4-electric,https://minio.kinaiauto.com/car-photos/mg/mg4-electric/exterior-1778751369206.jpg,,ok,,content,MG MG4 Electric,,,,,,,14
/modellek/mg/mg4-electric,https://minio.kinaiauto.com/car-photos/mg/mg4-electric/exterior-1778751369206.jpg,,ok,,content,"MG4 Electric — külső, fotó 1",Külső,,,,,,15
/modellek/mg/mg4-electric,https://minio.kinaiauto.com/car-photos/mg/mg4-electric/exterior-1778751371207.jpg,,ok,,content,"MG4 Electric — külső, fotó 2",Külső,,,,,,16
/modellek/mg/mg4-electric,https://minio.kinaiauto.com/car-photos/mg/mg4-electric/exterior-1778751372514.jpg,,ok,,content,"MG4 Electric — külső, fotó 3",Külső,,,,,,17
/modellek/mg/mg4-electric,https://minio.kinaiauto.com/car-photos/mg/mg4-electric/exterior-1778751373704.jpg,,ok,,content,"MG4 Electric — külső, fotó 4",Külső,,,,,,18
/modellek/mg/mg4-electric,https://minio.kinaiauto.com/car-photos/mg/mg4-electric/exterior-1778751375053.jpg,,ok,,content,"MG4 Electric — külső, fotó 5",Külső+1 fotó,,,,,,19
/modellek/mg/mg4-electric,https://minio.kinaiauto.com/car-photos/byd/dolphin/hero-1778761407392.jpg,,ok,,content,Dolphin,"BYDDolphin13,0 M Ft — 15,2 M Ft",,,,,,20
/modellek/mg/mg4-electric,https://minio.kinaiauto.com/car-photos/mg/mgs5-ev/hero-1778750454215.jpg,,ok,,content,MGS5 EV,"MGMGS5 EV12,2 M Ft — 14,7 M Ft",,,,,,21
/modellek/mg/mg4-electric,https://minio.kinaiauto.com/car-photos/leapmotor/t03/hero-1778747314385.png,,ok,,content,T03,"LeapmotorT037,8 M Ft — 7,8 M Ft",,,,,,22
/modellek/mg/mg4-electric,https://minio.kinaiauto.com/car-photos/byd/atto3evo/hero-1778768095241.webp,,ok,,content,Atto 3 EVO,"BYDAtto 3 EVO14,8 M Ft — 18,5 M Ft",,,,,,23
/modellek/mg/mgs5-ev,https://minio.kinaiauto.com/brand-logos/baic/primary-1778559758227.webp,brand-tab-logo,ok,,logo,BAIC,BAIC4,40,18,lazy,,,0
/modellek/mg/mgs5-ev,https://minio.kinaiauto.com/brand-logos/byd/primary-1778557944140.svg,brand-tab-logo,ok,,logo,BYD,BYD14,40,18,lazy,,,1
/modellek/mg/mgs5-ev,https://minio.kinaiauto.com/brand-logos/chery/primary-1778558725869.png,brand-tab-logo,ok,,logo,Chery,Chery4,40,18,lazy,,,2
/modellek/mg/mgs5-ev,https://minio.kinaiauto.com/brand-logos/dongfeng/primary-1778559729586.png,brand-tab-logo,ok,,logo,Dongfeng,Dongfeng14,40,18,lazy,,,3
/modellek/mg/mgs5-ev,https://minio.kinaiauto.com/brand-logos/firefly/primary-1778559676598.png,brand-tab-logo,ok,,logo,Firefly,Firefly1,40,18,lazy,,,4
/modellek/mg/mgs5-ev,https://minio.kinaiauto.com/brand-logos/geely/primary-1778559713516.png,brand-tab-logo,ok,,logo,Geely,Geely2,40,18,lazy,,,5
/modellek/mg/mgs5-ev,https://minio.kinaiauto.com/brand-logos/jaecoo/primary-1778559595733.png,brand-tab-logo,ok,,logo,Jaecoo,Jaecoo4,40,18,lazy,,,6
/modellek/mg/mgs5-ev,https://minio.kinaiauto.com/brand-logos/leapmotor/primary-1778559701255.png,brand-tab-logo,ok,,logo,Leapmotor,Leapmotor5,40,18,lazy,,,7
/modellek/mg/mgs5-ev,https://minio.kinaiauto.com/brand-logos/maxus/primary-1778559794186.png,brand-tab-logo,ok,,logo,Maxus,Maxus1,40,18,lazy,,,8
/modellek/mg/mgs5-ev,https://minio.kinaiauto.com/brand-logos/mg/primary-1778559621942.png,brand-tab-logo,ok,,logo,MG,MG10,40,18,lazy,,,9
/modellek/mg/mgs5-ev,https://minio.kinaiauto.com/brand-logos/nio/primary-1778559635265.svg,brand-tab-logo,ok,,logo,NIO,NIO4,40,18,lazy,,,10
/modellek/mg/mgs5-ev,https://minio.kinaiauto.com/brand-logos/omoda/primary-1778559581219.png,brand-tab-logo,ok,,logo,Omoda,Omoda5,40,18,lazy,,,11
/modellek/mg/mgs5-ev,https://minio.kinaiauto.com/brand-logos/voyah/primary-1778559743441.png,brand-tab-logo,ok,,logo,Voyah,Voyah6,40,18,lazy,,,12
/modellek/mg/mgs5-ev,https://minio.kinaiauto.com/brand-logos/xpeng/primary-1778559688298.png,brand-tab-logo,ok,,logo,XPENG,XPENG4,40,18,lazy,,,13
/modellek/mg/mgs5-ev,https://minio.kinaiauto.com/car-photos/mg/mgs5-ev/hero-1778750454215.jpg,,ok,,content,MG MGS5 EV,,,,,,,14
/modellek/mg/mgs5-ev,https://minio.kinaiauto.com/car-photos/mg/mgs5-ev/hero-1778750454215.jpg,,ok,,content,"MGS5 EV — külső fő nézet, fotó 1",Külső fő nézet,,,,,,15
/modellek/mg/mgs5-ev,https://minio.kinaiauto.com/car-photos/mg/mgs5-ev/exterior-1778750455455.webp,,ok,,content,"MGS5 EV — külső, fotó 2",Külső,,,,,,16
/modellek/mg/mgs5-ev,https://minio.kinaiauto.com/car-photos/mg/mgs5-ev/exterior-1778750471110.jpg,,ok,,content,"MGS5 EV — külső, fotó 3",Külső,,,,,,17
/modellek/mg/mgs5-ev,https://minio.kinaiauto.com/car-photos/mg/mgs5-ev/exterior-1778750475209.jpg,,ok,,content,"MGS5 EV — külső, fotó 4",Külső,,,,,,18
/modellek/mg/mgs5-ev,https://minio.kinaiauto.com/car-photos/mg/mgs5-ev/exterior-1778750472652.jpg,,ok,,content,"MGS5 EV — külső, fotó 5",Külső+12 fotó,,,,,,19
/modellek/mg/mgs5-ev,https://minio.kinaiauto.com/car-photos/byd/atto3evo/hero-1778768095241.webp,,ok,,content,Atto 3 EVO,"BYDAtto 3 EVO14,8 M Ft — 18,5 M Ft",,,,,,20
/modellek/mg/mgs5-ev,https://minio.kinaiauto.com/car-photos/leapmotor/b10/hero-1778747659027.png,,ok,,content,B10,"LeapmotorB1012,2 M Ft — 15,0 M Ft",,,,,,21
/modellek/mg/mgs5-ev,https://minio.kinaiauto.com/car-photos/jaecoo/jaecoo-5-ev/hero-1778674573749.jpg,,ok,,content,Jaecoo 5 ev,"JaecooJaecoo 5 ev15,0 M Ft — 15,5 M Ft",,,,,,22
/modellek/mg/mgs5-ev,https://minio.kinaiauto.com/car-photos/byd/atto-3/exterior-1778761729154.jpg,,ok,,content,Atto 3,"BYDAtto 312,0 M Ft — 17,0 M Ft",,,,,,23
/modellek/mg/mg-hs-hybrid-plus,https://minio.kinaiauto.com/brand-logos/baic/primary-1778559758227.webp,brand-tab-logo,ok,,logo,BAIC,BAIC4,40,18,lazy,,,0
/modellek/mg/mg-hs-hybrid-plus,https://minio.kinaiauto.com/brand-logos/byd/primary-1778557944140.svg,brand-tab-logo,ok,,logo,BYD,BYD14,40,18,lazy,,,1
/modellek/mg/mg-hs-hybrid-plus,https://minio.kinaiauto.com/brand-logos/chery/primary-1778558725869.png,brand-tab-logo,ok,,logo,Chery,Chery4,40,18,lazy,,,2
/modellek/mg/mg-hs-hybrid-plus,https://minio.kinaiauto.com/brand-logos/dongfeng/primary-1778559729586.png,brand-tab-logo,ok,,logo,Dongfeng,Dongfeng14,40,18,lazy,,,3
/modellek/mg/mg-hs-hybrid-plus,https://minio.kinaiauto.com/brand-logos/firefly/primary-1778559676598.png,brand-tab-logo,ok,,logo,Firefly,Firefly1,40,18,lazy,,,4
/modellek/mg/mg-hs-hybrid-plus,https://minio.kinaiauto.com/brand-logos/geely/primary-1778559713516.png,brand-tab-logo,ok,,logo,Geely,Geely2,40,18,lazy,,,5
/modellek/mg/mg-hs-hybrid-plus,https://minio.kinaiauto.com/brand-logos/jaecoo/primary-1778559595733.png,brand-tab-logo,ok,,logo,Jaecoo,Jaecoo4,40,18,lazy,,,6
/modellek/mg/mg-hs-hybrid-plus,https://minio.kinaiauto.com/brand-logos/leapmotor/primary-1778559701255.png,brand-tab-logo,ok,,logo,Leapmotor,Leapmotor5,40,18,lazy,,,7
/modellek/mg/mg-hs-hybrid-plus,https://minio.kinaiauto.com/brand-logos/maxus/primary-1778559794186.png,brand-tab-logo,ok,,logo,Maxus,Maxus1,40,18,lazy,,,8
/modellek/mg/mg-hs-hybrid-plus,https://minio.kinaiauto.com/brand-logos/mg/primary-1778559621942.png,brand-tab-logo,ok,,logo,MG,MG10,40,18,lazy,,,9
/modellek/mg/mg-hs-hybrid-plus,https://minio.kinaiauto.com/brand-logos/nio/primary-1778559635265.svg,brand-tab-logo,ok,,logo,NIO,NIO4,40,18,lazy,,,10
/modellek/mg/mg-hs-hybrid-plus,https://minio.kinaiauto.com/brand-logos/omoda/primary-1778559581219.png,brand-tab-logo,ok,,logo,Omoda,Omoda5,40,18,lazy,,,11
/modellek/mg/mg-hs-hybrid-plus,https://minio.kinaiauto.com/brand-logos/voyah/primary-1778559743441.png,brand-tab-logo,ok,,logo,Voyah,Voyah6,40,18,lazy,,,12
/modellek/mg/mg-hs-hybrid-plus,https://minio.kinaiauto.com/brand-logos/xpeng/primary-1778559688298.png,brand-tab-logo,ok,,logo,XPENG,XPENG4,40,18,lazy,,,13
/modellek/mg/mg-hs-hybrid-plus,https://minio.kinaiauto.com/car-photos/mg/mg-hs-hybrid-plus/hero-1778751458513.jpg,,ok,,content,MG MG HS Hybrid+,,,,,,,14
/modellek/mg/mg-hs-hybrid-plus,https://minio.kinaiauto.com/car-photos/mg/mg-hs-hybrid-plus/hero-1778751458513.jpg,,ok,,content,"MG HS Hybrid+ — külső fő nézet, fotó 1",Külső fő nézet,,,,,,15
/modellek/mg/mg-hs-hybrid-plus,https://minio.kinaiauto.com/car-photos/mg/mg-hs-hybrid-plus/exterior-1778751454754.jpg,,ok,,content,"MG HS Hybrid+ — külső, fotó 2",Külső,,,,,,16
/modellek/mg/mg-hs-hybrid-plus,https://minio.kinaiauto.com/car-photos/mg/mg-hs-hybrid-plus/exterior-1778751457066.jpg,,ok,,content,"MG HS Hybrid+ — külső, fotó 3",Külső,,,,,,17
/modellek/mg/mg-hs-hybrid-plus,https://minio.kinaiauto.com/car-photos/mg/mg-hs-hybrid-plus/interior-1778751451068.png,,ok,,content,"MG HS Hybrid+ — belső, fotó 4",Belső,,,,,,18
/modellek/mg/mg-hs-hybrid-plus,https://minio.kinaiauto.com/car-photos/mg/mg-hs-hybrid-plus/interior-1778751452744.png,,ok,,content,"MG HS Hybrid+ — belső, fotó 5",Belső+2 fotó,,,,,,19
/modellek/mg/mg-hs-hybrid-plus,https://minio.kinaiauto.com/car-photos/baic/bj30e/hero-1778770153379.jpg,,ok,,content,BJ30e,"BAICBJ30e15,0 M Ft — 15,0 M Ft",,,,,,20
/modellek/mg/mg-hs-hybrid-plus,https://minio.kinaiauto.com/car-photos/chery/tiggo-7/exterior-1778673385236.webp,,ok,,content,Tiggo 7,"CheryTiggo 713,5 M Ft — 15,5 M Ft",,,,,,21
/modellek/mg/mg-hs-hybrid-plus,https://minio.kinaiauto.com/car-photos/mg/mg-hs-phev/hero-1778751526729.jpg,,ok,,content,MG HS PHEV,"MGMG HS PHEV14,3 M Ft — 15,4 M Ft",,,,,,22
/modellek/mg/mg-hs-hybrid-plus,https://minio.kinaiauto.com/car-photos/mg/hs/hero-1778751286087.png,,ok,,content,MG HS,"MGMG HS10,0 M Ft — 12,2 M Ft",,,,,,23
/modellek/mg/mg-hs-phev,https://minio.kinaiauto.com/brand-logos/baic/primary-1778559758227.webp,brand-tab-logo,ok,,logo,BAIC,BAIC4,40,18,lazy,,,0
/modellek/mg/mg-hs-phev,https://minio.kinaiauto.com/brand-logos/byd/primary-1778557944140.svg,brand-tab-logo,ok,,logo,BYD,BYD14,40,18,lazy,,,1
/modellek/mg/mg-hs-phev,https://minio.kinaiauto.com/brand-logos/chery/primary-1778558725869.png,brand-tab-logo,ok,,logo,Chery,Chery4,40,18,lazy,,,2
/modellek/mg/mg-hs-phev,https://minio.kinaiauto.com/brand-logos/dongfeng/primary-1778559729586.png,brand-tab-logo,ok,,logo,Dongfeng,Dongfeng14,40,18,lazy,,,3
/modellek/mg/mg-hs-phev,https://minio.kinaiauto.com/brand-logos/firefly/primary-1778559676598.png,brand-tab-logo,ok,,logo,Firefly,Firefly1,40,18,lazy,,,4
/modellek/mg/mg-hs-phev,https://minio.kinaiauto.com/brand-logos/geely/primary-1778559713516.png,brand-tab-logo,ok,,logo,Geely,Geely2,40,18,lazy,,,5
/modellek/mg/mg-hs-phev,https://minio.kinaiauto.com/brand-logos/jaecoo/primary-1778559595733.png,brand-tab-logo,ok,,logo,Jaecoo,Jaecoo4,40,18,lazy,,,6
/modellek/mg/mg-hs-phev,https://minio.kinaiauto.com/brand-logos/leapmotor/primary-1778559701255.png,brand-tab-logo,ok,,logo,Leapmotor,Leapmotor5,40,18,lazy,,,7
/modellek/mg/mg-hs-phev,https://minio.kinaiauto.com/brand-logos/maxus/primary-1778559794186.png,brand-tab-logo,ok,,logo,Maxus,Maxus1,40,18,lazy,,,8
/modellek/mg/mg-hs-phev,https://minio.kinaiauto.com/brand-logos/mg/primary-1778559621942.png,brand-tab-logo,ok,,logo,MG,MG10,40,18,lazy,,,9
/modellek/mg/mg-hs-phev,https://minio.kinaiauto.com/brand-logos/nio/primary-1778559635265.svg,brand-tab-logo,ok,,logo,NIO,NIO4,40,18,lazy,,,10
/modellek/mg/mg-hs-phev,https://minio.kinaiauto.com/brand-logos/omoda/primary-1778559581219.png,brand-tab-logo,ok,,logo,Omoda,Omoda5,40,18,lazy,,,11
/modellek/mg/mg-hs-phev,https://minio.kinaiauto.com/brand-logos/voyah/primary-1778559743441.png,brand-tab-logo,ok,,logo,Voyah,Voyah6,40,18,lazy,,,12
/modellek/mg/mg-hs-phev,https://minio.kinaiauto.com/brand-logos/xpeng/primary-1778559688298.png,brand-tab-logo,ok,,logo,XPENG,XPENG4,40,18,lazy,,,13
/modellek/mg/mg-hs-phev,https://minio.kinaiauto.com/car-photos/mg/mg-hs-phev/hero-1778751526729.jpg,,ok,,content,MG MG HS PHEV,,,,,,,14
/modellek/mg/mg-hs-phev,https://minio.kinaiauto.com/car-photos/mg/mg-hs-phev/hero-1778751526729.jpg,,ok,,content,"MG HS PHEV — külső fő nézet, fotó 1",Külső fő nézet,,,,,,15
/modellek/mg/mg-hs-phev,https://minio.kinaiauto.com/car-photos/mg/mg-hs-phev/exterior-1778751528235.jpg,,ok,,content,"MG HS PHEV — külső, fotó 2",Külső,,,,,,16
/modellek/mg/mg-hs-phev,https://minio.kinaiauto.com/car-photos/mg/mg-hs-phev/exterior-1778751529983.png,,ok,,content,"MG HS PHEV — külső, fotó 3",Külső,,,,,,17
/modellek/mg/mg-hs-phev,https://minio.kinaiauto.com/car-photos/mg/mg-hs-phev/exterior-1778751531358.png,,ok,,content,"MG HS PHEV — külső, fotó 4",Külső,,,,,,18
/modellek/mg/mg-hs-phev,https://minio.kinaiauto.com/car-photos/mg/mg-hs-phev/exterior-1778751539382.webp,,ok,,content,"MG HS PHEV — külső, fotó 5",Külső+7 fotó,,,,,,19
/modellek/mg/mg-hs-phev,https://minio.kinaiauto.com/car-photos/byd/seal-u-dm-i/hero-1778762075601.jpg,,ok,,content,Seal U DM-i,"BYDSeal U DM-i13,6 M Ft — 18,9 M Ft",,,,,,20
/modellek/mg/mg-hs-phev,https://minio.kinaiauto.com/car-photos/leapmotor/c10-hibrid-ev/hero-1778747479257.png,,ok,,content,C10 Hibrid-EV,"LeapmotorC10 Hibrid-EV15,0 M Ft — 17,9 M Ft",,,,,,21
/modellek/mg/mg-hs-phev,https://minio.kinaiauto.com/car-photos/jaecoo/jaecoo-7-shs-p/exterior-1778674010270.png,,ok,,content,Jaecoo 7 SHS-P,"JaecooJaecoo 7 SHS-P13,0 M Ft — 15,0 M Ft",,,,,,22
/modellek/mg/mg-hs-phev,https://minio.kinaiauto.com/car-photos/geely/starray-em-i/hero-1778672165914.jpg,,ok,,content,Starray EM-i,"GeelyStarray EM-i13,0 M Ft — 15,4 M Ft",,,,,,23
/modellek/dongfeng/dfshine,https://minio.kinaiauto.com/brand-logos/baic/primary-1778559758227.webp,brand-tab-logo,ok,,logo,BAIC,BAIC4,40,18,lazy,,,0
/modellek/dongfeng/dfshine,https://minio.kinaiauto.com/brand-logos/byd/primary-1778557944140.svg,brand-tab-logo,ok,,logo,BYD,BYD14,40,18,lazy,,,1
/modellek/dongfeng/dfshine,https://minio.kinaiauto.com/brand-logos/chery/primary-1778558725869.png,brand-tab-logo,ok,,logo,Chery,Chery4,40,18,lazy,,,2
/modellek/dongfeng/dfshine,https://minio.kinaiauto.com/brand-logos/dongfeng/primary-1778559729586.png,brand-tab-logo,ok,,logo,Dongfeng,Dongfeng14,40,18,lazy,,,3
/modellek/dongfeng/dfshine,https://minio.kinaiauto.com/brand-logos/firefly/primary-1778559676598.png,brand-tab-logo,ok,,logo,Firefly,Firefly1,40,18,lazy,,,4
/modellek/dongfeng/dfshine,https://minio.kinaiauto.com/brand-logos/geely/primary-1778559713516.png,brand-tab-logo,ok,,logo,Geely,Geely2,40,18,lazy,,,5
/modellek/dongfeng/dfshine,https://minio.kinaiauto.com/brand-logos/jaecoo/primary-1778559595733.png,brand-tab-logo,ok,,logo,Jaecoo,Jaecoo4,40,18,lazy,,,6
/modellek/dongfeng/dfshine,https://minio.kinaiauto.com/brand-logos/leapmotor/primary-1778559701255.png,brand-tab-logo,ok,,logo,Leapmotor,Leapmotor5,40,18,lazy,,,7
/modellek/dongfeng/dfshine,https://minio.kinaiauto.com/brand-logos/maxus/primary-1778559794186.png,brand-tab-logo,ok,,logo,Maxus,Maxus1,40,18,lazy,,,8
/modellek/dongfeng/dfshine,https://minio.kinaiauto.com/brand-logos/mg/primary-1778559621942.png,brand-tab-logo,ok,,logo,MG,MG10,40,18,lazy,,,9
/modellek/dongfeng/dfshine,https://minio.kinaiauto.com/brand-logos/nio/primary-1778559635265.svg,brand-tab-logo,ok,,logo,NIO,NIO4,40,18,lazy,,,10
/modellek/dongfeng/dfshine,https://minio.kinaiauto.com/brand-logos/omoda/primary-1778559581219.png,brand-tab-logo,ok,,logo,Omoda,Omoda5,40,18,lazy,,,11
/modellek/dongfeng/dfshine,https://minio.kinaiauto.com/brand-logos/voyah/primary-1778559743441.png,brand-tab-logo,ok,,logo,Voyah,Voyah6,40,18,lazy,,,12
/modellek/dongfeng/dfshine,https://minio.kinaiauto.com/brand-logos/xpeng/primary-1778559688298.png,brand-tab-logo,ok,,logo,XPENG,XPENG4,40,18,lazy,,,13
/modellek/dongfeng/dfshine,https://minio.kinaiauto.com/car-photos/dongfeng/dfshine/exterior-1778901854075.webp,,ok,,content,Dongfeng Shine,,,,,,,14
/modellek/dongfeng/dfshine,https://minio.kinaiauto.com/car-photos/dongfeng/dfshine/exterior-1778901854075.webp,,ok,,content,"Dongfeng Shine — külső, fotó 1",Külső,,,,,,15
/modellek/dongfeng/dfshine,https://minio.kinaiauto.com/car-photos/dongfeng/dfshine/hero-1778901851824.webp,,ok,,content,"Dongfeng Shine — külső fő nézet, fotó 2",Külső fő nézet,,,,,,16
/modellek/dongfeng/dfshine,https://minio.kinaiauto.com/car-photos/dongfeng/dfshine/exterior-1778901832872.webp,,ok,,content,"Dongfeng Shine — külső, fotó 3",Külső,,,,,,17
/modellek/dongfeng/dfshine,https://minio.kinaiauto.com/car-photos/dongfeng/dfshine/exterior-1778901834380.webp,,ok,,content,"Dongfeng Shine — külső, fotó 4",Külső,,,,,,18
/modellek/dongfeng/dfshine,https://minio.kinaiauto.com/car-photos/dongfeng/dfshine/exterior-1778901837671.webp,,ok,,content,"Dongfeng Shine — külső, fotó 5",Külső+13 fotó,,,,,,19
/modellek/dongfeng/dfshine,https://minio.kinaiauto.com/car-photos/dongfeng/dfmage/exterior-1778902631789.webp,,ok,,content,MAGE,"DongfengMAGE9,4 M Ft — 9,4 M Ft",,,,,,20
/modellek/dongfeng/dfshine,https://minio.kinaiauto.com/car-photos/dongfeng/dfs7/exterior-1778904211424.webp,,ok,,content,S7,"DongfengS714,3 M Ft — 14,3 M Ft",,,,,,21
/modellek/dongfeng/dfshine,https://minio.kinaiauto.com/car-photos/dongfeng/shine-gs/hero-1778753439552.webp,,ok,,content,Shine GS,"DongfengShine GS8,7 M Ft — 8,7 M Ft",,,,,,22
/modellek/dongfeng/dfshine,https://minio.kinaiauto.com/car-photos/byd/seal/hero-1778762595469.jpg,,ok,,content,Seal,"BYDSeal16,0 M Ft — 20,0 M Ft",,,,,,23
/modellek/voyah/dream-phev,https://minio.kinaiauto.com/brand-logos/baic/primary-1778559758227.webp,brand-tab-logo,ok,,logo,BAIC,BAIC4,40,18,lazy,,,0
/modellek/voyah/dream-phev,https://minio.kinaiauto.com/brand-logos/byd/primary-1778557944140.svg,brand-tab-logo,ok,,logo,BYD,BYD14,40,18,lazy,,,1
/modellek/voyah/dream-phev,https://minio.kinaiauto.com/brand-logos/chery/primary-1778558725869.png,brand-tab-logo,ok,,logo,Chery,Chery4,40,18,lazy,,,2
/modellek/voyah/dream-phev,https://minio.kinaiauto.com/brand-logos/dongfeng/primary-1778559729586.png,brand-tab-logo,ok,,logo,Dongfeng,Dongfeng14,40,18,lazy,,,3
/modellek/voyah/dream-phev,https://minio.kinaiauto.com/brand-logos/firefly/primary-1778559676598.png,brand-tab-logo,ok,,logo,Firefly,Firefly1,40,18,lazy,,,4
/modellek/voyah/dream-phev,https://minio.kinaiauto.com/brand-logos/geely/primary-1778559713516.png,brand-tab-logo,ok,,logo,Geely,Geely2,40,18,lazy,,,5
/modellek/voyah/dream-phev,https://minio.kinaiauto.com/brand-logos/jaecoo/primary-1778559595733.png,brand-tab-logo,ok,,logo,Jaecoo,Jaecoo4,40,18,lazy,,,6
/modellek/voyah/dream-phev,https://minio.kinaiauto.com/brand-logos/leapmotor/primary-1778559701255.png,brand-tab-logo,ok,,logo,Leapmotor,Leapmotor5,40,18,lazy,,,7
/modellek/voyah/dream-phev,https://minio.kinaiauto.com/brand-logos/maxus/primary-1778559794186.png,brand-tab-logo,ok,,logo,Maxus,Maxus1,40,18,lazy,,,8
/modellek/voyah/dream-phev,https://minio.kinaiauto.com/brand-logos/mg/primary-1778559621942.png,brand-tab-logo,ok,,logo,MG,MG10,40,18,lazy,,,9
/modellek/voyah/dream-phev,https://minio.kinaiauto.com/brand-logos/nio/primary-1778559635265.svg,brand-tab-logo,ok,,logo,NIO,NIO4,40,18,lazy,,,10
/modellek/voyah/dream-phev,https://minio.kinaiauto.com/brand-logos/omoda/primary-1778559581219.png,brand-tab-logo,ok,,logo,Omoda,Omoda5,40,18,lazy,,,11
/modellek/voyah/dream-phev,https://minio.kinaiauto.com/brand-logos/voyah/primary-1778559743441.png,brand-tab-logo,ok,,logo,Voyah,Voyah6,40,18,lazy,,,12
/modellek/voyah/dream-phev,https://minio.kinaiauto.com/brand-logos/xpeng/primary-1778559688298.png,brand-tab-logo,ok,,logo,XPENG,XPENG4,40,18,lazy,,,13
/modellek/voyah/dream-phev,https://minio.kinaiauto.com/car-photos/voyah/dream-phev/exterior-1778754280927.webp,,ok,,content,Voyah Dream PHEV,,,,,,,14
/modellek/voyah/dream-phev,https://minio.kinaiauto.com/car-photos/voyah/dream-phev/exterior-1778754280927.webp,,ok,,content,"Voyah Dream PHEV — külső, fotó 1",Külső,,,,,,15
/modellek/voyah/dream-phev,https://minio.kinaiauto.com/car-photos/voyah/dream-phev/hero-1778754279610.webp,,ok,,content,"Voyah Dream PHEV — külső fő nézet, fotó 2",Külső fő nézet,,,,,,16
/modellek/voyah/dream-phev,https://minio.kinaiauto.com/car-photos/voyah/dream-phev/exterior-1778754282503.webp,,ok,,content,"Voyah Dream PHEV — külső, fotó 3",Külső,,,,,,17
/modellek/voyah/dream-phev,https://minio.kinaiauto.com/car-photos/voyah/dream-phev/exterior-1778754283719.webp,,ok,,content,"Voyah Dream PHEV — külső, fotó 4",Külső,,,,,,18
/modellek/voyah/dream-phev,https://minio.kinaiauto.com/car-photos/voyah/dream-phev/exterior-1778754285335.webp,,ok,,content,"Voyah Dream PHEV — külső, fotó 5",Külső,,,,,,19
/modellek/voyah/dream-phev,https://minio.kinaiauto.com/car-photos/voyah/voy_dreambev/exterior-1779516444606.webp,,ok,,content,DREAM BEV,"VoyahDREAM BEV44,2 M Ft — 44,2 M Ft",,,,,,20
/modellek/voyah/dream-phev,https://minio.kinaiauto.com/car-photos/dongfeng/dfutourv9phev/exterior-1778903555683.webp,,ok,,content,U Tour V9 PHEV,"DongfengU Tour V9 PHEV19,0 M Ft — 19,0 M Ft",,,,,,21
/modellek/voyah/dream-phev,https://minio.kinaiauto.com/car-photos/voyah/voy_passion/exterior-1778905479406.webp,,ok,,content,Passion PHEV,"VoyahPassion PHEV26,0 M Ft — 26,0 M Ft",,,,,,22
/modellek/voyah/dream-phev,https://minio.kinaiauto.com/car-photos/xpeng/xpengg9/exterior-1779434734166.webp,,ok,,content,X9,"XPENGX930,0 M Ft — 35,9 M Ft",,,,,,23
/modellek/dongfeng/dfmherobev,https://minio.kinaiauto.com/brand-logos/baic/primary-1778559758227.webp,brand-tab-logo,ok,,logo,BAIC,BAIC4,40,18,lazy,,,0
/modellek/dongfeng/dfmherobev,https://minio.kinaiauto.com/brand-logos/byd/primary-1778557944140.svg,brand-tab-logo,ok,,logo,BYD,BYD14,40,18,lazy,,,1
/modellek/dongfeng/dfmherobev,https://minio.kinaiauto.com/brand-logos/chery/primary-1778558725869.png,brand-tab-logo,ok,,logo,Chery,Chery4,40,18,lazy,,,2
/modellek/dongfeng/dfmherobev,https://minio.kinaiauto.com/brand-logos/dongfeng/primary-1778559729586.png,brand-tab-logo,ok,,logo,Dongfeng,Dongfeng14,40,18,lazy,,,3
/modellek/dongfeng/dfmherobev,https://minio.kinaiauto.com/brand-logos/firefly/primary-1778559676598.png,brand-tab-logo,ok,,logo,Firefly,Firefly1,40,18,lazy,,,4
/modellek/dongfeng/dfmherobev,https://minio.kinaiauto.com/brand-logos/geely/primary-1778559713516.png,brand-tab-logo,ok,,logo,Geely,Geely2,40,18,lazy,,,5
/modellek/dongfeng/dfmherobev,https://minio.kinaiauto.com/brand-logos/jaecoo/primary-1778559595733.png,brand-tab-logo,ok,,logo,Jaecoo,Jaecoo4,40,18,lazy,,,6
/modellek/dongfeng/dfmherobev,https://minio.kinaiauto.com/brand-logos/leapmotor/primary-1778559701255.png,brand-tab-logo,ok,,logo,Leapmotor,Leapmotor5,40,18,lazy,,,7
/modellek/dongfeng/dfmherobev,https://minio.kinaiauto.com/brand-logos/maxus/primary-1778559794186.png,brand-tab-logo,ok,,logo,Maxus,Maxus1,40,18,lazy,,,8
/modellek/dongfeng/dfmherobev,https://minio.kinaiauto.com/brand-logos/mg/primary-1778559621942.png,brand-tab-logo,ok,,logo,MG,MG10,40,18,lazy,,,9
/modellek/dongfeng/dfmherobev,https://minio.kinaiauto.com/brand-logos/nio/primary-1778559635265.svg,brand-tab-logo,ok,,logo,NIO,NIO4,40,18,lazy,,,10
/modellek/dongfeng/dfmherobev,https://minio.kinaiauto.com/brand-logos/omoda/primary-1778559581219.png,brand-tab-logo,ok,,logo,Omoda,Omoda5,40,18,lazy,,,11
/modellek/dongfeng/dfmherobev,https://minio.kinaiauto.com/brand-logos/voyah/primary-1778559743441.png,brand-tab-logo,ok,,logo,Voyah,Voyah6,40,18,lazy,,,12
/modellek/dongfeng/dfmherobev,https://minio.kinaiauto.com/brand-logos/xpeng/primary-1778559688298.png,brand-tab-logo,ok,,logo,XPENG,XPENG4,40,18,lazy,,,13
/modellek/dongfeng/dfmherobev,https://minio.kinaiauto.com/car-photos/dongfeng/dfmherobev/exterior-1778906067417.webp,,ok,,content,Dongfeng MHERO 917 BEV,,,,,,,14
/modellek/dongfeng/dfmherobev,https://minio.kinaiauto.com/car-photos/dongfeng/dfmherobev/exterior-1778906067417.webp,,ok,,content,"Dongfeng MHERO 917 BEV — külső, fotó 1",Külső,,,,,,15
/modellek/dongfeng/dfmherobev,https://minio.kinaiauto.com/car-photos/dongfeng/dfmherobev/exterior-1778906066093.webp,,ok,,content,"Dongfeng MHERO 917 BEV — külső fő nézet, fotó 2",Külső fő nézet,,,,,,16
/modellek/dongfeng/dfmherobev,https://minio.kinaiauto.com/car-photos/dongfeng/dfmherobev/exterior-1778906057358.webp,,ok,,content,"Dongfeng MHERO 917 BEV — külső, fotó 3",Külső,,,,,,17
/modellek/dongfeng/dfmherobev,https://minio.kinaiauto.com/car-photos/dongfeng/dfmherobev/exterior-1778906058736.webp,,ok,,content,"Dongfeng MHERO 917 BEV — külső, fotó 4",Külső,,,,,,18
/modellek/dongfeng/dfmherobev,https://minio.kinaiauto.com/car-photos/dongfeng/dfmherobev/exterior-1778906060366.webp,,ok,,content,"Dongfeng MHERO 917 BEV — külső, fotó 5",Külső+3 fotó,,,,,,19
/modellek/dongfeng/dfmherobev,https://minio.kinaiauto.com/car-photos/nio/el6/hero-1778676636181.webp,,ok,,content,EL6,"NIOEL627,0 M Ft — 30,7 M Ft",,,,,,20
/modellek/dongfeng/dfmherobev,https://minio.kinaiauto.com/car-photos/xpeng/g9/hero-1778748733825.webp,,ok,,content,G9,"XPENGG922,0 M Ft — 29,8 M Ft",,,,,,21
/modellek/dongfeng/dfmherobev,https://minio.kinaiauto.com/car-photos/byd/tang/hero-1778760549275.jpg,,ok,,content,Tang,"BYDTang25,0 M Ft — 29,5 M Ft",,,,,,22
/modellek/dongfeng/dfmherobev,https://minio.kinaiauto.com/car-photos/voyah/voy_freebev/exterior-1778905784375.jpg,,ok,,content,FREE BEV,"VoyahFREE BEV34,9 M Ft — 34,9 M Ft",,,,,,23
/modellek/byd/seal-u,https://minio.kinaiauto.com/brand-logos/baic/primary-1778559758227.webp,brand-tab-logo,ok,,logo,BAIC,BAIC4,40,18,lazy,,,0
/modellek/byd/seal-u,https://minio.kinaiauto.com/brand-logos/byd/primary-1778557944140.svg,brand-tab-logo,ok,,logo,BYD,BYD14,40,18,lazy,,,1
/modellek/byd/seal-u,https://minio.kinaiauto.com/brand-logos/chery/primary-1778558725869.png,brand-tab-logo,ok,,logo,Chery,Chery4,40,18,lazy,,,2
/modellek/byd/seal-u,https://minio.kinaiauto.com/brand-logos/dongfeng/primary-1778559729586.png,brand-tab-logo,ok,,logo,Dongfeng,Dongfeng14,40,18,lazy,,,3
/modellek/byd/seal-u,https://minio.kinaiauto.com/brand-logos/firefly/primary-1778559676598.png,brand-tab-logo,ok,,logo,Firefly,Firefly1,40,18,lazy,,,4
/modellek/byd/seal-u,https://minio.kinaiauto.com/brand-logos/geely/primary-1778559713516.png,brand-tab-logo,ok,,logo,Geely,Geely2,40,18,lazy,,,5
/modellek/byd/seal-u,https://minio.kinaiauto.com/brand-logos/jaecoo/primary-1778559595733.png,brand-tab-logo,ok,,logo,Jaecoo,Jaecoo4,40,18,lazy,,,6
/modellek/byd/seal-u,https://minio.kinaiauto.com/brand-logos/leapmotor/primary-1778559701255.png,brand-tab-logo,ok,,logo,Leapmotor,Leapmotor5,40,18,lazy,,,7
/modellek/byd/seal-u,https://minio.kinaiauto.com/brand-logos/maxus/primary-1778559794186.png,brand-tab-logo,ok,,logo,Maxus,Maxus1,40,18,lazy,,,8
/modellek/byd/seal-u,https://minio.kinaiauto.com/brand-logos/mg/primary-1778559621942.png,brand-tab-logo,ok,,logo,MG,MG10,40,18,lazy,,,9
/modellek/byd/seal-u,https://minio.kinaiauto.com/brand-logos/nio/primary-1778559635265.svg,brand-tab-logo,ok,,logo,NIO,NIO4,40,18,lazy,,,10
/modellek/byd/seal-u,https://minio.kinaiauto.com/brand-logos/omoda/primary-1778559581219.png,brand-tab-logo,ok,,logo,Omoda,Omoda5,40,18,lazy,,,11
/modellek/byd/seal-u,https://minio.kinaiauto.com/brand-logos/voyah/primary-1778559743441.png,brand-tab-logo,ok,,logo,Voyah,Voyah6,40,18,lazy,,,12
/modellek/byd/seal-u,https://minio.kinaiauto.com/brand-logos/xpeng/primary-1778559688298.png,brand-tab-logo,ok,,logo,XPENG,XPENG4,40,18,lazy,,,13
/modellek/byd/seal-u,https://minio.kinaiauto.com/car-photos/byd/seal-u/hero-1778761549471.png,,ok,,content,BYD Seal U,,,,,,,14
/modellek/byd/seal-u,https://minio.kinaiauto.com/car-photos/byd/seal-u/hero-1778761549471.png,,ok,,content,"BYD Seal U — külső fő nézet, fotó 1",Külső fő nézet,,,,,,15
/modellek/byd/seal-u,https://minio.kinaiauto.com/car-photos/byd/seal-u/exterior-1778761550707.png,,ok,,content,"BYD Seal U — külső, fotó 2",Külső,,,,,,16
/modellek/byd/seal-u,https://minio.kinaiauto.com/car-photos/byd/seal-u/interior-1778761551487.jpg,,ok,,content,"BYD Seal U — belső, fotó 3",Belső,,,,,,17
/modellek/byd/seal-u,https://minio.kinaiauto.com/car-photos/byd/seal-u/interior-1778761552228.jpg,,ok,,content,"BYD Seal U — belső, fotó 4",Belső,,,,,,18
/modellek/byd/seal-u,https://minio.kinaiauto.com/car-photos/byd/seal-u/dashboard-1778761552938.jpg,,ok,,content,"BYD Seal U — műszerfal, fotó 5",Műszerfal+1 fotó,,,,,,19
/modellek/byd/seal-u,https://minio.kinaiauto.com/car-photos/byd/sealion-7/exterior-1778761892342.jpg,,ok,,content,Sealion 7,"BYDSealion 719,0 M Ft — 22,0 M Ft",,,,,,20
/modellek/byd/seal-u,https://minio.kinaiauto.com/car-photos/xpeng/g6/hero-1778748656169.webp,,ok,,content,G6,"XPENGG618,0 M Ft — 22,1 M Ft",,,,,,21
/modellek/byd/seal-u,https://minio.kinaiauto.com/car-photos/geely/e5/hero-1778670334544.jpg,,ok,,content,E5,"GeelyE515,0 M Ft — 16,6 M Ft",,,,,,22
/modellek/byd/seal-u,https://minio.kinaiauto.com/car-photos/leapmotor/c10/hero-1778747736499.png,,ok,,content,C10,"LeapmotorC1015,0 M Ft — 17,9 M Ft",,,,,,23
/modellek/nio/et5,https://minio.kinaiauto.com/brand-logos/baic/primary-1778559758227.webp,brand-tab-logo,ok,,logo,BAIC,BAIC4,40,18,lazy,,,0
/modellek/nio/et5,https://minio.kinaiauto.com/brand-logos/byd/primary-1778557944140.svg,brand-tab-logo,ok,,logo,BYD,BYD14,40,18,lazy,,,1
/modellek/nio/et5,https://minio.kinaiauto.com/brand-logos/chery/primary-1778558725869.png,brand-tab-logo,ok,,logo,Chery,Chery4,40,18,lazy,,,2
/modellek/nio/et5,https://minio.kinaiauto.com/brand-logos/dongfeng/primary-1778559729586.png,brand-tab-logo,ok,,logo,Dongfeng,Dongfeng14,40,18,lazy,,,3
/modellek/nio/et5,https://minio.kinaiauto.com/brand-logos/firefly/primary-1778559676598.png,brand-tab-logo,ok,,logo,Firefly,Firefly1,40,18,lazy,,,4
/modellek/nio/et5,https://minio.kinaiauto.com/brand-logos/geely/primary-1778559713516.png,brand-tab-logo,ok,,logo,Geely,Geely2,40,18,lazy,,,5
/modellek/nio/et5,https://minio.kinaiauto.com/brand-logos/jaecoo/primary-1778559595733.png,brand-tab-logo,ok,,logo,Jaecoo,Jaecoo4,40,18,lazy,,,6
/modellek/nio/et5,https://minio.kinaiauto.com/brand-logos/leapmotor/primary-1778559701255.png,brand-tab-logo,ok,,logo,Leapmotor,Leapmotor5,40,18,lazy,,,7
/modellek/nio/et5,https://minio.kinaiauto.com/brand-logos/maxus/primary-1778559794186.png,brand-tab-logo,ok,,logo,Maxus,Maxus1,40,18,lazy,,,8
/modellek/nio/et5,https://minio.kinaiauto.com/brand-logos/mg/primary-1778559621942.png,brand-tab-logo,ok,,logo,MG,MG10,40,18,lazy,,,9
/modellek/nio/et5,https://minio.kinaiauto.com/brand-logos/nio/primary-1778559635265.svg,brand-tab-logo,ok,,logo,NIO,NIO4,40,18,lazy,,,10
/modellek/nio/et5,https://minio.kinaiauto.com/brand-logos/omoda/primary-1778559581219.png,brand-tab-logo,ok,,logo,Omoda,Omoda5,40,18,lazy,,,11
/modellek/nio/et5,https://minio.kinaiauto.com/brand-logos/voyah/primary-1778559743441.png,brand-tab-logo,ok,,logo,Voyah,Voyah6,40,18,lazy,,,12
/modellek/nio/et5,https://minio.kinaiauto.com/brand-logos/xpeng/primary-1778559688298.png,brand-tab-logo,ok,,logo,XPENG,XPENG4,40,18,lazy,,,13
/modellek/nio/et5,https://minio.kinaiauto.com/car-photos/nio/et5/hero-1778410749209.webp,,ok,,content,NIO ET5,,,,,,,14
/modellek/nio/et5,https://minio.kinaiauto.com/car-photos/nio/et5/hero-1778410749209.webp,,ok,,content,"NIO ET5 — külső fő nézet, fotó 1",Külső fő nézet,,,,,,15
/modellek/nio/et5,https://minio.kinaiauto.com/car-photos/nio/et5/exterior-1778410746002.webp,,ok,,content,"NIO ET5 — külső, fotó 2",Külső,,,,,,16
/modellek/nio/et5,https://minio.kinaiauto.com/car-photos/nio/et5/exterior-1778410760091.webp,,ok,,content,"NIO ET5 — külső, fotó 3",Külső,,,,,,17
/modellek/nio/et5,https://minio.kinaiauto.com/car-photos/nio/et5/exterior-1778410762004.webp,,ok,,content,"NIO ET5 — külső, fotó 4",Külső,,,,,,18
/modellek/nio/et5,https://minio.kinaiauto.com/car-photos/nio/et5/interior-1778410746993.webp,,ok,,content,"NIO ET5 — belső, fotó 5",Belső+12 fotó,,,,,,19
/modellek/nio/et5,https://minio.kinaiauto.com/car-photos/byd/seal/hero-1778762595469.jpg,,ok,,content,Seal,"BYDSeal16,0 M Ft — 20,0 M Ft",,,,,,20
/modellek/nio/et5,https://minio.kinaiauto.com/car-photos/dongfeng/dfs7/exterior-1778904211424.webp,,ok,,content,S7,"DongfengS714,3 M Ft — 14,3 M Ft",,,,,,21
/modellek/nio/et5,https://minio.kinaiauto.com/car-photos/xpeng/p7-plus/hero-1778748808178.webp,,ok,,content,P7+,"XPENGP7+18,4 M Ft — 22,5 M Ft",,,,,,22
/modellek/nio/et5,https://minio.kinaiauto.com/car-photos/nio/el6/hero-1778676636181.webp,,ok,,content,EL6,"NIOEL627,0 M Ft — 30,7 M Ft",,,,,,23
/modellek/geely/e5,https://minio.kinaiauto.com/brand-logos/baic/primary-1778559758227.webp,brand-tab-logo,ok,,logo,BAIC,BAIC4,40,18,lazy,,,0
/modellek/geely/e5,https://minio.kinaiauto.com/brand-logos/byd/primary-1778557944140.svg,brand-tab-logo,ok,,logo,BYD,BYD14,40,18,lazy,,,1
/modellek/geely/e5,https://minio.kinaiauto.com/brand-logos/chery/primary-1778558725869.png,brand-tab-logo,ok,,logo,Chery,Chery4,40,18,lazy,,,2
/modellek/geely/e5,https://minio.kinaiauto.com/brand-logos/dongfeng/primary-1778559729586.png,brand-tab-logo,ok,,logo,Dongfeng,Dongfeng14,40,18,lazy,,,3
/modellek/geely/e5,https://minio.kinaiauto.com/brand-logos/firefly/primary-1778559676598.png,brand-tab-logo,ok,,logo,Firefly,Firefly1,40,18,lazy,,,4
/modellek/geely/e5,https://minio.kinaiauto.com/brand-logos/geely/primary-1778559713516.png,brand-tab-logo,ok,,logo,Geely,Geely2,40,18,lazy,,,5
/modellek/geely/e5,https://minio.kinaiauto.com/brand-logos/jaecoo/primary-1778559595733.png,brand-tab-logo,ok,,logo,Jaecoo,Jaecoo4,40,18,lazy,,,6
/modellek/geely/e5,https://minio.kinaiauto.com/brand-logos/leapmotor/primary-1778559701255.png,brand-tab-logo,ok,,logo,Leapmotor,Leapmotor5,40,18,lazy,,,7
/modellek/geely/e5,https://minio.kinaiauto.com/brand-logos/maxus/primary-1778559794186.png,brand-tab-logo,ok,,logo,Maxus,Maxus1,40,18,lazy,,,8
/modellek/geely/e5,https://minio.kinaiauto.com/brand-logos/mg/primary-1778559621942.png,brand-tab-logo,ok,,logo,MG,MG10,40,18,lazy,,,9
/modellek/geely/e5,https://minio.kinaiauto.com/brand-logos/nio/primary-1778559635265.svg,brand-tab-logo,ok,,logo,NIO,NIO4,40,18,lazy,,,10
/modellek/geely/e5,https://minio.kinaiauto.com/brand-logos/omoda/primary-1778559581219.png,brand-tab-logo,ok,,logo,Omoda,Omoda5,40,18,lazy,,,11
/modellek/geely/e5,https://minio.kinaiauto.com/brand-logos/voyah/primary-1778559743441.png,brand-tab-logo,ok,,logo,Voyah,Voyah6,40,18,lazy,,,12
/modellek/geely/e5,https://minio.kinaiauto.com/brand-logos/xpeng/primary-1778559688298.png,brand-tab-logo,ok,,logo,XPENG,XPENG4,40,18,lazy,,,13
/modellek/geely/e5,https://minio.kinaiauto.com/car-photos/geely/e5/hero-1778670334544.jpg,,ok,,content,Geely E5,,,,,,,14
/modellek/geely/e5,https://minio.kinaiauto.com/car-photos/geely/e5/hero-1778670334544.jpg,,ok,,content,"Geely E5 — külső fő nézet, fotó 1",Külső fő nézet,,,,,,15
/modellek/geely/e5,https://minio.kinaiauto.com/car-photos/geely/e5/exterior-1778670329332.jpg,,ok,,content,"Geely E5 — külső, fotó 2",Külső,,,,,,16
/modellek/geely/e5,https://minio.kinaiauto.com/car-photos/geely/e5/exterior-1778670330328.jpg,,ok,,content,"Geely E5 — külső, fotó 3",Külső,,,,,,17
/modellek/geely/e5,https://minio.kinaiauto.com/car-photos/geely/e5/exterior-1778670331683.jpg,,ok,,content,"Geely E5 — külső, fotó 4",Külső,,,,,,18
/modellek/geely/e5,https://minio.kinaiauto.com/car-photos/geely/e5/exterior-1778670332588.png,,ok,,content,"Geely E5 — külső, fotó 5",Külső+8 fotó,,,,,,19
/modellek/geely/e5,https://minio.kinaiauto.com/car-photos/byd/sealion-7/exterior-1778761892342.jpg,,ok,,content,Sealion 7,"BYDSealion 719,0 M Ft — 22,0 M Ft",,,,,,20
/modellek/geely/e5,https://minio.kinaiauto.com/car-photos/xpeng/g6/hero-1778748656169.webp,,ok,,content,G6,"XPENGG618,0 M Ft — 22,1 M Ft",,,,,,21
/modellek/geely/e5,https://minio.kinaiauto.com/car-photos/byd/seal-u/hero-1778761549471.png,,ok,,content,Seal U,"BYDSeal U17,0 M Ft — 19,0 M Ft",,,,,,22
/modellek/geely/e5,https://minio.kinaiauto.com/car-photos/leapmotor/c10/hero-1778747736499.png,,ok,,content,C10,"LeapmotorC1015,0 M Ft — 17,9 M Ft",,,,,,23
/modellek/leapmotor/c10,https://minio.kinaiauto.com/brand-logos/baic/primary-1778559758227.webp,brand-tab-logo,ok,,logo,BAIC,BAIC4,40,18,lazy,,,0
/modellek/leapmotor/c10,https://minio.kinaiauto.com/brand-logos/byd/primary-1778557944140.svg,brand-tab-logo,ok,,logo,BYD,BYD14,40,18,lazy,,,1
/modellek/leapmotor/c10,https://minio.kinaiauto.com/brand-logos/chery/primary-1778558725869.png,brand-tab-logo,ok,,logo,Chery,Chery4,40,18,lazy,,,2
/modellek/leapmotor/c10,https://minio.kinaiauto.com/brand-logos/dongfeng/primary-1778559729586.png,brand-tab-logo,ok,,logo,Dongfeng,Dongfeng14,40,18,lazy,,,3
/modellek/leapmotor/c10,https://minio.kinaiauto.com/brand-logos/firefly/primary-1778559676598.png,brand-tab-logo,ok,,logo,Firefly,Firefly1,40,18,lazy,,,4
/modellek/leapmotor/c10,https://minio.kinaiauto.com/brand-logos/geely/primary-1778559713516.png,brand-tab-logo,ok,,logo,Geely,Geely2,40,18,lazy,,,5
/modellek/leapmotor/c10,https://minio.kinaiauto.com/brand-logos/jaecoo/primary-1778559595733.png,brand-tab-logo,ok,,logo,Jaecoo,Jaecoo4,40,18,lazy,,,6
/modellek/leapmotor/c10,https://minio.kinaiauto.com/brand-logos/leapmotor/primary-1778559701255.png,brand-tab-logo,ok,,logo,Leapmotor,Leapmotor5,40,18,lazy,,,7
/modellek/leapmotor/c10,https://minio.kinaiauto.com/brand-logos/maxus/primary-1778559794186.png,brand-tab-logo,ok,,logo,Maxus,Maxus1,40,18,lazy,,,8
/modellek/leapmotor/c10,https://minio.kinaiauto.com/brand-logos/mg/primary-1778559621942.png,brand-tab-logo,ok,,logo,MG,MG10,40,18,lazy,,,9
/modellek/leapmotor/c10,https://minio.kinaiauto.com/brand-logos/nio/primary-1778559635265.svg,brand-tab-logo,ok,,logo,NIO,NIO4,40,18,lazy,,,10
/modellek/leapmotor/c10,https://minio.kinaiauto.com/brand-logos/omoda/primary-1778559581219.png,brand-tab-logo,ok,,logo,Omoda,Omoda5,40,18,lazy,,,11
/modellek/leapmotor/c10,https://minio.kinaiauto.com/brand-logos/voyah/primary-1778559743441.png,brand-tab-logo,ok,,logo,Voyah,Voyah6,40,18,lazy,,,12
/modellek/leapmotor/c10,https://minio.kinaiauto.com/brand-logos/xpeng/primary-1778559688298.png,brand-tab-logo,ok,,logo,XPENG,XPENG4,40,18,lazy,,,13
/modellek/leapmotor/c10,https://minio.kinaiauto.com/car-photos/leapmotor/c10/hero-1778747736499.png,,ok,,content,Leapmotor C10,,,,,,,14
/modellek/leapmotor/c10,https://minio.kinaiauto.com/car-photos/leapmotor/c10/hero-1778747736499.png,,ok,,content,"Leapmotor C10 — külső fő nézet, fotó 1",Külső fő nézet,,,,,,15
/modellek/leapmotor/c10,https://minio.kinaiauto.com/car-photos/leapmotor/c10/exterior-1778747734143.png,,ok,,content,"Leapmotor C10 — külső, fotó 2",Külső,,,,,,16
/modellek/leapmotor/c10,https://minio.kinaiauto.com/car-photos/leapmotor/c10/exterior-1778747738632.png,,ok,,content,"Leapmotor C10 — külső, fotó 3",Külső,,,,,,17
/modellek/leapmotor/c10,https://minio.kinaiauto.com/car-photos/leapmotor/c10/exterior-1778747744606.png,,ok,,content,"Leapmotor C10 — külső, fotó 4",Külső,,,,,,18
/modellek/leapmotor/c10,https://minio.kinaiauto.com/car-photos/leapmotor/c10/interior-1778747728577.png,,ok,,content,"Leapmotor C10 — belső, fotó 5",Belső+4 fotó,,,,,,19
/modellek/leapmotor/c10,https://minio.kinaiauto.com/car-photos/byd/sealion-7/exterior-1778761892342.jpg,,ok,,content,Sealion 7,"BYDSealion 719,0 M Ft — 22,0 M Ft",,,,,,20
/modellek/leapmotor/c10,https://minio.kinaiauto.com/car-photos/xpeng/g6/hero-1778748656169.webp,,ok,,content,G6,"XPENGG618,0 M Ft — 22,1 M Ft",,,,,,21
/modellek/leapmotor/c10,https://minio.kinaiauto.com/car-photos/byd/seal-u/hero-1778761549471.png,,ok,,content,Seal U,"BYDSeal U17,0 M Ft — 19,0 M Ft",,,,,,22
/modellek/leapmotor/c10,https://minio.kinaiauto.com/car-photos/geely/e5/hero-1778670334544.jpg,,ok,,content,E5,"GeelyE515,0 M Ft — 16,6 M Ft",,,,,,23
/modellek/mg/mg-zs-hybrid-plus,https://minio.kinaiauto.com/brand-logos/baic/primary-1778559758227.webp,brand-tab-logo,ok,,logo,BAIC,BAIC4,40,18,lazy,,,0
/modellek/mg/mg-zs-hybrid-plus,https://minio.kinaiauto.com/brand-logos/byd/primary-1778557944140.svg,brand-tab-logo,ok,,logo,BYD,BYD14,40,18,lazy,,,1
/modellek/mg/mg-zs-hybrid-plus,https://minio.kinaiauto.com/brand-logos/chery/primary-1778558725869.png,brand-tab-logo,ok,,logo,Chery,Chery4,40,18,lazy,,,2
/modellek/mg/mg-zs-hybrid-plus,https://minio.kinaiauto.com/brand-logos/dongfeng/primary-1778559729586.png,brand-tab-logo,ok,,logo,Dongfeng,Dongfeng14,40,18,lazy,,,3
/modellek/mg/mg-zs-hybrid-plus,https://minio.kinaiauto.com/brand-logos/firefly/primary-1778559676598.png,brand-tab-logo,ok,,logo,Firefly,Firefly1,40,18,lazy,,,4
/modellek/mg/mg-zs-hybrid-plus,https://minio.kinaiauto.com/brand-logos/geely/primary-1778559713516.png,brand-tab-logo,ok,,logo,Geely,Geely2,40,18,lazy,,,5
/modellek/mg/mg-zs-hybrid-plus,https://minio.kinaiauto.com/brand-logos/jaecoo/primary-1778559595733.png,brand-tab-logo,ok,,logo,Jaecoo,Jaecoo4,40,18,lazy,,,6
/modellek/mg/mg-zs-hybrid-plus,https://minio.kinaiauto.com/brand-logos/leapmotor/primary-1778559701255.png,brand-tab-logo,ok,,logo,Leapmotor,Leapmotor5,40,18,lazy,,,7
/modellek/mg/mg-zs-hybrid-plus,https://minio.kinaiauto.com/brand-logos/maxus/primary-1778559794186.png,brand-tab-logo,ok,,logo,Maxus,Maxus1,40,18,lazy,,,8
/modellek/mg/mg-zs-hybrid-plus,https://minio.kinaiauto.com/brand-logos/mg/primary-1778559621942.png,brand-tab-logo,ok,,logo,MG,MG10,40,18,lazy,,,9
/modellek/mg/mg-zs-hybrid-plus,https://minio.kinaiauto.com/brand-logos/nio/primary-1778559635265.svg,brand-tab-logo,ok,,logo,NIO,NIO4,40,18,lazy,,,10
/modellek/mg/mg-zs-hybrid-plus,https://minio.kinaiauto.com/brand-logos/omoda/primary-1778559581219.png,brand-tab-logo,ok,,logo,Omoda,Omoda5,40,18,lazy,,,11
/modellek/mg/mg-zs-hybrid-plus,https://minio.kinaiauto.com/brand-logos/voyah/primary-1778559743441.png,brand-tab-logo,ok,,logo,Voyah,Voyah6,40,18,lazy,,,12
/modellek/mg/mg-zs-hybrid-plus,https://minio.kinaiauto.com/brand-logos/xpeng/primary-1778559688298.png,brand-tab-logo,ok,,logo,XPENG,XPENG4,40,18,lazy,,,13
/modellek/mg/mg-zs-hybrid-plus,https://minio.kinaiauto.com/car-photos/mg/mg-zs-hybrid-plus/hero-1778752042009.jpg,,ok,,content,MG MG ZS Hybrid+,,,,,,,14
/modellek/mg/mg-zs-hybrid-plus,https://minio.kinaiauto.com/car-photos/mg/mg-zs-hybrid-plus/hero-1778752042009.jpg,,ok,,content,"MG ZS Hybrid+ — külső fő nézet, fotó 1",Külső fő nézet,,,,,,15
/modellek/mg/mg-zs-hybrid-plus,https://minio.kinaiauto.com/car-photos/mg/mg-zs-hybrid-plus/exterior-1778752035853.png,,ok,,content,"MG ZS Hybrid+ — külső, fotó 2",Külső,,,,,,16
/modellek/mg/mg-zs-hybrid-plus,https://minio.kinaiauto.com/car-photos/mg/mg-zs-hybrid-plus/exterior-1778752038364.png,,ok,,content,"MG ZS Hybrid+ — külső, fotó 3",Külső,,,,,,17
/modellek/mg/mg-zs-hybrid-plus,https://minio.kinaiauto.com/car-photos/mg/mg-zs-hybrid-plus/exterior-1778752040251.png,,ok,,content,"MG ZS Hybrid+ — külső, fotó 4",Külső,,,,,,18
/modellek/mg/mg-zs-hybrid-plus,https://minio.kinaiauto.com/car-photos/chery/tiggo-4/exterior-1778579251102.jpg,,ok,,content,Tiggo 4,"CheryTiggo 49,2 M Ft — 11,0 M Ft",,,,,,19
/modellek/mg/mg-zs-hybrid-plus,https://minio.kinaiauto.com/car-photos/omoda/omoda-5-shs-h/hero-1778749384663.jpg,,ok,,content,Omoda 5 SHS-H,"OmodaOmoda 5 SHS-H12,0 M Ft — 12,0 M Ft",,,,,,20
/modellek/mg/mg-zs-hybrid-plus,https://minio.kinaiauto.com/car-photos/dongfeng/forthing-t5-evo-hev/hero-1778753813525.jpg,,ok,,content,Forthing T5 EVO HEV,"DongfengForthing T5 EVO HEV15,8 M Ft — 15,8 M Ft",,,,,,21
/modellek/mg/mg-zs-hybrid-plus,https://minio.kinaiauto.com/car-photos/mg/mgs5-ev/hero-1778750454215.jpg,,ok,,content,MGS5 EV,"MGMGS5 EV12,2 M Ft — 14,7 M Ft",,,,,,22
/modellek/jaecoo/jaecoo-5,https://minio.kinaiauto.com/brand-logos/baic/primary-1778559758227.webp,brand-tab-logo,ok,,logo,BAIC,BAIC4,40,18,lazy,,,0
/modellek/jaecoo/jaecoo-5,https://minio.kinaiauto.com/brand-logos/byd/primary-1778557944140.svg,brand-tab-logo,ok,,logo,BYD,BYD14,40,18,lazy,,,1
/modellek/jaecoo/jaecoo-5,https://minio.kinaiauto.com/brand-logos/chery/primary-1778558725869.png,brand-tab-logo,ok,,logo,Chery,Chery4,40,18,lazy,,,2
/modellek/jaecoo/jaecoo-5,https://minio.kinaiauto.com/brand-logos/dongfeng/primary-1778559729586.png,brand-tab-logo,ok,,logo,Dongfeng,Dongfeng14,40,18,lazy,,,3
/modellek/jaecoo/jaecoo-5,https://minio.kinaiauto.com/brand-logos/firefly/primary-1778559676598.png,brand-tab-logo,ok,,logo,Firefly,Firefly1,40,18,lazy,,,4
/modellek/jaecoo/jaecoo-5,https://minio.kinaiauto.com/brand-logos/geely/primary-1778559713516.png,brand-tab-logo,ok,,logo,Geely,Geely2,40,18,lazy,,,5
/modellek/jaecoo/jaecoo-5,https://minio.kinaiauto.com/brand-logos/jaecoo/primary-1778559595733.png,brand-tab-logo,ok,,logo,Jaecoo,Jaecoo4,40,18,lazy,,,6
/modellek/jaecoo/jaecoo-5,https://minio.kinaiauto.com/brand-logos/leapmotor/primary-1778559701255.png,brand-tab-logo,ok,,logo,Leapmotor,Leapmotor5,40,18,lazy,,,7
/modellek/jaecoo/jaecoo-5,https://minio.kinaiauto.com/brand-logos/maxus/primary-1778559794186.png,brand-tab-logo,ok,,logo,Maxus,Maxus1,40,18,lazy,,,8
/modellek/jaecoo/jaecoo-5,https://minio.kinaiauto.com/brand-logos/mg/primary-1778559621942.png,brand-tab-logo,ok,,logo,MG,MG10,40,18,lazy,,,9
/modellek/jaecoo/jaecoo-5,https://minio.kinaiauto.com/brand-logos/nio/primary-1778559635265.svg,brand-tab-logo,ok,,logo,NIO,NIO4,40,18,lazy,,,10
/modellek/jaecoo/jaecoo-5,https://minio.kinaiauto.com/brand-logos/omoda/primary-1778559581219.png,brand-tab-logo,ok,,logo,Omoda,Omoda5,40,18,lazy,,,11
/modellek/jaecoo/jaecoo-5,https://minio.kinaiauto.com/brand-logos/voyah/primary-1778559743441.png,brand-tab-logo,ok,,logo,Voyah,Voyah6,40,18,lazy,,,12
/modellek/jaecoo/jaecoo-5,https://minio.kinaiauto.com/brand-logos/xpeng/primary-1778559688298.png,brand-tab-logo,ok,,logo,XPENG,XPENG4,40,18,lazy,,,13
/modellek/jaecoo/jaecoo-5,https://minio.kinaiauto.com/car-photos/jaecoo/jaecoo-5/hero-1778674332842.jpg,,ok,,content,Jaecoo Jaecoo 5,,,,,,,14
/modellek/jaecoo/jaecoo-5,https://minio.kinaiauto.com/car-photos/jaecoo/jaecoo-5/hero-1778674332842.jpg,,ok,,content,"Jaecoo 5 — külső fő nézet, fotó 1",Külső fő nézet,,,,,,15
/modellek/jaecoo/jaecoo-5,https://minio.kinaiauto.com/car-photos/jaecoo/jaecoo-5/exterior-1778674329864.jpg,,ok,,content,"Jaecoo 5 — külső, fotó 2",Külső,,,,,,16
/modellek/jaecoo/jaecoo-5,https://minio.kinaiauto.com/car-photos/jaecoo/jaecoo-5/dashboard-1778674335242.jpg,,ok,,content,"Jaecoo 5 — műszerfal, fotó 3",Műszerfal,,,,,,17
/modellek/jaecoo/jaecoo-5,https://minio.kinaiauto.com/car-photos/dongfeng/dfmage/exterior-1778902631789.webp,,ok,,content,MAGE,"DongfengMAGE9,4 M Ft — 9,4 M Ft",,,,,,18
/modellek/jaecoo/jaecoo-5,https://minio.kinaiauto.com/car-photos/omoda/omoda-5/hero-1778749929827.jpg,,ok,,content,Omoda 5,"OmodaOmoda 59,5 M Ft — 12,0 M Ft",,,,,,19
/modellek/jaecoo/jaecoo-5,https://minio.kinaiauto.com/car-photos/mg/zs/hero-1778751980892.webp,,ok,,content,MG ZS,"MGMG ZS7,5 M Ft — 8,5 M Ft",,,,,,20
/modellek/jaecoo/jaecoo-5,https://minio.kinaiauto.com/car-photos/baic/x55/hero-1778672419220.jpg,,ok,,content,X55,"BAICX5512,0 M Ft — —",,,,,,21
/modellek/dongfeng/dfbox,https://minio.kinaiauto.com/brand-logos/baic/primary-1778559758227.webp,brand-tab-logo,ok,,logo,BAIC,BAIC4,40,18,lazy,,,0
/modellek/dongfeng/dfbox,https://minio.kinaiauto.com/brand-logos/byd/primary-1778557944140.svg,brand-tab-logo,ok,,logo,BYD,BYD14,40,18,lazy,,,1
/modellek/dongfeng/dfbox,https://minio.kinaiauto.com/brand-logos/chery/primary-1778558725869.png,brand-tab-logo,ok,,logo,Chery,Chery4,40,18,lazy,,,2
/modellek/dongfeng/dfbox,https://minio.kinaiauto.com/brand-logos/dongfeng/primary-1778559729586.png,brand-tab-logo,ok,,logo,Dongfeng,Dongfeng14,40,18,lazy,,,3
/modellek/dongfeng/dfbox,https://minio.kinaiauto.com/brand-logos/firefly/primary-1778559676598.png,brand-tab-logo,ok,,logo,Firefly,Firefly1,40,18,lazy,,,4
/modellek/dongfeng/dfbox,https://minio.kinaiauto.com/brand-logos/geely/primary-1778559713516.png,brand-tab-logo,ok,,logo,Geely,Geely2,40,18,lazy,,,5
/modellek/dongfeng/dfbox,https://minio.kinaiauto.com/brand-logos/jaecoo/primary-1778559595733.png,brand-tab-logo,ok,,logo,Jaecoo,Jaecoo4,40,18,lazy,,,6
/modellek/dongfeng/dfbox,https://minio.kinaiauto.com/brand-logos/leapmotor/primary-1778559701255.png,brand-tab-logo,ok,,logo,Leapmotor,Leapmotor5,40,18,lazy,,,7
/modellek/dongfeng/dfbox,https://minio.kinaiauto.com/brand-logos/maxus/primary-1778559794186.png,brand-tab-logo,ok,,logo,Maxus,Maxus1,40,18,lazy,,,8
/modellek/dongfeng/dfbox,https://minio.kinaiauto.com/brand-logos/mg/primary-1778559621942.png,brand-tab-logo,ok,,logo,MG,MG10,40,18,lazy,,,9
/modellek/dongfeng/dfbox,https://minio.kinaiauto.com/brand-logos/nio/primary-1778559635265.svg,brand-tab-logo,ok,,logo,NIO,NIO4,40,18,lazy,,,10
/modellek/dongfeng/dfbox,https://minio.kinaiauto.com/brand-logos/omoda/primary-1778559581219.png,brand-tab-logo,ok,,logo,Omoda,Omoda5,40,18,lazy,,,11
/modellek/dongfeng/dfbox,https://minio.kinaiauto.com/brand-logos/voyah/primary-1778559743441.png,brand-tab-logo,ok,,logo,Voyah,Voyah6,40,18,lazy,,,12
/modellek/dongfeng/dfbox,https://minio.kinaiauto.com/brand-logos/xpeng/primary-1778559688298.png,brand-tab-logo,ok,,logo,XPENG,XPENG4,40,18,lazy,,,13
/modellek/dongfeng/dfbox,https://minio.kinaiauto.com/car-photos/dongfeng/box-e1/hero-1778753030994.jpg,,ok,,content,Dongfeng Box ,,,,,,,14
/modellek/dongfeng/dfbox,https://minio.kinaiauto.com/car-photos/dongfeng/box-e1/hero-1778753030994.jpg,,ok,,content,"Dongfeng Box  — külső fő nézet, fotó 1",Külső fő nézet,,,,,,15
/modellek/dongfeng/dfbox,https://minio.kinaiauto.com/car-photos/dongfeng/box-e1/exterior-1778753020691.png,,ok,,content,"Dongfeng Box  — külső, fotó 2",Külső,,,,,,16
/modellek/dongfeng/dfbox,https://minio.kinaiauto.com/car-photos/dongfeng/box-e1/exterior-1778753026177.jpg,,ok,,content,"Dongfeng Box  — külső, fotó 3",Külső,,,,,,17
/modellek/dongfeng/dfbox,https://minio.kinaiauto.com/car-photos/dongfeng/box-e1/exterior-1778753027687.jpg,,ok,,content,"Dongfeng Box  — külső, fotó 4",Külső,,,,,,18
/modellek/dongfeng/dfbox,https://minio.kinaiauto.com/car-photos/dongfeng/box-e1/exterior-1778753029423.jpg,,ok,,content,"Dongfeng Box  — külső, fotó 5",Külső+11 fotó,,,,,,19
/modellek/dongfeng/dfbox,https://minio.kinaiauto.com/car-photos/leapmotor/t03/hero-1778747314385.png,,ok,,content,T03,"LeapmotorT037,8 M Ft — 7,8 M Ft",,,,,,20
/modellek/dongfeng/dfbox,https://minio.kinaiauto.com/car-photos/firefly/firefly/hero-1778663957253.webp,,ok,,content,Firefly,"FireflyFirefly12,0 M Ft — 13,0 M Ft",,,,,,21
/modellek/dongfeng/dfbox,https://minio.kinaiauto.com/car-photos/byd/dolphin-surf/hero-1778760800865.webp,,ok,,content,Dolphin Surf,"BYDDolphin Surf8,0 M Ft — 10,5 M Ft",,,,,,22
/modellek/dongfeng/dfbox,https://minio.kinaiauto.com/car-photos/mg/mg3-hybrid-plus/hero-1778752493763.jpg,,ok,,content,MG3 Hybrid+,"MGMG3 Hybrid+8,7 M Ft — 9,9 M Ft",,,,,,23
/modellek/xpeng/g9,https://minio.kinaiauto.com/brand-logos/baic/primary-1778559758227.webp,brand-tab-logo,ok,,logo,BAIC,BAIC4,40,18,lazy,,,0
/modellek/xpeng/g9,https://minio.kinaiauto.com/brand-logos/byd/primary-1778557944140.svg,brand-tab-logo,ok,,logo,BYD,BYD14,40,18,lazy,,,1
/modellek/xpeng/g9,https://minio.kinaiauto.com/brand-logos/chery/primary-1778558725869.png,brand-tab-logo,ok,,logo,Chery,Chery4,40,18,lazy,,,2
/modellek/xpeng/g9,https://minio.kinaiauto.com/brand-logos/dongfeng/primary-1778559729586.png,brand-tab-logo,ok,,logo,Dongfeng,Dongfeng14,40,18,lazy,,,3
/modellek/xpeng/g9,https://minio.kinaiauto.com/brand-logos/firefly/primary-1778559676598.png,brand-tab-logo,ok,,logo,Firefly,Firefly1,40,18,lazy,,,4
/modellek/xpeng/g9,https://minio.kinaiauto.com/brand-logos/geely/primary-1778559713516.png,brand-tab-logo,ok,,logo,Geely,Geely2,40,18,lazy,,,5
/modellek/xpeng/g9,https://minio.kinaiauto.com/brand-logos/jaecoo/primary-1778559595733.png,brand-tab-logo,ok,,logo,Jaecoo,Jaecoo4,40,18,lazy,,,6
/modellek/xpeng/g9,https://minio.kinaiauto.com/brand-logos/leapmotor/primary-1778559701255.png,brand-tab-logo,ok,,logo,Leapmotor,Leapmotor5,40,18,lazy,,,7
/modellek/xpeng/g9,https://minio.kinaiauto.com/brand-logos/maxus/primary-1778559794186.png,brand-tab-logo,ok,,logo,Maxus,Maxus1,40,18,lazy,,,8
/modellek/xpeng/g9,https://minio.kinaiauto.com/brand-logos/mg/primary-1778559621942.png,brand-tab-logo,ok,,logo,MG,MG10,40,18,lazy,,,9
/modellek/xpeng/g9,https://minio.kinaiauto.com/brand-logos/nio/primary-1778559635265.svg,brand-tab-logo,ok,,logo,NIO,NIO4,40,18,lazy,,,10
/modellek/xpeng/g9,https://minio.kinaiauto.com/brand-logos/omoda/primary-1778559581219.png,brand-tab-logo,ok,,logo,Omoda,Omoda5,40,18,lazy,,,11
/modellek/xpeng/g9,https://minio.kinaiauto.com/brand-logos/voyah/primary-1778559743441.png,brand-tab-logo,ok,,logo,Voyah,Voyah6,40,18,lazy,,,12
/modellek/xpeng/g9,https://minio.kinaiauto.com/brand-logos/xpeng/primary-1778559688298.png,brand-tab-logo,ok,,logo,XPENG,XPENG4,40,18,lazy,,,13
/modellek/xpeng/g9,https://minio.kinaiauto.com/car-photos/xpeng/g9/hero-1778748733825.webp,,ok,,content,XPENG G9,,,,,,,14
/modellek/xpeng/g9,https://minio.kinaiauto.com/car-photos/xpeng/g9/hero-1778748733825.webp,,ok,,content,"XPENG G9 — külső fő nézet, fotó 1",Külső fő nézet,,,,,,15
/modellek/xpeng/g9,https://minio.kinaiauto.com/car-photos/xpeng/g9/exterior-1778748723378.webp,,ok,,content,"XPENG G9 — külső, fotó 2",Külső,,,,,,16
/modellek/xpeng/g9,https://minio.kinaiauto.com/car-photos/xpeng/g9/exterior-1778748724587.webp,,ok,,content,"XPENG G9 — külső, fotó 3",Külső,,,,,,17
/modellek/xpeng/g9,https://minio.kinaiauto.com/car-photos/xpeng/g9/exterior-1778748727577.webp,,ok,,content,"XPENG G9 — külső, fotó 4",Külső,,,,,,18
/modellek/xpeng/g9,https://minio.kinaiauto.com/car-photos/xpeng/g9/exterior-1778748728358.webp,,ok,,content,"XPENG G9 — külső, fotó 5",Külső+8 fotó,,,,,,19
/modellek/xpeng/g9,https://minio.kinaiauto.com/car-photos/byd/tang/hero-1778760549275.jpg,,ok,,content,Tang,"BYDTang25,0 M Ft — 29,5 M Ft",,,,,,20
/modellek/xpeng/g9,https://minio.kinaiauto.com/car-photos/nio/el6/hero-1778676636181.webp,,ok,,content,EL6,"NIOEL627,0 M Ft — 30,7 M Ft",,,,,,21
/modellek/xpeng/g9,https://minio.kinaiauto.com/car-photos/dongfeng/dfmherobev/exterior-1778906067417.webp,,ok,,content,MHERO 917 BEV,DongfengMHERO 917 BEV— — —,,,,,,22
/modellek/xpeng/g9,https://minio.kinaiauto.com/car-photos/voyah/voy_freebev/exterior-1778905784375.jpg,,ok,,content,FREE BEV,"VoyahFREE BEV34,9 M Ft — 34,9 M Ft",,,,,,23
/modellek/byd/atto-2,https://minio.kinaiauto.com/brand-logos/baic/primary-1778559758227.webp,brand-tab-logo,ok,,logo,BAIC,BAIC4,40,18,lazy,,,0
/modellek/byd/atto-2,https://minio.kinaiauto.com/brand-logos/byd/primary-1778557944140.svg,brand-tab-logo,ok,,logo,BYD,BYD14,40,18,lazy,,,1
/modellek/byd/atto-2,https://minio.kinaiauto.com/brand-logos/chery/primary-1778558725869.png,brand-tab-logo,ok,,logo,Chery,Chery4,40,18,lazy,,,2
/modellek/byd/atto-2,https://minio.kinaiauto.com/brand-logos/dongfeng/primary-1778559729586.png,brand-tab-logo,ok,,logo,Dongfeng,Dongfeng14,40,18,lazy,,,3
/modellek/byd/atto-2,https://minio.kinaiauto.com/brand-logos/firefly/primary-1778559676598.png,brand-tab-logo,ok,,logo,Firefly,Firefly1,40,18,lazy,,,4
/modellek/byd/atto-2,https://minio.kinaiauto.com/brand-logos/geely/primary-1778559713516.png,brand-tab-logo,ok,,logo,Geely,Geely2,40,18,lazy,,,5
/modellek/byd/atto-2,https://minio.kinaiauto.com/brand-logos/jaecoo/primary-1778559595733.png,brand-tab-logo,ok,,logo,Jaecoo,Jaecoo4,40,18,lazy,,,6
/modellek/byd/atto-2,https://minio.kinaiauto.com/brand-logos/leapmotor/primary-1778559701255.png,brand-tab-logo,ok,,logo,Leapmotor,Leapmotor5,40,18,lazy,,,7
/modellek/byd/atto-2,https://minio.kinaiauto.com/brand-logos/maxus/primary-1778559794186.png,brand-tab-logo,ok,,logo,Maxus,Maxus1,40,18,lazy,,,8
/modellek/byd/atto-2,https://minio.kinaiauto.com/brand-logos/mg/primary-1778559621942.png,brand-tab-logo,ok,,logo,MG,MG10,40,18,lazy,,,9
/modellek/byd/atto-2,https://minio.kinaiauto.com/brand-logos/nio/primary-1778559635265.svg,brand-tab-logo,ok,,logo,NIO,NIO4,40,18,lazy,,,10
/modellek/byd/atto-2,https://minio.kinaiauto.com/brand-logos/omoda/primary-1778559581219.png,brand-tab-logo,ok,,logo,Omoda,Omoda5,40,18,lazy,,,11
/modellek/byd/atto-2,https://minio.kinaiauto.com/brand-logos/voyah/primary-1778559743441.png,brand-tab-logo,ok,,logo,Voyah,Voyah6,40,18,lazy,,,12
/modellek/byd/atto-2,https://minio.kinaiauto.com/brand-logos/xpeng/primary-1778559688298.png,brand-tab-logo,ok,,logo,XPENG,XPENG4,40,18,lazy,,,13
/modellek/byd/atto-2,https://minio.kinaiauto.com/car-photos/byd/atto-2/hero-1778760931618.jpg,,ok,,content,BYD Atto 2,,,,,,,14
/modellek/byd/atto-2,https://minio.kinaiauto.com/car-photos/byd/atto-2/hero-1778760931618.jpg,,ok,,content,"BYD Atto 2 — külső fő nézet, fotó 1",Külső fő nézet,,,,,,15
/modellek/byd/atto-2,https://minio.kinaiauto.com/car-photos/byd/atto-2/exterior-1778760927488.jpg,,ok,,content,"BYD Atto 2 — külső, fotó 2",Külső,,,,,,16
/modellek/byd/atto-2,https://minio.kinaiauto.com/car-photos/byd/atto-2/exterior-1778760929077.jpg,,ok,,content,"BYD Atto 2 — külső, fotó 3",Külső,,,,,,17
/modellek/byd/atto-2,https://minio.kinaiauto.com/car-photos/byd/atto-2/exterior-1778760930371.jpg,,ok,,content,"BYD Atto 2 — külső, fotó 4",Külső,,,,,,18
/modellek/byd/atto-2,https://minio.kinaiauto.com/car-photos/byd/atto-2/exterior-1778760932682.jpg,,ok,,content,"BYD Atto 2 — külső, fotó 5",Külső+4 fotó,,,,,,19
/modellek/byd/atto-2,https://minio.kinaiauto.com/car-photos/byd/atto-2-dm-i/hero-1778761142169.webp,,ok,,content,Atto 2 DM-i,"BYDAtto 2 DM-i10,0 M Ft — 12,0 M Ft",,,,,,20
/modellek/byd/atto-2,https://minio.kinaiauto.com/car-photos/byd/atto3evo/hero-1778768095241.webp,,ok,,content,Atto 3 EVO,"BYDAtto 3 EVO14,8 M Ft — 18,5 M Ft",,,,,,21
/modellek/byd/atto-2,https://minio.kinaiauto.com/car-photos/byd/atto-3/exterior-1778761729154.jpg,,ok,,content,Atto 3,"BYDAtto 312,0 M Ft — 17,0 M Ft",,,,,,22
/modellek/byd/atto-2,https://minio.kinaiauto.com/car-photos/byd/dolphin/hero-1778761407392.jpg,,ok,,content,Dolphin,"BYDDolphin13,0 M Ft — 15,2 M Ft",,,,,,23
/modellek/dongfeng/forthing-u-tour-hev,https://minio.kinaiauto.com/brand-logos/baic/primary-1778559758227.webp,brand-tab-logo,ok,,logo,BAIC,BAIC4,40,18,lazy,,,0
/modellek/dongfeng/forthing-u-tour-hev,https://minio.kinaiauto.com/brand-logos/byd/primary-1778557944140.svg,brand-tab-logo,ok,,logo,BYD,BYD14,40,18,lazy,,,1
/modellek/dongfeng/forthing-u-tour-hev,https://minio.kinaiauto.com/brand-logos/chery/primary-1778558725869.png,brand-tab-logo,ok,,logo,Chery,Chery4,40,18,lazy,,,2
/modellek/dongfeng/forthing-u-tour-hev,https://minio.kinaiauto.com/brand-logos/dongfeng/primary-1778559729586.png,brand-tab-logo,ok,,logo,Dongfeng,Dongfeng14,40,18,lazy,,,3
/modellek/dongfeng/forthing-u-tour-hev,https://minio.kinaiauto.com/brand-logos/firefly/primary-1778559676598.png,brand-tab-logo,ok,,logo,Firefly,Firefly1,40,18,lazy,,,4
/modellek/dongfeng/forthing-u-tour-hev,https://minio.kinaiauto.com/brand-logos/geely/primary-1778559713516.png,brand-tab-logo,ok,,logo,Geely,Geely2,40,18,lazy,,,5
/modellek/dongfeng/forthing-u-tour-hev,https://minio.kinaiauto.com/brand-logos/jaecoo/primary-1778559595733.png,brand-tab-logo,ok,,logo,Jaecoo,Jaecoo4,40,18,lazy,,,6
/modellek/dongfeng/forthing-u-tour-hev,https://minio.kinaiauto.com/brand-logos/leapmotor/primary-1778559701255.png,brand-tab-logo,ok,,logo,Leapmotor,Leapmotor5,40,18,lazy,,,7
/modellek/dongfeng/forthing-u-tour-hev,https://minio.kinaiauto.com/brand-logos/maxus/primary-1778559794186.png,brand-tab-logo,ok,,logo,Maxus,Maxus1,40,18,lazy,,,8
/modellek/dongfeng/forthing-u-tour-hev,https://minio.kinaiauto.com/brand-logos/mg/primary-1778559621942.png,brand-tab-logo,ok,,logo,MG,MG10,40,18,lazy,,,9
/modellek/dongfeng/forthing-u-tour-hev,https://minio.kinaiauto.com/brand-logos/nio/primary-1778559635265.svg,brand-tab-logo,ok,,logo,NIO,NIO4,40,18,lazy,,,10
/modellek/dongfeng/forthing-u-tour-hev,https://minio.kinaiauto.com/brand-logos/omoda/primary-1778559581219.png,brand-tab-logo,ok,,logo,Omoda,Omoda5,40,18,lazy,,,11
/modellek/dongfeng/forthing-u-tour-hev,https://minio.kinaiauto.com/brand-logos/voyah/primary-1778559743441.png,brand-tab-logo,ok,,logo,Voyah,Voyah6,40,18,lazy,,,12
/modellek/dongfeng/forthing-u-tour-hev,https://minio.kinaiauto.com/brand-logos/xpeng/primary-1778559688298.png,brand-tab-logo,ok,,logo,XPENG,XPENG4,40,18,lazy,,,13
/modellek/dongfeng/forthing-u-tour-hev,https://minio.kinaiauto.com/car-photos/dongfeng/forthing-u-tour-hev/hero-1778753991828.jpg,,ok,,content,Dongfeng Forthing U-Tour HEV,,,,,,,14
/modellek/dongfeng/forthing-u-tour-hev,https://minio.kinaiauto.com/car-photos/dongfeng/forthing-u-tour-hev/hero-1778753991828.jpg,,ok,,content,"Dongfeng Forthing U-Tour HEV — külső fő nézet, fotó 1",Külső fő nézet,,,,,,15
/modellek/dongfeng/forthing-u-tour-hev,https://minio.kinaiauto.com/car-photos/dongfeng/forthing-u-tour-hev/exterior-1778753988370.jpg,,ok,,content,"Dongfeng Forthing U-Tour HEV — külső, fotó 2",Külső,,,,,,16
/modellek/dongfeng/forthing-u-tour-hev,https://minio.kinaiauto.com/car-photos/dongfeng/forthing-u-tour-hev/exterior-1778753990004.jpg,,ok,,content,"Dongfeng Forthing U-Tour HEV — külső, fotó 3",Külső,,,,,,17
/modellek/dongfeng/forthing-u-tour-hev,https://minio.kinaiauto.com/car-photos/dongfeng/forthing-u-tour-hev/exterior-1778753993274.jpg,,ok,,content,"Dongfeng Forthing U-Tour HEV — külső, fotó 4",Külső,,,,,,18
/modellek/dongfeng/forthing-u-tour-hev,https://minio.kinaiauto.com/car-photos/dongfeng/forthing-u-tour-hev/exterior-1778753994945.jpg,,ok,,content,"Dongfeng Forthing U-Tour HEV — külső, fotó 5",Külső+8 fotó,,,,,,19
/modellek/dongfeng/forthing-u-tour-hev,https://minio.kinaiauto.com/car-photos/dongfeng/dfutourv9phev/exterior-1778903555683.webp,,ok,,content,U Tour V9 PHEV,"DongfengU Tour V9 PHEV19,0 M Ft — 19,0 M Ft",,,,,,20
/modellek/dongfeng/forthing-u-tour-hev,https://minio.kinaiauto.com/car-photos/dongfeng/forthing-t5-evo-hev/hero-1778753813525.jpg,,ok,,content,Forthing T5 EVO HEV,"DongfengForthing T5 EVO HEV15,8 M Ft — 15,8 M Ft",,,,,,21
/modellek/dongfeng/forthing-u-tour-hev,https://minio.kinaiauto.com/car-photos/dongfeng/dfutour/exterior-1778903159308.webp,,ok,,content,U Tour,"DongfengU Tour12,4 M Ft — 12,4 M Ft",,,,,,22
/modellek/dongfeng/forthing-u-tour-hev,https://minio.kinaiauto.com/car-photos/xpeng/xpengg9/exterior-1779434734166.webp,,ok,,content,X9,"XPENGX930,0 M Ft — 35,9 M Ft",,,,,,23
/modellek/voyah/free-rev-318,https://minio.kinaiauto.com/brand-logos/baic/primary-1778559758227.webp,brand-tab-logo,ok,,logo,BAIC,BAIC4,40,18,lazy,,,0
/modellek/voyah/free-rev-318,https://minio.kinaiauto.com/brand-logos/byd/primary-1778557944140.svg,brand-tab-logo,ok,,logo,BYD,BYD14,40,18,lazy,,,1
/modellek/voyah/free-rev-318,https://minio.kinaiauto.com/brand-logos/chery/primary-1778558725869.png,brand-tab-logo,ok,,logo,Chery,Chery4,40,18,lazy,,,2
/modellek/voyah/free-rev-318,https://minio.kinaiauto.com/brand-logos/dongfeng/primary-1778559729586.png,brand-tab-logo,ok,,logo,Dongfeng,Dongfeng14,40,18,lazy,,,3
/modellek/voyah/free-rev-318,https://minio.kinaiauto.com/brand-logos/firefly/primary-1778559676598.png,brand-tab-logo,ok,,logo,Firefly,Firefly1,40,18,lazy,,,4
/modellek/voyah/free-rev-318,https://minio.kinaiauto.com/brand-logos/geely/primary-1778559713516.png,brand-tab-logo,ok,,logo,Geely,Geely2,40,18,lazy,,,5
/modellek/voyah/free-rev-318,https://minio.kinaiauto.com/brand-logos/jaecoo/primary-1778559595733.png,brand-tab-logo,ok,,logo,Jaecoo,Jaecoo4,40,18,lazy,,,6
/modellek/voyah/free-rev-318,https://minio.kinaiauto.com/brand-logos/leapmotor/primary-1778559701255.png,brand-tab-logo,ok,,logo,Leapmotor,Leapmotor5,40,18,lazy,,,7
/modellek/voyah/free-rev-318,https://minio.kinaiauto.com/brand-logos/maxus/primary-1778559794186.png,brand-tab-logo,ok,,logo,Maxus,Maxus1,40,18,lazy,,,8
/modellek/voyah/free-rev-318,https://minio.kinaiauto.com/brand-logos/mg/primary-1778559621942.png,brand-tab-logo,ok,,logo,MG,MG10,40,18,lazy,,,9
/modellek/voyah/free-rev-318,https://minio.kinaiauto.com/brand-logos/nio/primary-1778559635265.svg,brand-tab-logo,ok,,logo,NIO,NIO4,40,18,lazy,,,10
/modellek/voyah/free-rev-318,https://minio.kinaiauto.com/brand-logos/omoda/primary-1778559581219.png,brand-tab-logo,ok,,logo,Omoda,Omoda5,40,18,lazy,,,11
/modellek/voyah/free-rev-318,https://minio.kinaiauto.com/brand-logos/voyah/primary-1778559743441.png,brand-tab-logo,ok,,logo,Voyah,Voyah6,40,18,lazy,,,12
/modellek/voyah/free-rev-318,https://minio.kinaiauto.com/brand-logos/xpeng/primary-1778559688298.png,brand-tab-logo,ok,,logo,XPENG,XPENG4,40,18,lazy,,,13
/modellek/voyah/free-rev-318,https://minio.kinaiauto.com/car-photos/voyah/free-rev-318/hero-1778754529969.webp,,ok,,content,Voyah Free REV 318,,,,,,,14
/modellek/voyah/free-rev-318,https://minio.kinaiauto.com/car-photos/voyah/free-rev-318/hero-1778754529969.webp,,ok,,content,"Voyah Free REV 318 — külső fő nézet, fotó 1",Külső fő nézet,,,,,,15
/modellek/voyah/free-rev-318,https://minio.kinaiauto.com/car-photos/voyah/free-rev-318/exterior-1778754527349.webp,,ok,,content,"Voyah Free REV 318 — külső, fotó 2",Külső,,,,,,16
/modellek/voyah/free-rev-318,https://minio.kinaiauto.com/car-photos/voyah/free-rev-318/exterior-1778754531632.webp,,ok,,content,"Voyah Free REV 318 — külső, fotó 3",Külső,,,,,,17
/modellek/voyah/free-rev-318,https://minio.kinaiauto.com/car-photos/voyah/free-rev-318/exterior-1778754532572.webp,,ok,,content,"Voyah Free REV 318 — külső, fotó 4",Külső,,,,,,18
/modellek/voyah/free-rev-318,https://minio.kinaiauto.com/car-photos/voyah/free-rev-318/interior-1778754525752.webp,,ok,,content,"Voyah Free REV 318 — belső, fotó 5",Belső+5 fotó,,,,,,19
/modellek/voyah/free-rev-318,https://minio.kinaiauto.com/car-photos/chery/tiggo-9/hero-1778673464632.jpg,,ok,,content,Tiggo 9,"CheryTiggo 919,5 M Ft — 20,0 M Ft",,,,,,20
/modellek/voyah/free-rev-318,https://minio.kinaiauto.com/car-photos/omoda/omoda-9-shs-p/hero-1778749724323.jpg,,ok,,content,Omoda 9 SHS-P,"OmodaOmoda 9 SHS-P22,0 M Ft — 22,0 M Ft",,,,,,21
/modellek/voyah/free-rev-318,https://minio.kinaiauto.com/car-photos/dongfeng/fr_mhero917rev/exterior-1779516977084.webp,,ok,,content,MHERO 917 REV,"DongfengMHERO 917 REV71,2 M Ft — 71,2 M Ft",,,,,,22
/modellek/voyah/free-rev-318,https://minio.kinaiauto.com/car-photos/nio/el6/hero-1778676636181.webp,,ok,,content,EL6,"NIOEL627,0 M Ft — 30,7 M Ft",,,,,,23
/modellek/jaecoo/jaecoo-7,https://minio.kinaiauto.com/brand-logos/baic/primary-1778559758227.webp,brand-tab-logo,ok,,logo,BAIC,BAIC4,40,18,lazy,,,0
/modellek/jaecoo/jaecoo-7,https://minio.kinaiauto.com/brand-logos/byd/primary-1778557944140.svg,brand-tab-logo,ok,,logo,BYD,BYD14,40,18,lazy,,,1
/modellek/jaecoo/jaecoo-7,https://minio.kinaiauto.com/brand-logos/chery/primary-1778558725869.png,brand-tab-logo,ok,,logo,Chery,Chery4,40,18,lazy,,,2
/modellek/jaecoo/jaecoo-7,https://minio.kinaiauto.com/brand-logos/dongfeng/primary-1778559729586.png,brand-tab-logo,ok,,logo,Dongfeng,Dongfeng14,40,18,lazy,,,3
/modellek/jaecoo/jaecoo-7,https://minio.kinaiauto.com/brand-logos/firefly/primary-1778559676598.png,brand-tab-logo,ok,,logo,Firefly,Firefly1,40,18,lazy,,,4
/modellek/jaecoo/jaecoo-7,https://minio.kinaiauto.com/brand-logos/geely/primary-1778559713516.png,brand-tab-logo,ok,,logo,Geely,Geely2,40,18,lazy,,,5
/modellek/jaecoo/jaecoo-7,https://minio.kinaiauto.com/brand-logos/jaecoo/primary-1778559595733.png,brand-tab-logo,ok,,logo,Jaecoo,Jaecoo4,40,18,lazy,,,6
/modellek/jaecoo/jaecoo-7,https://minio.kinaiauto.com/brand-logos/leapmotor/primary-1778559701255.png,brand-tab-logo,ok,,logo,Leapmotor,Leapmotor5,40,18,lazy,,,7
/modellek/jaecoo/jaecoo-7,https://minio.kinaiauto.com/brand-logos/maxus/primary-1778559794186.png,brand-tab-logo,ok,,logo,Maxus,Maxus1,40,18,lazy,,,8
/modellek/jaecoo/jaecoo-7,https://minio.kinaiauto.com/brand-logos/mg/primary-1778559621942.png,brand-tab-logo,ok,,logo,MG,MG10,40,18,lazy,,,9
/modellek/jaecoo/jaecoo-7,https://minio.kinaiauto.com/brand-logos/nio/primary-1778559635265.svg,brand-tab-logo,ok,,logo,NIO,NIO4,40,18,lazy,,,10
/modellek/jaecoo/jaecoo-7,https://minio.kinaiauto.com/brand-logos/omoda/primary-1778559581219.png,brand-tab-logo,ok,,logo,Omoda,Omoda5,40,18,lazy,,,11
/modellek/jaecoo/jaecoo-7,https://minio.kinaiauto.com/brand-logos/voyah/primary-1778559743441.png,brand-tab-logo,ok,,logo,Voyah,Voyah6,40,18,lazy,,,12
/modellek/jaecoo/jaecoo-7,https://minio.kinaiauto.com/brand-logos/xpeng/primary-1778559688298.png,brand-tab-logo,ok,,logo,XPENG,XPENG4,40,18,lazy,,,13
/modellek/jaecoo/jaecoo-7,https://minio.kinaiauto.com/car-photos/jaecoo/jaecoo-7/hero-1778674101626.png,,ok,,content,Jaecoo Jaecoo 7,,,,,,,14
/modellek/jaecoo/jaecoo-7,https://minio.kinaiauto.com/car-photos/jaecoo/jaecoo-7/hero-1778674101626.png,,ok,,content,"Jaecoo 7 — külső fő nézet, fotó 1",Külső fő nézet,,,,,,15
/modellek/jaecoo/jaecoo-7,https://minio.kinaiauto.com/car-photos/jaecoo/jaecoo-7/exterior-1778674105202.jpg,,ok,,content,"Jaecoo 7 — külső, fotó 2",Külső,,,,,,16
/modellek/jaecoo/jaecoo-7,https://minio.kinaiauto.com/car-photos/jaecoo/jaecoo-7/exterior-1778674107773.jpg,,ok,,content,"Jaecoo 7 — külső, fotó 3",Külső,,,,,,17
/modellek/jaecoo/jaecoo-7,https://minio.kinaiauto.com/car-photos/jaecoo/jaecoo-7/exterior-1778674109008.jpg,,ok,,content,"Jaecoo 7 — külső, fotó 4",Külső,,,,,,18
/modellek/jaecoo/jaecoo-7,https://minio.kinaiauto.com/car-photos/jaecoo/jaecoo-7/exterior-1778674110089.jpg,,ok,,content,"Jaecoo 7 — külső, fotó 5",Külső+7 fotó,,,,,,19
/modellek/jaecoo/jaecoo-7,https://minio.kinaiauto.com/car-photos/dongfeng/shine-gs/hero-1778753439552.webp,,ok,,content,Shine GS,"DongfengShine GS8,7 M Ft — 8,7 M Ft",,,,,,20
/modellek/jaecoo/jaecoo-7,https://minio.kinaiauto.com/car-photos/mg/hs/hero-1778751286087.png,,ok,,content,MG HS,"MGMG HS10,0 M Ft — 12,2 M Ft",,,,,,21
/modellek/jaecoo/jaecoo-7,https://minio.kinaiauto.com/car-photos/jaecoo/jaecoo-7-shs-p/exterior-1778674010270.png,,ok,,content,Jaecoo 7 SHS-P,"JaecooJaecoo 7 SHS-P13,0 M Ft — 15,0 M Ft",,,,,,22
/modellek/jaecoo/jaecoo-7,https://minio.kinaiauto.com/car-photos/byd/seal-u-dm-i/hero-1778762075601.jpg,,ok,,content,Seal U DM-i,"BYDSeal U DM-i13,6 M Ft — 18,9 M Ft",,,,,,23
/modellek/jaecoo/jaecoo-5-ev,https://minio.kinaiauto.com/brand-logos/baic/primary-1778559758227.webp,brand-tab-logo,ok,,logo,BAIC,BAIC4,40,18,lazy,,,0
/modellek/jaecoo/jaecoo-5-ev,https://minio.kinaiauto.com/brand-logos/byd/primary-1778557944140.svg,brand-tab-logo,ok,,logo,BYD,BYD14,40,18,lazy,,,1
/modellek/jaecoo/jaecoo-5-ev,https://minio.kinaiauto.com/brand-logos/chery/primary-1778558725869.png,brand-tab-logo,ok,,logo,Chery,Chery4,40,18,lazy,,,2
/modellek/jaecoo/jaecoo-5-ev,https://minio.kinaiauto.com/brand-logos/dongfeng/primary-1778559729586.png,brand-tab-logo,ok,,logo,Dongfeng,Dongfeng14,40,18,lazy,,,3
/modellek/jaecoo/jaecoo-5-ev,https://minio.kinaiauto.com/brand-logos/firefly/primary-1778559676598.png,brand-tab-logo,ok,,logo,Firefly,Firefly1,40,18,lazy,,,4
/modellek/jaecoo/jaecoo-5-ev,https://minio.kinaiauto.com/brand-logos/geely/primary-1778559713516.png,brand-tab-logo,ok,,logo,Geely,Geely2,40,18,lazy,,,5
/modellek/jaecoo/jaecoo-5-ev,https://minio.kinaiauto.com/brand-logos/jaecoo/primary-1778559595733.png,brand-tab-logo,ok,,logo,Jaecoo,Jaecoo4,40,18,lazy,,,6
/modellek/jaecoo/jaecoo-5-ev,https://minio.kinaiauto.com/brand-logos/leapmotor/primary-1778559701255.png,brand-tab-logo,ok,,logo,Leapmotor,Leapmotor5,40,18,lazy,,,7
/modellek/jaecoo/jaecoo-5-ev,https://minio.kinaiauto.com/brand-logos/maxus/primary-1778559794186.png,brand-tab-logo,ok,,logo,Maxus,Maxus1,40,18,lazy,,,8
/modellek/jaecoo/jaecoo-5-ev,https://minio.kinaiauto.com/brand-logos/mg/primary-1778559621942.png,brand-tab-logo,ok,,logo,MG,MG10,40,18,lazy,,,9
/modellek/jaecoo/jaecoo-5-ev,https://minio.kinaiauto.com/brand-logos/nio/primary-1778559635265.svg,brand-tab-logo,ok,,logo,NIO,NIO4,40,18,lazy,,,10
/modellek/jaecoo/jaecoo-5-ev,https://minio.kinaiauto.com/brand-logos/omoda/primary-1778559581219.png,brand-tab-logo,ok,,logo,Omoda,Omoda5,40,18,lazy,,,11
/modellek/jaecoo/jaecoo-5-ev,https://minio.kinaiauto.com/brand-logos/voyah/primary-1778559743441.png,brand-tab-logo,ok,,logo,Voyah,Voyah6,40,18,lazy,,,12
/modellek/jaecoo/jaecoo-5-ev,https://minio.kinaiauto.com/brand-logos/xpeng/primary-1778559688298.png,brand-tab-logo,ok,,logo,XPENG,XPENG4,40,18,lazy,,,13
/modellek/jaecoo/jaecoo-5-ev,https://minio.kinaiauto.com/car-photos/jaecoo/jaecoo-5-ev/hero-1778674573749.jpg,,ok,,content,Jaecoo Jaecoo 5 ev,,,,,,,14
/modellek/jaecoo/jaecoo-5-ev,https://minio.kinaiauto.com/car-photos/jaecoo/jaecoo-5-ev/hero-1778674573749.jpg,,ok,,content,"Jaecoo 5 ev — külső fő nézet, fotó 1",Külső fő nézet,,,,,,15
/modellek/jaecoo/jaecoo-5-ev,https://minio.kinaiauto.com/car-photos/jaecoo/jaecoo-5-ev/exterior-1778674519398.jpg,,ok,,content,"Jaecoo 5 ev — külső, fotó 2",Külső,,,,,,16
/modellek/jaecoo/jaecoo-5-ev,https://minio.kinaiauto.com/car-photos/jaecoo/jaecoo-5-ev/exterior-1778674534615.jpg,,ok,,content,"Jaecoo 5 ev — külső, fotó 3",Külső,,,,,,17
/modellek/jaecoo/jaecoo-5-ev,https://minio.kinaiauto.com/car-photos/jaecoo/jaecoo-5-ev/exterior-1778674569503.jpg,,ok,,content,"Jaecoo 5 ev — külső, fotó 4",Külső,,,,,,18
/modellek/jaecoo/jaecoo-5-ev,https://minio.kinaiauto.com/car-photos/jaecoo/jaecoo-5-ev/exterior-1778674571461.jpg,,ok,,content,"Jaecoo 5 ev — külső, fotó 5",Külső+9 fotó,,,,,,19
/modellek/jaecoo/jaecoo-5-ev,https://minio.kinaiauto.com/car-photos/byd/atto3evo/hero-1778768095241.webp,,ok,,content,Atto 3 EVO,"BYDAtto 3 EVO14,8 M Ft — 18,5 M Ft",,,,,,20
/modellek/jaecoo/jaecoo-5-ev,https://minio.kinaiauto.com/car-photos/leapmotor/b10/hero-1778747659027.png,,ok,,content,B10,"LeapmotorB1012,2 M Ft — 15,0 M Ft",,,,,,21
/modellek/jaecoo/jaecoo-5-ev,https://minio.kinaiauto.com/car-photos/mg/mgs5-ev/hero-1778750454215.jpg,,ok,,content,MGS5 EV,"MGMGS5 EV12,2 M Ft — 14,7 M Ft",,,,,,22
/modellek/jaecoo/jaecoo-5-ev,https://minio.kinaiauto.com/car-photos/byd/atto-3/exterior-1778761729154.jpg,,ok,,content,Atto 3,"BYDAtto 312,0 M Ft — 17,0 M Ft",,,,,,23
/modellek/chery/tiggo-8,https://minio.kinaiauto.com/brand-logos/baic/primary-1778559758227.webp,brand-tab-logo,ok,,logo,BAIC,BAIC4,40,18,lazy,,,0
/modellek/chery/tiggo-8,https://minio.kinaiauto.com/brand-logos/byd/primary-1778557944140.svg,brand-tab-logo,ok,,logo,BYD,BYD14,40,18,lazy,,,1
/modellek/chery/tiggo-8,https://minio.kinaiauto.com/brand-logos/chery/primary-1778558725869.png,brand-tab-logo,ok,,logo,Chery,Chery4,40,18,lazy,,,2
/modellek/chery/tiggo-8,https://minio.kinaiauto.com/brand-logos/dongfeng/primary-1778559729586.png,brand-tab-logo,ok,,logo,Dongfeng,Dongfeng14,40,18,lazy,,,3
/modellek/chery/tiggo-8,https://minio.kinaiauto.com/brand-logos/firefly/primary-1778559676598.png,brand-tab-logo,ok,,logo,Firefly,Firefly1,40,18,lazy,,,4
/modellek/chery/tiggo-8,https://minio.kinaiauto.com/brand-logos/geely/primary-1778559713516.png,brand-tab-logo,ok,,logo,Geely,Geely2,40,18,lazy,,,5
/modellek/chery/tiggo-8,https://minio.kinaiauto.com/brand-logos/jaecoo/primary-1778559595733.png,brand-tab-logo,ok,,logo,Jaecoo,Jaecoo4,40,18,lazy,,,6
/modellek/chery/tiggo-8,https://minio.kinaiauto.com/brand-logos/leapmotor/primary-1778559701255.png,brand-tab-logo,ok,,logo,Leapmotor,Leapmotor5,40,18,lazy,,,7
/modellek/chery/tiggo-8,https://minio.kinaiauto.com/brand-logos/maxus/primary-1778559794186.png,brand-tab-logo,ok,,logo,Maxus,Maxus1,40,18,lazy,,,8
/modellek/chery/tiggo-8,https://minio.kinaiauto.com/brand-logos/mg/primary-1778559621942.png,brand-tab-logo,ok,,logo,MG,MG10,40,18,lazy,,,9
/modellek/chery/tiggo-8,https://minio.kinaiauto.com/brand-logos/nio/primary-1778559635265.svg,brand-tab-logo,ok,,logo,NIO,NIO4,40,18,lazy,,,10
/modellek/chery/tiggo-8,https://minio.kinaiauto.com/brand-logos/omoda/primary-1778559581219.png,brand-tab-logo,ok,,logo,Omoda,Omoda5,40,18,lazy,,,11
/modellek/chery/tiggo-8,https://minio.kinaiauto.com/brand-logos/voyah/primary-1778559743441.png,brand-tab-logo,ok,,logo,Voyah,Voyah6,40,18,lazy,,,12
/modellek/chery/tiggo-8,https://minio.kinaiauto.com/brand-logos/xpeng/primary-1778559688298.png,brand-tab-logo,ok,,logo,XPENG,XPENG4,40,18,lazy,,,13
/modellek/chery/tiggo-8,https://minio.kinaiauto.com/car-photos/chery/tiggo-8/hero-1778673288559.jpg,,ok,,content,Chery Tiggo 8,,,,,,,14
/modellek/chery/tiggo-8,https://minio.kinaiauto.com/car-photos/chery/tiggo-8/hero-1778673288559.jpg,,ok,,content,"Chery Tiggo 8 — külső fő nézet, fotó 1",Külső fő nézet,,,,,,15
/modellek/chery/tiggo-8,https://minio.kinaiauto.com/car-photos/chery/tiggo-8/exterior-1778673285156.jpg,,ok,,content,"Chery Tiggo 8 — külső, fotó 2",Külső,,,,,,16
/modellek/chery/tiggo-8,https://minio.kinaiauto.com/car-photos/chery/tiggo-8/exterior-1778673291310.webp,,ok,,content,"Chery Tiggo 8 — külső, fotó 3",Külső,,,,,,17
/modellek/chery/tiggo-8,https://minio.kinaiauto.com/car-photos/chery/tiggo-8/interior-1778673280810.jpg,,ok,,content,"Chery Tiggo 8 — belső, fotó 4",Belső,,,,,,18
/modellek/chery/tiggo-8,https://minio.kinaiauto.com/car-photos/chery/tiggo-8/interior-1778673282037.jpg,,ok,,content,"Chery Tiggo 8 — belső, fotó 5",Belső+9 fotó,,,,,,19
/modellek/chery/tiggo-8,https://minio.kinaiauto.com/car-photos/baic/baicbj60/hero-1778770212116.jpg,,ok,,content,BJ60,"BAICBJ6025,0 M Ft — 25,0 M Ft",,,,,,20
/modellek/chery/tiggo-8,https://minio.kinaiauto.com/car-photos/chery/tiggo-9/hero-1778673464632.jpg,,ok,,content,Tiggo 9,"CheryTiggo 919,5 M Ft — 20,0 M Ft",,,,,,21
/modellek/chery/tiggo-8,https://minio.kinaiauto.com/car-photos/chery/tiggo-7/exterior-1778673385236.webp,,ok,,content,Tiggo 7,"CheryTiggo 713,5 M Ft — 15,5 M Ft",,,,,,22
/modellek/chery/tiggo-8,https://minio.kinaiauto.com/car-photos/dongfeng/forthing-t5-evo-hev/hero-1778753813525.jpg,,ok,,content,Forthing T5 EVO HEV,"DongfengForthing T5 EVO HEV15,8 M Ft — 15,8 M Ft",,,,,,23
/modellek/chery/tiggo-4,https://minio.kinaiauto.com/brand-logos/baic/primary-1778559758227.webp,brand-tab-logo,ok,,logo,BAIC,BAIC4,40,18,lazy,,,0
/modellek/chery/tiggo-4,https://minio.kinaiauto.com/brand-logos/byd/primary-1778557944140.svg,brand-tab-logo,ok,,logo,BYD,BYD14,40,18,lazy,,,1
/modellek/chery/tiggo-4,https://minio.kinaiauto.com/brand-logos/chery/primary-1778558725869.png,brand-tab-logo,ok,,logo,Chery,Chery4,40,18,lazy,,,2
/modellek/chery/tiggo-4,https://minio.kinaiauto.com/brand-logos/dongfeng/primary-1778559729586.png,brand-tab-logo,ok,,logo,Dongfeng,Dongfeng14,40,18,lazy,,,3
/modellek/chery/tiggo-4,https://minio.kinaiauto.com/brand-logos/firefly/primary-1778559676598.png,brand-tab-logo,ok,,logo,Firefly,Firefly1,40,18,lazy,,,4
/modellek/chery/tiggo-4,https://minio.kinaiauto.com/brand-logos/geely/primary-1778559713516.png,brand-tab-logo,ok,,logo,Geely,Geely2,40,18,lazy,,,5
/modellek/chery/tiggo-4,https://minio.kinaiauto.com/brand-logos/jaecoo/primary-1778559595733.png,brand-tab-logo,ok,,logo,Jaecoo,Jaecoo4,40,18,lazy,,,6
/modellek/chery/tiggo-4,https://minio.kinaiauto.com/brand-logos/leapmotor/primary-1778559701255.png,brand-tab-logo,ok,,logo,Leapmotor,Leapmotor5,40,18,lazy,,,7
/modellek/chery/tiggo-4,https://minio.kinaiauto.com/brand-logos/maxus/primary-1778559794186.png,brand-tab-logo,ok,,logo,Maxus,Maxus1,40,18,lazy,,,8
/modellek/chery/tiggo-4,https://minio.kinaiauto.com/brand-logos/mg/primary-1778559621942.png,brand-tab-logo,ok,,logo,MG,MG10,40,18,lazy,,,9
/modellek/chery/tiggo-4,https://minio.kinaiauto.com/brand-logos/nio/primary-1778559635265.svg,brand-tab-logo,ok,,logo,NIO,NIO4,40,18,lazy,,,10
/modellek/chery/tiggo-4,https://minio.kinaiauto.com/brand-logos/omoda/primary-1778559581219.png,brand-tab-logo,ok,,logo,Omoda,Omoda5,40,18,lazy,,,11
/modellek/chery/tiggo-4,https://minio.kinaiauto.com/brand-logos/voyah/primary-1778559743441.png,brand-tab-logo,ok,,logo,Voyah,Voyah6,40,18,lazy,,,12
/modellek/chery/tiggo-4,https://minio.kinaiauto.com/brand-logos/xpeng/primary-1778559688298.png,brand-tab-logo,ok,,logo,XPENG,XPENG4,40,18,lazy,,,13
/modellek/chery/tiggo-4,https://minio.kinaiauto.com/car-photos/chery/tiggo-4/exterior-1778579251102.jpg,,ok,,content,Chery Tiggo 4,,,,,,,14
/modellek/chery/tiggo-4,https://minio.kinaiauto.com/car-photos/chery/tiggo-4/exterior-1778579251102.jpg,,ok,,content,"Chery Tiggo 4 — külső, fotó 1",Külső,,,,,,15
/modellek/chery/tiggo-4,https://minio.kinaiauto.com/car-photos/chery/tiggo-4/exterior-1778579249777.jpg,,ok,,content,"Chery Tiggo 4 — külső, fotó 2",Külső,,,,,,16
/modellek/chery/tiggo-4,https://minio.kinaiauto.com/car-photos/chery/tiggo-4/exterior-1778579252629.jpg,,ok,,content,"Chery Tiggo 4 — külső, fotó 3",Külső,,,,,,17
/modellek/chery/tiggo-4,https://minio.kinaiauto.com/car-photos/chery/tiggo-4/exterior-1778579259042.jpg,,ok,,content,"Chery Tiggo 4 — külső, fotó 4",Külső,,,,,,18
/modellek/chery/tiggo-4,https://minio.kinaiauto.com/car-photos/chery/tiggo-4/exterior-1778579261204.jpg,,ok,,content,"Chery Tiggo 4 — külső, fotó 5",Külső+11 fotó,,,,,,19
/modellek/chery/tiggo-4,https://minio.kinaiauto.com/car-photos/mg/mg-zs-hybrid-plus/hero-1778752042009.jpg,,ok,,content,MG ZS Hybrid+,"MGMG ZS Hybrid+10,4 M Ft — 12,1 M Ft",,,,,,20
/modellek/chery/tiggo-4,https://minio.kinaiauto.com/car-photos/omoda/omoda-5-shs-h/hero-1778749384663.jpg,,ok,,content,Omoda 5 SHS-H,"OmodaOmoda 5 SHS-H12,0 M Ft — 12,0 M Ft",,,,,,21
/modellek/chery/tiggo-4,https://minio.kinaiauto.com/car-photos/dongfeng/forthing-t5-evo-hev/hero-1778753813525.jpg,,ok,,content,Forthing T5 EVO HEV,"DongfengForthing T5 EVO HEV15,8 M Ft — 15,8 M Ft",,,,,,22
/modellek/chery/tiggo-4,https://minio.kinaiauto.com/car-photos/dongfeng/dfmage/exterior-1778902631789.webp,,ok,,content,MAGE,"DongfengMAGE9,4 M Ft — 9,4 M Ft",,,,,,23
/modellek/byd/tang,https://minio.kinaiauto.com/brand-logos/baic/primary-1778559758227.webp,brand-tab-logo,ok,,logo,BAIC,BAIC4,40,18,lazy,,,0
/modellek/byd/tang,https://minio.kinaiauto.com/brand-logos/byd/primary-1778557944140.svg,brand-tab-logo,ok,,logo,BYD,BYD14,40,18,lazy,,,1
/modellek/byd/tang,https://minio.kinaiauto.com/brand-logos/chery/primary-1778558725869.png,brand-tab-logo,ok,,logo,Chery,Chery4,40,18,lazy,,,2
/modellek/byd/tang,https://minio.kinaiauto.com/brand-logos/dongfeng/primary-1778559729586.png,brand-tab-logo,ok,,logo,Dongfeng,Dongfeng14,40,18,lazy,,,3
/modellek/byd/tang,https://minio.kinaiauto.com/brand-logos/firefly/primary-1778559676598.png,brand-tab-logo,ok,,logo,Firefly,Firefly1,40,18,lazy,,,4
/modellek/byd/tang,https://minio.kinaiauto.com/brand-logos/geely/primary-1778559713516.png,brand-tab-logo,ok,,logo,Geely,Geely2,40,18,lazy,,,5
/modellek/byd/tang,https://minio.kinaiauto.com/brand-logos/jaecoo/primary-1778559595733.png,brand-tab-logo,ok,,logo,Jaecoo,Jaecoo4,40,18,lazy,,,6
/modellek/byd/tang,https://minio.kinaiauto.com/brand-logos/leapmotor/primary-1778559701255.png,brand-tab-logo,ok,,logo,Leapmotor,Leapmotor5,40,18,lazy,,,7
/modellek/byd/tang,https://minio.kinaiauto.com/brand-logos/maxus/primary-1778559794186.png,brand-tab-logo,ok,,logo,Maxus,Maxus1,40,18,lazy,,,8
/modellek/byd/tang,https://minio.kinaiauto.com/brand-logos/mg/primary-1778559621942.png,brand-tab-logo,ok,,logo,MG,MG10,40,18,lazy,,,9
/modellek/byd/tang,https://minio.kinaiauto.com/brand-logos/nio/primary-1778559635265.svg,brand-tab-logo,ok,,logo,NIO,NIO4,40,18,lazy,,,10
/modellek/byd/tang,https://minio.kinaiauto.com/brand-logos/omoda/primary-1778559581219.png,brand-tab-logo,ok,,logo,Omoda,Omoda5,40,18,lazy,,,11
/modellek/byd/tang,https://minio.kinaiauto.com/brand-logos/voyah/primary-1778559743441.png,brand-tab-logo,ok,,logo,Voyah,Voyah6,40,18,lazy,,,12
/modellek/byd/tang,https://minio.kinaiauto.com/brand-logos/xpeng/primary-1778559688298.png,brand-tab-logo,ok,,logo,XPENG,XPENG4,40,18,lazy,,,13
/modellek/byd/tang,https://minio.kinaiauto.com/car-photos/byd/tang/hero-1778760549275.jpg,,ok,,content,BYD Tang,,,,,,,14
/modellek/byd/tang,https://minio.kinaiauto.com/car-photos/byd/tang/hero-1778760549275.jpg,,ok,,content,"BYD Tang — külső fő nézet, fotó 1",Külső fő nézet,,,,,,15
/modellek/byd/tang,https://minio.kinaiauto.com/car-photos/byd/tang/exterior-1778760546340.jpg,,ok,,content,"BYD Tang — külső, fotó 2",Külső,,,,,,16
/modellek/byd/tang,https://minio.kinaiauto.com/car-photos/byd/tang/exterior-1778760547738.jpg,,ok,,content,"BYD Tang — külső, fotó 3",Külső,,,,,,17
/modellek/byd/tang,https://minio.kinaiauto.com/car-photos/byd/tang/exterior-1778760550574.jpg,,ok,,content,"BYD Tang — külső, fotó 4",Külső,,,,,,18
/modellek/byd/tang,https://minio.kinaiauto.com/car-photos/byd/tang/exterior-1778760552009.jpg,,ok,,content,"BYD Tang — külső, fotó 5",Külső+17 fotó,,,,,,19
/modellek/byd/tang,https://minio.kinaiauto.com/car-photos/nio/el6/hero-1778676636181.webp,,ok,,content,EL6,"NIOEL627,0 M Ft — 30,7 M Ft",,,,,,20
/modellek/byd/tang,https://minio.kinaiauto.com/car-photos/xpeng/g9/hero-1778748733825.webp,,ok,,content,G9,"XPENGG922,0 M Ft — 29,8 M Ft",,,,,,21
/modellek/byd/tang,https://minio.kinaiauto.com/car-photos/dongfeng/dfmherobev/exterior-1778906067417.webp,,ok,,content,MHERO 917 BEV,DongfengMHERO 917 BEV— — —,,,,,,22
/modellek/byd/tang,https://minio.kinaiauto.com/car-photos/voyah/voy_freebev/exterior-1778905784375.jpg,,ok,,content,FREE BEV,"VoyahFREE BEV34,9 M Ft — 34,9 M Ft",,,,,,23
/modellek/firefly/firefly,https://minio.kinaiauto.com/brand-logos/baic/primary-1778559758227.webp,brand-tab-logo,ok,,logo,BAIC,BAIC4,40,18,lazy,,,0
/modellek/firefly/firefly,https://minio.kinaiauto.com/brand-logos/byd/primary-1778557944140.svg,brand-tab-logo,ok,,logo,BYD,BYD14,40,18,lazy,,,1
/modellek/firefly/firefly,https://minio.kinaiauto.com/brand-logos/chery/primary-1778558725869.png,brand-tab-logo,ok,,logo,Chery,Chery4,40,18,lazy,,,2
/modellek/firefly/firefly,https://minio.kinaiauto.com/brand-logos/dongfeng/primary-1778559729586.png,brand-tab-logo,ok,,logo,Dongfeng,Dongfeng14,40,18,lazy,,,3
/modellek/firefly/firefly,https://minio.kinaiauto.com/brand-logos/firefly/primary-1778559676598.png,brand-tab-logo,ok,,logo,Firefly,Firefly1,40,18,lazy,,,4
/modellek/firefly/firefly,https://minio.kinaiauto.com/brand-logos/geely/primary-1778559713516.png,brand-tab-logo,ok,,logo,Geely,Geely2,40,18,lazy,,,5
/modellek/firefly/firefly,https://minio.kinaiauto.com/brand-logos/jaecoo/primary-1778559595733.png,brand-tab-logo,ok,,logo,Jaecoo,Jaecoo4,40,18,lazy,,,6
/modellek/firefly/firefly,https://minio.kinaiauto.com/brand-logos/leapmotor/primary-1778559701255.png,brand-tab-logo,ok,,logo,Leapmotor,Leapmotor5,40,18,lazy,,,7
/modellek/firefly/firefly,https://minio.kinaiauto.com/brand-logos/maxus/primary-1778559794186.png,brand-tab-logo,ok,,logo,Maxus,Maxus1,40,18,lazy,,,8
/modellek/firefly/firefly,https://minio.kinaiauto.com/brand-logos/mg/primary-1778559621942.png,brand-tab-logo,ok,,logo,MG,MG10,40,18,lazy,,,9
/modellek/firefly/firefly,https://minio.kinaiauto.com/brand-logos/nio/primary-1778559635265.svg,brand-tab-logo,ok,,logo,NIO,NIO4,40,18,lazy,,,10
/modellek/firefly/firefly,https://minio.kinaiauto.com/brand-logos/omoda/primary-1778559581219.png,brand-tab-logo,ok,,logo,Omoda,Omoda5,40,18,lazy,,,11
/modellek/firefly/firefly,https://minio.kinaiauto.com/brand-logos/voyah/primary-1778559743441.png,brand-tab-logo,ok,,logo,Voyah,Voyah6,40,18,lazy,,,12
/modellek/firefly/firefly,https://minio.kinaiauto.com/brand-logos/xpeng/primary-1778559688298.png,brand-tab-logo,ok,,logo,XPENG,XPENG4,40,18,lazy,,,13
/modellek/firefly/firefly,https://minio.kinaiauto.com/car-photos/firefly/firefly/hero-1778663957253.webp,,ok,,content,Firefly Firefly,,,,,,,14
/modellek/firefly/firefly,https://minio.kinaiauto.com/car-photos/firefly/firefly/hero-1778663957253.webp,,ok,,content,"Firefly — külső fő nézet, fotó 1",Külső fő nézet,,,,,,15
/modellek/firefly/firefly,https://minio.kinaiauto.com/car-photos/firefly/firefly/exterior-1778663958874.webp,,ok,,content,"Firefly — külső, fotó 2",Külső,,,,,,16
/modellek/firefly/firefly,https://minio.kinaiauto.com/car-photos/firefly/firefly/exterior-1778663961944.webp,,ok,,content,"Firefly — külső, fotó 3",Külső,,,,,,17
/modellek/firefly/firefly,https://minio.kinaiauto.com/car-photos/firefly/firefly/exterior-1778663966067.webp,,ok,,content,"Firefly — külső, fotó 4",Külső,,,,,,18
/modellek/firefly/firefly,https://minio.kinaiauto.com/car-photos/firefly/firefly/exterior-1778663969461.webp,,ok,,content,"Firefly — külső, fotó 5",Külső+11 fotó,,,,,,19
/modellek/firefly/firefly,https://minio.kinaiauto.com/car-photos/dongfeng/box-e1/hero-1778753030994.jpg,,ok,,content,Box ,"DongfengBox 10,5 M Ft — 10,5 M Ft",,,,,,20
/modellek/firefly/firefly,https://minio.kinaiauto.com/car-photos/byd/dolphin-surf/hero-1778760800865.webp,,ok,,content,Dolphin Surf,"BYDDolphin Surf8,0 M Ft — 10,5 M Ft",,,,,,21
/modellek/firefly/firefly,https://minio.kinaiauto.com/car-photos/leapmotor/t03/hero-1778747314385.png,,ok,,content,T03,"LeapmotorT037,8 M Ft — 7,8 M Ft",,,,,,22
/modellek/firefly/firefly,https://minio.kinaiauto.com/car-photos/mg/mg3-hybrid-plus/hero-1778752493763.jpg,,ok,,content,MG3 Hybrid+,"MGMG3 Hybrid+8,7 M Ft — 9,9 M Ft",,,,,,23
/modellek/mg/zs,https://minio.kinaiauto.com/brand-logos/baic/primary-1778559758227.webp,brand-tab-logo,ok,,logo,BAIC,BAIC4,40,18,lazy,,,0
/modellek/mg/zs,https://minio.kinaiauto.com/brand-logos/byd/primary-1778557944140.svg,brand-tab-logo,ok,,logo,BYD,BYD14,40,18,lazy,,,1
/modellek/mg/zs,https://minio.kinaiauto.com/brand-logos/chery/primary-1778558725869.png,brand-tab-logo,ok,,logo,Chery,Chery4,40,18,lazy,,,2
/modellek/mg/zs,https://minio.kinaiauto.com/brand-logos/dongfeng/primary-1778559729586.png,brand-tab-logo,ok,,logo,Dongfeng,Dongfeng14,40,18,lazy,,,3
/modellek/mg/zs,https://minio.kinaiauto.com/brand-logos/firefly/primary-1778559676598.png,brand-tab-logo,ok,,logo,Firefly,Firefly1,40,18,lazy,,,4
/modellek/mg/zs,https://minio.kinaiauto.com/brand-logos/geely/primary-1778559713516.png,brand-tab-logo,ok,,logo,Geely,Geely2,40,18,lazy,,,5
/modellek/mg/zs,https://minio.kinaiauto.com/brand-logos/jaecoo/primary-1778559595733.png,brand-tab-logo,ok,,logo,Jaecoo,Jaecoo4,40,18,lazy,,,6
/modellek/mg/zs,https://minio.kinaiauto.com/brand-logos/leapmotor/primary-1778559701255.png,brand-tab-logo,ok,,logo,Leapmotor,Leapmotor5,40,18,lazy,,,7
/modellek/mg/zs,https://minio.kinaiauto.com/brand-logos/maxus/primary-1778559794186.png,brand-tab-logo,ok,,logo,Maxus,Maxus1,40,18,lazy,,,8
/modellek/mg/zs,https://minio.kinaiauto.com/brand-logos/mg/primary-1778559621942.png,brand-tab-logo,ok,,logo,MG,MG10,40,18,lazy,,,9
/modellek/mg/zs,https://minio.kinaiauto.com/brand-logos/nio/primary-1778559635265.svg,brand-tab-logo,ok,,logo,NIO,NIO4,40,18,lazy,,,10
/modellek/mg/zs,https://minio.kinaiauto.com/brand-logos/omoda/primary-1778559581219.png,brand-tab-logo,ok,,logo,Omoda,Omoda5,40,18,lazy,,,11
/modellek/mg/zs,https://minio.kinaiauto.com/brand-logos/voyah/primary-1778559743441.png,brand-tab-logo,ok,,logo,Voyah,Voyah6,40,18,lazy,,,12
/modellek/mg/zs,https://minio.kinaiauto.com/brand-logos/xpeng/primary-1778559688298.png,brand-tab-logo,ok,,logo,XPENG,XPENG4,40,18,lazy,,,13
/modellek/mg/zs,https://minio.kinaiauto.com/car-photos/mg/zs/hero-1778751980892.webp,,ok,,content,MG MG ZS,,,,,,,14
/modellek/mg/zs,https://minio.kinaiauto.com/car-photos/mg/zs/hero-1778751980892.webp,,ok,,content,"MG ZS — külső fő nézet, fotó 1",Külső fő nézet,,,,,,15
/modellek/mg/zs,https://minio.kinaiauto.com/car-photos/mg/zs/exterior-1778751960265.webp,,ok,,content,"MG ZS — külső, fotó 2",Külső,,,,,,16
/modellek/mg/zs,https://minio.kinaiauto.com/car-photos/mg/zs/exterior-1778751968712.webp,,ok,,content,"MG ZS — külső, fotó 3",Külső,,,,,,17
/modellek/mg/zs,https://minio.kinaiauto.com/car-photos/mg/zs/exterior-1778751969503.webp,,ok,,content,"MG ZS — külső, fotó 4",Külső,,,,,,18
/modellek/mg/zs,https://minio.kinaiauto.com/car-photos/mg/zs/exterior-1778751975452.png,,ok,,content,"MG ZS — külső, fotó 5",Külső+9 fotó,,,,,,19
/modellek/mg/zs,https://minio.kinaiauto.com/car-photos/dongfeng/dfmage/exterior-1778902631789.webp,,ok,,content,MAGE,"DongfengMAGE9,4 M Ft — 9,4 M Ft",,,,,,20
/modellek/mg/zs,https://minio.kinaiauto.com/car-photos/omoda/omoda-5/hero-1778749929827.jpg,,ok,,content,Omoda 5,"OmodaOmoda 59,5 M Ft — 12,0 M Ft",,,,,,21
/modellek/mg/zs,https://minio.kinaiauto.com/car-photos/jaecoo/jaecoo-5/hero-1778674332842.jpg,,ok,,content,Jaecoo 5,"JaecooJaecoo 510,5 M Ft — 10,5 M Ft",,,,,,22
/modellek/mg/zs,https://minio.kinaiauto.com/car-photos/mg/mg-zs-hybrid-plus/hero-1778752042009.jpg,,ok,,content,MG ZS Hybrid+,"MGMG ZS Hybrid+10,4 M Ft — 12,1 M Ft",,,,,,23
/modellek/byd/atto-3,https://minio.kinaiauto.com/brand-logos/baic/primary-1778559758227.webp,brand-tab-logo,ok,,logo,BAIC,BAIC4,40,18,lazy,,,0
/modellek/byd/atto-3,https://minio.kinaiauto.com/brand-logos/byd/primary-1778557944140.svg,brand-tab-logo,ok,,logo,BYD,BYD14,40,18,lazy,,,1
/modellek/byd/atto-3,https://minio.kinaiauto.com/brand-logos/chery/primary-1778558725869.png,brand-tab-logo,ok,,logo,Chery,Chery4,40,18,lazy,,,2
/modellek/byd/atto-3,https://minio.kinaiauto.com/brand-logos/dongfeng/primary-1778559729586.png,brand-tab-logo,ok,,logo,Dongfeng,Dongfeng14,40,18,lazy,,,3
/modellek/byd/atto-3,https://minio.kinaiauto.com/brand-logos/firefly/primary-1778559676598.png,brand-tab-logo,ok,,logo,Firefly,Firefly1,40,18,lazy,,,4
/modellek/byd/atto-3,https://minio.kinaiauto.com/brand-logos/geely/primary-1778559713516.png,brand-tab-logo,ok,,logo,Geely,Geely2,40,18,lazy,,,5
/modellek/byd/atto-3,https://minio.kinaiauto.com/brand-logos/jaecoo/primary-1778559595733.png,brand-tab-logo,ok,,logo,Jaecoo,Jaecoo4,40,18,lazy,,,6
/modellek/byd/atto-3,https://minio.kinaiauto.com/brand-logos/leapmotor/primary-1778559701255.png,brand-tab-logo,ok,,logo,Leapmotor,Leapmotor5,40,18,lazy,,,7
/modellek/byd/atto-3,https://minio.kinaiauto.com/brand-logos/maxus/primary-1778559794186.png,brand-tab-logo,ok,,logo,Maxus,Maxus1,40,18,lazy,,,8
/modellek/byd/atto-3,https://minio.kinaiauto.com/brand-logos/mg/primary-1778559621942.png,brand-tab-logo,ok,,logo,MG,MG10,40,18,lazy,,,9
/modellek/byd/atto-3,https://minio.kinaiauto.com/brand-logos/nio/primary-1778559635265.svg,brand-tab-logo,ok,,logo,NIO,NIO4,40,18,lazy,,,10
/modellek/byd/atto-3,https://minio.kinaiauto.com/brand-logos/omoda/primary-1778559581219.png,brand-tab-logo,ok,,logo,Omoda,Omoda5,40,18,lazy,,,11
/modellek/byd/atto-3,https://minio.kinaiauto.com/brand-logos/voyah/primary-1778559743441.png,brand-tab-logo,ok,,logo,Voyah,Voyah6,40,18,lazy,,,12
/modellek/byd/atto-3,https://minio.kinaiauto.com/brand-logos/xpeng/primary-1778559688298.png,brand-tab-logo,ok,,logo,XPENG,XPENG4,40,18,lazy,,,13
/modellek/byd/atto-3,https://minio.kinaiauto.com/car-photos/byd/atto-3/exterior-1778761729154.jpg,,ok,,content,BYD Atto 3,,,,,,,14
/modellek/byd/atto-3,https://minio.kinaiauto.com/car-photos/byd/atto-3/exterior-1778761729154.jpg,,ok,,content,"BYD Atto 3 — külső, fotó 1",Külső,,,,,,15
/modellek/byd/atto-3,https://minio.kinaiauto.com/car-photos/byd/atto-3/exterior-1778761730563.jpg,,ok,,content,"BYD Atto 3 — külső, fotó 2",Külső,,,,,,16
/modellek/byd/atto-3,https://minio.kinaiauto.com/car-photos/byd/atto-3/exterior-1778761732912.jpg,,ok,,content,"BYD Atto 3 — külső, fotó 3",Külső,,,,,,17
/modellek/byd/atto-3,https://minio.kinaiauto.com/car-photos/byd/atto-3/exterior-1778761733985.jpg,,ok,,content,"BYD Atto 3 — külső, fotó 4",Külső,,,,,,18
/modellek/byd/atto-3,https://minio.kinaiauto.com/car-photos/byd/atto-3/exterior-1778761735349.jpg,,ok,,content,"BYD Atto 3 — külső, fotó 5",Külső+4 fotó,,,,,,19
/modellek/byd/atto-3,https://minio.kinaiauto.com/car-photos/byd/atto3evo/hero-1778768095241.webp,,ok,,content,Atto 3 EVO,"BYDAtto 3 EVO14,8 M Ft — 18,5 M Ft",,,,,,20
/modellek/byd/atto-3,https://minio.kinaiauto.com/car-photos/leapmotor/b10/hero-1778747659027.png,,ok,,content,B10,"LeapmotorB1012,2 M Ft — 15,0 M Ft",,,,,,21
/modellek/byd/atto-3,https://minio.kinaiauto.com/car-photos/mg/mgs5-ev/hero-1778750454215.jpg,,ok,,content,MGS5 EV,"MGMGS5 EV12,2 M Ft — 14,7 M Ft",,,,,,22
/modellek/byd/atto-3,https://minio.kinaiauto.com/car-photos/jaecoo/jaecoo-5-ev/hero-1778674573749.jpg,,ok,,content,Jaecoo 5 ev,"JaecooJaecoo 5 ev15,0 M Ft — 15,5 M Ft",,,,,,23
/modellek/baic/x55,https://minio.kinaiauto.com/brand-logos/baic/primary-1778559758227.webp,brand-tab-logo,ok,,logo,BAIC,BAIC4,40,18,lazy,,,0
/modellek/baic/x55,https://minio.kinaiauto.com/brand-logos/byd/primary-1778557944140.svg,brand-tab-logo,ok,,logo,BYD,BYD14,40,18,lazy,,,1
/modellek/baic/x55,https://minio.kinaiauto.com/brand-logos/chery/primary-1778558725869.png,brand-tab-logo,ok,,logo,Chery,Chery4,40,18,lazy,,,2
/modellek/baic/x55,https://minio.kinaiauto.com/brand-logos/dongfeng/primary-1778559729586.png,brand-tab-logo,ok,,logo,Dongfeng,Dongfeng14,40,18,lazy,,,3
/modellek/baic/x55,https://minio.kinaiauto.com/brand-logos/firefly/primary-1778559676598.png,brand-tab-logo,ok,,logo,Firefly,Firefly1,40,18,lazy,,,4
/modellek/baic/x55,https://minio.kinaiauto.com/brand-logos/geely/primary-1778559713516.png,brand-tab-logo,ok,,logo,Geely,Geely2,40,18,lazy,,,5
/modellek/baic/x55,https://minio.kinaiauto.com/brand-logos/jaecoo/primary-1778559595733.png,brand-tab-logo,ok,,logo,Jaecoo,Jaecoo4,40,18,lazy,,,6
/modellek/baic/x55,https://minio.kinaiauto.com/brand-logos/leapmotor/primary-1778559701255.png,brand-tab-logo,ok,,logo,Leapmotor,Leapmotor5,40,18,lazy,,,7
/modellek/baic/x55,https://minio.kinaiauto.com/brand-logos/maxus/primary-1778559794186.png,brand-tab-logo,ok,,logo,Maxus,Maxus1,40,18,lazy,,,8
/modellek/baic/x55,https://minio.kinaiauto.com/brand-logos/mg/primary-1778559621942.png,brand-tab-logo,ok,,logo,MG,MG10,40,18,lazy,,,9
/modellek/baic/x55,https://minio.kinaiauto.com/brand-logos/nio/primary-1778559635265.svg,brand-tab-logo,ok,,logo,NIO,NIO4,40,18,lazy,,,10
/modellek/baic/x55,https://minio.kinaiauto.com/brand-logos/omoda/primary-1778559581219.png,brand-tab-logo,ok,,logo,Omoda,Omoda5,40,18,lazy,,,11
/modellek/baic/x55,https://minio.kinaiauto.com/brand-logos/voyah/primary-1778559743441.png,brand-tab-logo,ok,,logo,Voyah,Voyah6,40,18,lazy,,,12
/modellek/baic/x55,https://minio.kinaiauto.com/brand-logos/xpeng/primary-1778559688298.png,brand-tab-logo,ok,,logo,XPENG,XPENG4,40,18,lazy,,,13
/modellek/baic/x55,https://minio.kinaiauto.com/car-photos/baic/x55/hero-1778672419220.jpg,,ok,,content,BAIC X55,,,,,,,14
/modellek/baic/x55,https://minio.kinaiauto.com/car-photos/baic/x55/hero-1778672419220.jpg,,ok,,content,"BAIC X55 — külső fő nézet, fotó 1",Külső fő nézet,,,,,,15
/modellek/baic/x55,https://minio.kinaiauto.com/car-photos/baic/x55/exterior-1778672411180.jpg,,ok,,content,"BAIC X55 — külső, fotó 2",Külső,,,,,,16
/modellek/baic/x55,https://minio.kinaiauto.com/car-photos/baic/x55/exterior-1778672415798.jpg,,ok,,content,"BAIC X55 — külső, fotó 3",Külső,,,,,,17
/modellek/baic/x55,https://minio.kinaiauto.com/car-photos/baic/x55/exterior-1778672421893.jpg,,ok,,content,"BAIC X55 — külső, fotó 4",Külső,,,,,,18
/modellek/baic/x55,https://minio.kinaiauto.com/car-photos/baic/x55/exterior-1778672424441.jpg,,ok,,content,"BAIC X55 — külső, fotó 5",Külső+11 fotó,,,,,,19
/modellek/baic/x55,https://minio.kinaiauto.com/car-photos/baic/baicx7/hero-1778770008228.jpg,,ok,,content,X7,"BAICX713,0 M Ft — 15,0 M Ft",,,,,,20
/modellek/baic/x55,https://minio.kinaiauto.com/car-photos/dongfeng/dfmage/exterior-1778902631789.webp,,ok,,content,MAGE,"DongfengMAGE9,4 M Ft — 9,4 M Ft",,,,,,21
/modellek/baic/x55,https://minio.kinaiauto.com/car-photos/omoda/omoda-5/hero-1778749929827.jpg,,ok,,content,Omoda 5,"OmodaOmoda 59,5 M Ft — 12,0 M Ft",,,,,,22
/modellek/baic/x55,https://minio.kinaiauto.com/car-photos/jaecoo/jaecoo-5/hero-1778674332842.jpg,,ok,,content,Jaecoo 5,"JaecooJaecoo 510,5 M Ft — 10,5 M Ft",,,,,,23
/modellek/leapmotor/c10-hibrid-ev,https://minio.kinaiauto.com/brand-logos/baic/primary-1778559758227.webp,brand-tab-logo,ok,,logo,BAIC,BAIC4,40,18,lazy,,,0
/modellek/leapmotor/c10-hibrid-ev,https://minio.kinaiauto.com/brand-logos/byd/primary-1778557944140.svg,brand-tab-logo,ok,,logo,BYD,BYD14,40,18,lazy,,,1
/modellek/leapmotor/c10-hibrid-ev,https://minio.kinaiauto.com/brand-logos/chery/primary-1778558725869.png,brand-tab-logo,ok,,logo,Chery,Chery4,40,18,lazy,,,2
/modellek/leapmotor/c10-hibrid-ev,https://minio.kinaiauto.com/brand-logos/dongfeng/primary-1778559729586.png,brand-tab-logo,ok,,logo,Dongfeng,Dongfeng14,40,18,lazy,,,3
/modellek/leapmotor/c10-hibrid-ev,https://minio.kinaiauto.com/brand-logos/firefly/primary-1778559676598.png,brand-tab-logo,ok,,logo,Firefly,Firefly1,40,18,lazy,,,4
/modellek/leapmotor/c10-hibrid-ev,https://minio.kinaiauto.com/brand-logos/geely/primary-1778559713516.png,brand-tab-logo,ok,,logo,Geely,Geely2,40,18,lazy,,,5
/modellek/leapmotor/c10-hibrid-ev,https://minio.kinaiauto.com/brand-logos/jaecoo/primary-1778559595733.png,brand-tab-logo,ok,,logo,Jaecoo,Jaecoo4,40,18,lazy,,,6
/modellek/leapmotor/c10-hibrid-ev,https://minio.kinaiauto.com/brand-logos/leapmotor/primary-1778559701255.png,brand-tab-logo,ok,,logo,Leapmotor,Leapmotor5,40,18,lazy,,,7
/modellek/leapmotor/c10-hibrid-ev,https://minio.kinaiauto.com/brand-logos/maxus/primary-1778559794186.png,brand-tab-logo,ok,,logo,Maxus,Maxus1,40,18,lazy,,,8
/modellek/leapmotor/c10-hibrid-ev,https://minio.kinaiauto.com/brand-logos/mg/primary-1778559621942.png,brand-tab-logo,ok,,logo,MG,MG10,40,18,lazy,,,9
/modellek/leapmotor/c10-hibrid-ev,https://minio.kinaiauto.com/brand-logos/nio/primary-1778559635265.svg,brand-tab-logo,ok,,logo,NIO,NIO4,40,18,lazy,,,10
/modellek/leapmotor/c10-hibrid-ev,https://minio.kinaiauto.com/brand-logos/omoda/primary-1778559581219.png,brand-tab-logo,ok,,logo,Omoda,Omoda5,40,18,lazy,,,11
/modellek/leapmotor/c10-hibrid-ev,https://minio.kinaiauto.com/brand-logos/voyah/primary-1778559743441.png,brand-tab-logo,ok,,logo,Voyah,Voyah6,40,18,lazy,,,12
/modellek/leapmotor/c10-hibrid-ev,https://minio.kinaiauto.com/brand-logos/xpeng/primary-1778559688298.png,brand-tab-logo,ok,,logo,XPENG,XPENG4,40,18,lazy,,,13
/modellek/leapmotor/c10-hibrid-ev,https://minio.kinaiauto.com/car-photos/leapmotor/c10-hibrid-ev/hero-1778747479257.png,,ok,,content,Leapmotor C10 Hibrid-EV,,,,,,,14
/modellek/leapmotor/c10-hibrid-ev,https://minio.kinaiauto.com/car-photos/leapmotor/c10-hibrid-ev/hero-1778747479257.png,,ok,,content,"Leapmotor C10 Hibrid-EV — külső fő nézet, fotó 1",Külső fő nézet,,,,,,15
/modellek/leapmotor/c10-hibrid-ev,https://minio.kinaiauto.com/car-photos/leapmotor/c10-hibrid-ev/exterior-1778747477445.png,,ok,,content,"Leapmotor C10 Hibrid-EV — külső, fotó 2",Külső,,,,,,16
/modellek/leapmotor/c10-hibrid-ev,https://minio.kinaiauto.com/car-photos/leapmotor/c10-hibrid-ev/exterior-1778747481758.png,,ok,,content,"Leapmotor C10 Hibrid-EV — külső, fotó 3",Külső,,,,,,17
/modellek/leapmotor/c10-hibrid-ev,https://minio.kinaiauto.com/car-photos/leapmotor/c10-hibrid-ev/exterior-1778747488737.png,,ok,,content,"Leapmotor C10 Hibrid-EV — külső, fotó 4",Külső,,,,,,18
/modellek/leapmotor/c10-hibrid-ev,https://minio.kinaiauto.com/car-photos/leapmotor/c10-hibrid-ev/interior-1778747473984.png,,ok,,content,"Leapmotor C10 Hibrid-EV — belső, fotó 5",Belső+4 fotó,,,,,,19
/modellek/leapmotor/c10-hibrid-ev,https://minio.kinaiauto.com/car-photos/byd/seal-u-dm-i/hero-1778762075601.jpg,,ok,,content,Seal U DM-i,"BYDSeal U DM-i13,6 M Ft — 18,9 M Ft",,,,,,20
/modellek/leapmotor/c10-hibrid-ev,https://minio.kinaiauto.com/car-photos/mg/mg-hs-phev/hero-1778751526729.jpg,,ok,,content,MG HS PHEV,"MGMG HS PHEV14,3 M Ft — 15,4 M Ft",,,,,,21
/modellek/leapmotor/c10-hibrid-ev,https://minio.kinaiauto.com/car-photos/jaecoo/jaecoo-7-shs-p/exterior-1778674010270.png,,ok,,content,Jaecoo 7 SHS-P,"JaecooJaecoo 7 SHS-P13,0 M Ft — 15,0 M Ft",,,,,,22
/modellek/leapmotor/c10-hibrid-ev,https://minio.kinaiauto.com/car-photos/geely/starray-em-i/hero-1778672165914.jpg,,ok,,content,Starray EM-i,"GeelyStarray EM-i13,0 M Ft — 15,4 M Ft",,,,,,23
/modellek/dongfeng/shine-gs,https://minio.kinaiauto.com/brand-logos/baic/primary-1778559758227.webp,brand-tab-logo,ok,,logo,BAIC,BAIC4,40,18,lazy,,,0
/modellek/dongfeng/shine-gs,https://minio.kinaiauto.com/brand-logos/byd/primary-1778557944140.svg,brand-tab-logo,ok,,logo,BYD,BYD14,40,18,lazy,,,1
/modellek/dongfeng/shine-gs,https://minio.kinaiauto.com/brand-logos/chery/primary-1778558725869.png,brand-tab-logo,ok,,logo,Chery,Chery4,40,18,lazy,,,2
/modellek/dongfeng/shine-gs,https://minio.kinaiauto.com/brand-logos/dongfeng/primary-1778559729586.png,brand-tab-logo,ok,,logo,Dongfeng,Dongfeng14,40,18,lazy,,,3
/modellek/dongfeng/shine-gs,https://minio.kinaiauto.com/brand-logos/firefly/primary-1778559676598.png,brand-tab-logo,ok,,logo,Firefly,Firefly1,40,18,lazy,,,4
/modellek/dongfeng/shine-gs,https://minio.kinaiauto.com/brand-logos/geely/primary-1778559713516.png,brand-tab-logo,ok,,logo,Geely,Geely2,40,18,lazy,,,5
/modellek/dongfeng/shine-gs,https://minio.kinaiauto.com/brand-logos/jaecoo/primary-1778559595733.png,brand-tab-logo,ok,,logo,Jaecoo,Jaecoo4,40,18,lazy,,,6
/modellek/dongfeng/shine-gs,https://minio.kinaiauto.com/brand-logos/leapmotor/primary-1778559701255.png,brand-tab-logo,ok,,logo,Leapmotor,Leapmotor5,40,18,lazy,,,7
/modellek/dongfeng/shine-gs,https://minio.kinaiauto.com/brand-logos/maxus/primary-1778559794186.png,brand-tab-logo,ok,,logo,Maxus,Maxus1,40,18,lazy,,,8
/modellek/dongfeng/shine-gs,https://minio.kinaiauto.com/brand-logos/mg/primary-1778559621942.png,brand-tab-logo,ok,,logo,MG,MG10,40,18,lazy,,,9
/modellek/dongfeng/shine-gs,https://minio.kinaiauto.com/brand-logos/nio/primary-1778559635265.svg,brand-tab-logo,ok,,logo,NIO,NIO4,40,18,lazy,,,10
/modellek/dongfeng/shine-gs,https://minio.kinaiauto.com/brand-logos/omoda/primary-1778559581219.png,brand-tab-logo,ok,,logo,Omoda,Omoda5,40,18,lazy,,,11
/modellek/dongfeng/shine-gs,https://minio.kinaiauto.com/brand-logos/voyah/primary-1778559743441.png,brand-tab-logo,ok,,logo,Voyah,Voyah6,40,18,lazy,,,12
/modellek/dongfeng/shine-gs,https://minio.kinaiauto.com/brand-logos/xpeng/primary-1778559688298.png,brand-tab-logo,ok,,logo,XPENG,XPENG4,40,18,lazy,,,13
/modellek/dongfeng/shine-gs,https://minio.kinaiauto.com/car-photos/dongfeng/shine-gs/hero-1778753439552.webp,,ok,,content,Dongfeng Shine GS,,,,,,,14
/modellek/dongfeng/shine-gs,https://minio.kinaiauto.com/car-photos/dongfeng/shine-gs/hero-1778753439552.webp,,ok,,content,"Dongfeng Shine GS — külső fő nézet, fotó 1",Külső fő nézet,,,,,,15
/modellek/dongfeng/shine-gs,https://minio.kinaiauto.com/car-photos/dongfeng/shine-gs/exterior-1778753446095.png,,ok,,content,"Dongfeng Shine GS — külső, fotó 2",Külső,,,,,,16
/modellek/dongfeng/shine-gs,https://minio.kinaiauto.com/car-photos/dongfeng/shine-gs/exterior-1778753447053.png,,ok,,content,"Dongfeng Shine GS — külső, fotó 3",Külső,,,,,,17
/modellek/dongfeng/shine-gs,https://minio.kinaiauto.com/car-photos/dongfeng/shine-gs/interior-1778753438589.webp,,ok,,content,"Dongfeng Shine GS — belső, fotó 4",Belső,,,,,,18
/modellek/dongfeng/shine-gs,https://minio.kinaiauto.com/car-photos/dongfeng/shine-gs/interior-1778753440801.webp,,ok,,content,"Dongfeng Shine GS — belső, fotó 5",Belső+4 fotó,,,,,,19
/modellek/dongfeng/shine-gs,https://minio.kinaiauto.com/car-photos/jaecoo/jaecoo-7/hero-1778674101626.png,,ok,,content,Jaecoo 7,"JaecooJaecoo 711,5 M Ft — 13,0 M Ft",,,,,,20
/modellek/dongfeng/shine-gs,https://minio.kinaiauto.com/car-photos/mg/hs/hero-1778751286087.png,,ok,,content,MG HS,"MGMG HS10,0 M Ft — 12,2 M Ft",,,,,,21
/modellek/dongfeng/shine-gs,https://minio.kinaiauto.com/car-photos/dongfeng/dfmage/exterior-1778902631789.webp,,ok,,content,MAGE,"DongfengMAGE9,4 M Ft — 9,4 M Ft",,,,,,22
/modellek/dongfeng/shine-gs,https://minio.kinaiauto.com/car-photos/mg/mg-hs-hybrid-plus/hero-1778751458513.jpg,,ok,,content,MG HS Hybrid+,"MGMG HS Hybrid+11,9 M Ft — 12,9 M Ft",,,,,,23
/modellek/omoda/omoda-5-shs-h,https://minio.kinaiauto.com/brand-logos/baic/primary-1778559758227.webp,brand-tab-logo,ok,,logo,BAIC,BAIC4,40,18,lazy,,,0
/modellek/omoda/omoda-5-shs-h,https://minio.kinaiauto.com/brand-logos/byd/primary-1778557944140.svg,brand-tab-logo,ok,,logo,BYD,BYD14,40,18,lazy,,,1
/modellek/omoda/omoda-5-shs-h,https://minio.kinaiauto.com/brand-logos/chery/primary-1778558725869.png,brand-tab-logo,ok,,logo,Chery,Chery4,40,18,lazy,,,2
/modellek/omoda/omoda-5-shs-h,https://minio.kinaiauto.com/brand-logos/dongfeng/primary-1778559729586.png,brand-tab-logo,ok,,logo,Dongfeng,Dongfeng14,40,18,lazy,,,3
/modellek/omoda/omoda-5-shs-h,https://minio.kinaiauto.com/brand-logos/firefly/primary-1778559676598.png,brand-tab-logo,ok,,logo,Firefly,Firefly1,40,18,lazy,,,4
/modellek/omoda/omoda-5-shs-h,https://minio.kinaiauto.com/brand-logos/geely/primary-1778559713516.png,brand-tab-logo,ok,,logo,Geely,Geely2,40,18,lazy,,,5
/modellek/omoda/omoda-5-shs-h,https://minio.kinaiauto.com/brand-logos/jaecoo/primary-1778559595733.png,brand-tab-logo,ok,,logo,Jaecoo,Jaecoo4,40,18,lazy,,,6
/modellek/omoda/omoda-5-shs-h,https://minio.kinaiauto.com/brand-logos/leapmotor/primary-1778559701255.png,brand-tab-logo,ok,,logo,Leapmotor,Leapmotor5,40,18,lazy,,,7
/modellek/omoda/omoda-5-shs-h,https://minio.kinaiauto.com/brand-logos/maxus/primary-1778559794186.png,brand-tab-logo,ok,,logo,Maxus,Maxus1,40,18,lazy,,,8
/modellek/omoda/omoda-5-shs-h,https://minio.kinaiauto.com/brand-logos/mg/primary-1778559621942.png,brand-tab-logo,ok,,logo,MG,MG10,40,18,lazy,,,9
/modellek/omoda/omoda-5-shs-h,https://minio.kinaiauto.com/brand-logos/nio/primary-1778559635265.svg,brand-tab-logo,ok,,logo,NIO,NIO4,40,18,lazy,,,10
/modellek/omoda/omoda-5-shs-h,https://minio.kinaiauto.com/brand-logos/omoda/primary-1778559581219.png,brand-tab-logo,ok,,logo,Omoda,Omoda5,40,18,lazy,,,11
/modellek/omoda/omoda-5-shs-h,https://minio.kinaiauto.com/brand-logos/voyah/primary-1778559743441.png,brand-tab-logo,ok,,logo,Voyah,Voyah6,40,18,lazy,,,12
/modellek/omoda/omoda-5-shs-h,https://minio.kinaiauto.com/brand-logos/xpeng/primary-1778559688298.png,brand-tab-logo,ok,,logo,XPENG,XPENG4,40,18,lazy,,,13
/modellek/omoda/omoda-5-shs-h,https://minio.kinaiauto.com/car-photos/omoda/omoda-5-shs-h/hero-1778749384663.jpg,,ok,,content,Omoda Omoda 5 SHS-H,,,,,,,14
/modellek/omoda/omoda-5-shs-h,https://minio.kinaiauto.com/car-photos/omoda/omoda-5-shs-h/hero-1778749384663.jpg,,ok,,content,"Omoda 5 SHS-H — külső fő nézet, fotó 1",Külső fő nézet,,,,,,15
/modellek/omoda/omoda-5-shs-h,https://minio.kinaiauto.com/car-photos/omoda/omoda-5-shs-h/exterior-1778749371544.png,,ok,,content,"Omoda 5 SHS-H — külső, fotó 2",Külső,,,,,,16
/modellek/omoda/omoda-5-shs-h,https://minio.kinaiauto.com/car-photos/omoda/omoda-5-shs-h/exterior-1778749373085.jpg,,ok,,content,"Omoda 5 SHS-H — külső, fotó 3",Külső,,,,,,17
/modellek/omoda/omoda-5-shs-h,https://minio.kinaiauto.com/car-photos/omoda/omoda-5-shs-h/exterior-1778749375847.jpg,,ok,,content,"Omoda 5 SHS-H — külső, fotó 4",Külső,,,,,,18
/modellek/omoda/omoda-5-shs-h,https://minio.kinaiauto.com/car-photos/omoda/omoda-5-shs-h/exterior-1778749378785.jpg,,ok,,content,"Omoda 5 SHS-H — külső, fotó 5",Külső+6 fotó,,,,,,19
/modellek/omoda/omoda-5-shs-h,https://minio.kinaiauto.com/car-photos/dongfeng/forthing-t5-evo-hev/hero-1778753813525.jpg,,ok,,content,Forthing T5 EVO HEV,"DongfengForthing T5 EVO HEV15,8 M Ft — 15,8 M Ft",,,,,,20
/modellek/omoda/omoda-5-shs-h,https://minio.kinaiauto.com/car-photos/mg/mg-zs-hybrid-plus/hero-1778752042009.jpg,,ok,,content,MG ZS Hybrid+,"MGMG ZS Hybrid+10,4 M Ft — 12,1 M Ft",,,,,,21
/modellek/omoda/omoda-5-shs-h,https://minio.kinaiauto.com/car-photos/chery/tiggo-4/exterior-1778579251102.jpg,,ok,,content,Tiggo 4,"CheryTiggo 49,2 M Ft — 11,0 M Ft",,,,,,22
/modellek/omoda/omoda-5-shs-h,https://minio.kinaiauto.com/car-photos/omoda/omoda-5/hero-1778749929827.jpg,,ok,,content,Omoda 5,"OmodaOmoda 59,5 M Ft — 12,0 M Ft",,,,,,23
/modellek/baic/bj30e,https://minio.kinaiauto.com/brand-logos/baic/primary-1778559758227.webp,brand-tab-logo,ok,,logo,BAIC,BAIC4,40,18,lazy,,,0
/modellek/baic/bj30e,https://minio.kinaiauto.com/brand-logos/byd/primary-1778557944140.svg,brand-tab-logo,ok,,logo,BYD,BYD14,40,18,lazy,,,1
/modellek/baic/bj30e,https://minio.kinaiauto.com/brand-logos/chery/primary-1778558725869.png,brand-tab-logo,ok,,logo,Chery,Chery4,40,18,lazy,,,2
/modellek/baic/bj30e,https://minio.kinaiauto.com/brand-logos/dongfeng/primary-1778559729586.png,brand-tab-logo,ok,,logo,Dongfeng,Dongfeng14,40,18,lazy,,,3
/modellek/baic/bj30e,https://minio.kinaiauto.com/brand-logos/firefly/primary-1778559676598.png,brand-tab-logo,ok,,logo,Firefly,Firefly1,40,18,lazy,,,4
/modellek/baic/bj30e,https://minio.kinaiauto.com/brand-logos/geely/primary-1778559713516.png,brand-tab-logo,ok,,logo,Geely,Geely2,40,18,lazy,,,5
/modellek/baic/bj30e,https://minio.kinaiauto.com/brand-logos/jaecoo/primary-1778559595733.png,brand-tab-logo,ok,,logo,Jaecoo,Jaecoo4,40,18,lazy,,,6
/modellek/baic/bj30e,https://minio.kinaiauto.com/brand-logos/leapmotor/primary-1778559701255.png,brand-tab-logo,ok,,logo,Leapmotor,Leapmotor5,40,18,lazy,,,7
/modellek/baic/bj30e,https://minio.kinaiauto.com/brand-logos/maxus/primary-1778559794186.png,brand-tab-logo,ok,,logo,Maxus,Maxus1,40,18,lazy,,,8
/modellek/baic/bj30e,https://minio.kinaiauto.com/brand-logos/mg/primary-1778559621942.png,brand-tab-logo,ok,,logo,MG,MG10,40,18,lazy,,,9
/modellek/baic/bj30e,https://minio.kinaiauto.com/brand-logos/nio/primary-1778559635265.svg,brand-tab-logo,ok,,logo,NIO,NIO4,40,18,lazy,,,10
/modellek/baic/bj30e,https://minio.kinaiauto.com/brand-logos/omoda/primary-1778559581219.png,brand-tab-logo,ok,,logo,Omoda,Omoda5,40,18,lazy,,,11
/modellek/baic/bj30e,https://minio.kinaiauto.com/brand-logos/voyah/primary-1778559743441.png,brand-tab-logo,ok,,logo,Voyah,Voyah6,40,18,lazy,,,12
/modellek/baic/bj30e,https://minio.kinaiauto.com/brand-logos/xpeng/primary-1778559688298.png,brand-tab-logo,ok,,logo,XPENG,XPENG4,40,18,lazy,,,13
/modellek/baic/bj30e,https://minio.kinaiauto.com/car-photos/baic/bj30e/hero-1778770153379.jpg,,ok,,content,BAIC BJ30e,,,,,,,14
/modellek/baic/bj30e,https://minio.kinaiauto.com/car-photos/baic/bj30e/hero-1778770153379.jpg,,ok,,content,"BAIC BJ30e — külső fő nézet, fotó 1",Külső fő nézet,,,,,,15
/modellek/baic/bj30e,https://minio.kinaiauto.com/car-photos/baic/bj30e/exterior-1778770131648.jpg,,ok,,content,"BAIC BJ30e — külső, fotó 2",Külső,,,,,,16
/modellek/baic/bj30e,https://minio.kinaiauto.com/car-photos/baic/bj30e/exterior-1778770132874.webp,,ok,,content,"BAIC BJ30e — külső, fotó 3",Külső,,,,,,17
/modellek/baic/bj30e,https://minio.kinaiauto.com/car-photos/baic/bj30e/exterior-1778770133868.webp,,ok,,content,"BAIC BJ30e — külső, fotó 4",Külső,,,,,,18
/modellek/baic/bj30e,https://minio.kinaiauto.com/car-photos/baic/bj30e/exterior-1778770139437.webp,,ok,,content,"BAIC BJ30e — külső, fotó 5",Külső+13 fotó,,,,,,19
/modellek/baic/bj30e,https://minio.kinaiauto.com/car-photos/mg/mg-hs-hybrid-plus/hero-1778751458513.jpg,,ok,,content,MG HS Hybrid+,"MGMG HS Hybrid+11,9 M Ft — 12,9 M Ft",,,,,,20
/modellek/baic/bj30e,https://minio.kinaiauto.com/car-photos/chery/tiggo-7/exterior-1778673385236.webp,,ok,,content,Tiggo 7,"CheryTiggo 713,5 M Ft — 15,5 M Ft",,,,,,21
/modellek/baic/bj30e,https://minio.kinaiauto.com/car-photos/byd/sealion-7/exterior-1778761892342.jpg,,ok,,content,Sealion 7,"BYDSealion 719,0 M Ft — 22,0 M Ft",,,,,,22
/modellek/baic/bj30e,https://minio.kinaiauto.com/car-photos/byd/seal-u-dm-i/hero-1778762075601.jpg,,ok,,content,Seal U DM-i,"BYDSeal U DM-i13,6 M Ft — 18,9 M Ft",,,,,,23
/modellek/omoda/omoda-7-shs,https://minio.kinaiauto.com/brand-logos/baic/primary-1778559758227.webp,brand-tab-logo,ok,,logo,BAIC,BAIC4,40,18,lazy,,,0
/modellek/omoda/omoda-7-shs,https://minio.kinaiauto.com/brand-logos/byd/primary-1778557944140.svg,brand-tab-logo,ok,,logo,BYD,BYD14,40,18,lazy,,,1
/modellek/omoda/omoda-7-shs,https://minio.kinaiauto.com/brand-logos/chery/primary-1778558725869.png,brand-tab-logo,ok,,logo,Chery,Chery4,40,18,lazy,,,2
/modellek/omoda/omoda-7-shs,https://minio.kinaiauto.com/brand-logos/dongfeng/primary-1778559729586.png,brand-tab-logo,ok,,logo,Dongfeng,Dongfeng14,40,18,lazy,,,3
/modellek/omoda/omoda-7-shs,https://minio.kinaiauto.com/brand-logos/firefly/primary-1778559676598.png,brand-tab-logo,ok,,logo,Firefly,Firefly1,40,18,lazy,,,4
/modellek/omoda/omoda-7-shs,https://minio.kinaiauto.com/brand-logos/geely/primary-1778559713516.png,brand-tab-logo,ok,,logo,Geely,Geely2,40,18,lazy,,,5
/modellek/omoda/omoda-7-shs,https://minio.kinaiauto.com/brand-logos/jaecoo/primary-1778559595733.png,brand-tab-logo,ok,,logo,Jaecoo,Jaecoo4,40,18,lazy,,,6
/modellek/omoda/omoda-7-shs,https://minio.kinaiauto.com/brand-logos/leapmotor/primary-1778559701255.png,brand-tab-logo,ok,,logo,Leapmotor,Leapmotor5,40,18,lazy,,,7
/modellek/omoda/omoda-7-shs,https://minio.kinaiauto.com/brand-logos/maxus/primary-1778559794186.png,brand-tab-logo,ok,,logo,Maxus,Maxus1,40,18,lazy,,,8
/modellek/omoda/omoda-7-shs,https://minio.kinaiauto.com/brand-logos/mg/primary-1778559621942.png,brand-tab-logo,ok,,logo,MG,MG10,40,18,lazy,,,9
/modellek/omoda/omoda-7-shs,https://minio.kinaiauto.com/brand-logos/nio/primary-1778559635265.svg,brand-tab-logo,ok,,logo,NIO,NIO4,40,18,lazy,,,10
/modellek/omoda/omoda-7-shs,https://minio.kinaiauto.com/brand-logos/omoda/primary-1778559581219.png,brand-tab-logo,ok,,logo,Omoda,Omoda5,40,18,lazy,,,11
/modellek/omoda/omoda-7-shs,https://minio.kinaiauto.com/brand-logos/voyah/primary-1778559743441.png,brand-tab-logo,ok,,logo,Voyah,Voyah6,40,18,lazy,,,12
/modellek/omoda/omoda-7-shs,https://minio.kinaiauto.com/brand-logos/xpeng/primary-1778559688298.png,brand-tab-logo,ok,,logo,XPENG,XPENG4,40,18,lazy,,,13
/modellek/omoda/omoda-7-shs,https://minio.kinaiauto.com/car-photos/omoda/omoda-7-shs/hero-1778749818300.jpg,,ok,,content,Omoda Omoda 7 SHS,,,,,,,14
/modellek/omoda/omoda-7-shs,https://minio.kinaiauto.com/car-photos/omoda/omoda-7-shs/hero-1778749818300.jpg,,ok,,content,"Omoda 7 SHS — külső fő nézet, fotó 1",Külső fő nézet,,,,,,15
/modellek/omoda/omoda-7-shs,https://minio.kinaiauto.com/car-photos/omoda/omoda-7-shs/exterior-1778749809800.png,,ok,,content,"Omoda 7 SHS — külső, fotó 2",Külső,,,,,,16
/modellek/omoda/omoda-7-shs,https://minio.kinaiauto.com/car-photos/omoda/omoda-7-shs/exterior-1778749816861.jpg,,ok,,content,"Omoda 7 SHS — külső, fotó 3",Külső,,,,,,17
/modellek/omoda/omoda-7-shs,https://minio.kinaiauto.com/car-photos/omoda/omoda-7-shs/interior-1778749814501.jpg,,ok,,content,"Omoda 7 SHS — belső, fotó 4",Belső,,,,,,18
/modellek/omoda/omoda-7-shs,https://minio.kinaiauto.com/car-photos/omoda/omoda-7-shs/interior-1778749815516.jpg,,ok,,content,"Omoda 7 SHS — belső, fotó 5",Belső+3 fotó,,,,,,19
/modellek/omoda/omoda-7-shs,https://minio.kinaiauto.com/car-photos/byd/seal-u-dm-i/hero-1778762075601.jpg,,ok,,content,Seal U DM-i,"BYDSeal U DM-i13,6 M Ft — 18,9 M Ft",,,,,,20
/modellek/omoda/omoda-7-shs,https://minio.kinaiauto.com/car-photos/mg/mg-hs-phev/hero-1778751526729.jpg,,ok,,content,MG HS PHEV,"MGMG HS PHEV14,3 M Ft — 15,4 M Ft",,,,,,21
/modellek/omoda/omoda-7-shs,https://minio.kinaiauto.com/car-photos/leapmotor/c10-hibrid-ev/hero-1778747479257.png,,ok,,content,C10 Hibrid-EV,"LeapmotorC10 Hibrid-EV15,0 M Ft — 17,9 M Ft",,,,,,22
/modellek/omoda/omoda-7-shs,https://minio.kinaiauto.com/car-photos/jaecoo/jaecoo-7-shs-p/exterior-1778674010270.png,,ok,,content,Jaecoo 7 SHS-P,"JaecooJaecoo 7 SHS-P13,0 M Ft — 15,0 M Ft",,,,,,23
/modellek/byd/seal-6-dm-i,https://minio.kinaiauto.com/brand-logos/baic/primary-1778559758227.webp,brand-tab-logo,ok,,logo,BAIC,BAIC4,40,18,lazy,,,0
/modellek/byd/seal-6-dm-i,https://minio.kinaiauto.com/brand-logos/byd/primary-1778557944140.svg,brand-tab-logo,ok,,logo,BYD,BYD14,40,18,lazy,,,1
/modellek/byd/seal-6-dm-i,https://minio.kinaiauto.com/brand-logos/chery/primary-1778558725869.png,brand-tab-logo,ok,,logo,Chery,Chery4,40,18,lazy,,,2
/modellek/byd/seal-6-dm-i,https://minio.kinaiauto.com/brand-logos/dongfeng/primary-1778559729586.png,brand-tab-logo,ok,,logo,Dongfeng,Dongfeng14,40,18,lazy,,,3
/modellek/byd/seal-6-dm-i,https://minio.kinaiauto.com/brand-logos/firefly/primary-1778559676598.png,brand-tab-logo,ok,,logo,Firefly,Firefly1,40,18,lazy,,,4
/modellek/byd/seal-6-dm-i,https://minio.kinaiauto.com/brand-logos/geely/primary-1778559713516.png,brand-tab-logo,ok,,logo,Geely,Geely2,40,18,lazy,,,5
/modellek/byd/seal-6-dm-i,https://minio.kinaiauto.com/brand-logos/jaecoo/primary-1778559595733.png,brand-tab-logo,ok,,logo,Jaecoo,Jaecoo4,40,18,lazy,,,6
/modellek/byd/seal-6-dm-i,https://minio.kinaiauto.com/brand-logos/leapmotor/primary-1778559701255.png,brand-tab-logo,ok,,logo,Leapmotor,Leapmotor5,40,18,lazy,,,7
/modellek/byd/seal-6-dm-i,https://minio.kinaiauto.com/brand-logos/maxus/primary-1778559794186.png,brand-tab-logo,ok,,logo,Maxus,Maxus1,40,18,lazy,,,8
/modellek/byd/seal-6-dm-i,https://minio.kinaiauto.com/brand-logos/mg/primary-1778559621942.png,brand-tab-logo,ok,,logo,MG,MG10,40,18,lazy,,,9
/modellek/byd/seal-6-dm-i,https://minio.kinaiauto.com/brand-logos/nio/primary-1778559635265.svg,brand-tab-logo,ok,,logo,NIO,NIO4,40,18,lazy,,,10
/modellek/byd/seal-6-dm-i,https://minio.kinaiauto.com/brand-logos/omoda/primary-1778559581219.png,brand-tab-logo,ok,,logo,Omoda,Omoda5,40,18,lazy,,,11
/modellek/byd/seal-6-dm-i,https://minio.kinaiauto.com/brand-logos/voyah/primary-1778559743441.png,brand-tab-logo,ok,,logo,Voyah,Voyah6,40,18,lazy,,,12
/modellek/byd/seal-6-dm-i,https://minio.kinaiauto.com/brand-logos/xpeng/primary-1778559688298.png,brand-tab-logo,ok,,logo,XPENG,XPENG4,40,18,lazy,,,13
/modellek/byd/seal-6-dm-i,https://minio.kinaiauto.com/car-photos/byd/seal-6-dm-i/hero-1778762471236.webp,,ok,,content,BYD Seal 6 DM-i,,,,,,,14
/modellek/byd/seal-6-dm-i,https://minio.kinaiauto.com/car-photos/byd/seal-6-dm-i/hero-1778762471236.webp,,ok,,content,"BYD Seal 6 DM-i — külső fő nézet, fotó 1",Külső fő nézet,,,,,,15
/modellek/byd/seal-6-dm-i,https://minio.kinaiauto.com/car-photos/byd/seal-6-dm-i/exterior-1778762465947.webp,,ok,,content,"BYD Seal 6 DM-i — külső, fotó 2",Külső,,,,,,16
/modellek/byd/seal-6-dm-i,https://minio.kinaiauto.com/car-photos/byd/seal-6-dm-i/exterior-1778762467564.webp,,ok,,content,"BYD Seal 6 DM-i — külső, fotó 3",Külső,,,,,,17
/modellek/byd/seal-6-dm-i,https://minio.kinaiauto.com/car-photos/byd/seal-6-dm-i/exterior-1778762472274.webp,,ok,,content,"BYD Seal 6 DM-i — külső, fotó 4",Külső,,,,,,18
/modellek/byd/seal-6-dm-i,https://minio.kinaiauto.com/car-photos/byd/seal-6-dm-i/exterior-1778762473378.webp,,ok,,content,"BYD Seal 6 DM-i — külső, fotó 5",Külső+8 fotó,,,,,,19
/modellek/byd/seal-6-dm-i,https://minio.kinaiauto.com/car-photos/byd/seal/hero-1778762595469.jpg,,ok,,content,Seal,"BYDSeal16,0 M Ft — 20,0 M Ft",,,,,,20
/modellek/byd/seal-6-dm-i,https://minio.kinaiauto.com/car-photos/voyah/voy_passion/exterior-1778905479406.webp,,ok,,content,Passion PHEV,"VoyahPassion PHEV26,0 M Ft — 26,0 M Ft",,,,,,21
/modellek/byd/seal-6-dm-i,https://minio.kinaiauto.com/car-photos/byd/seal-u-dm-i/hero-1778762075601.jpg,,ok,,content,Seal U DM-i,"BYDSeal U DM-i13,6 M Ft — 18,9 M Ft",,,,,,22
/modellek/byd/seal-6-dm-i,https://minio.kinaiauto.com/car-photos/byd/Sealion_5_DM-i/hero-1778760709829.webp,,ok,,content,Sealion 5 DM-i,"BYDSealion 5 DM-i13,2 M Ft — 14,3 M Ft",,,,,,23
/modellek/mg/hs,https://minio.kinaiauto.com/brand-logos/baic/primary-1778559758227.webp,brand-tab-logo,ok,,logo,BAIC,BAIC4,40,18,lazy,,,0
/modellek/mg/hs,https://minio.kinaiauto.com/brand-logos/byd/primary-1778557944140.svg,brand-tab-logo,ok,,logo,BYD,BYD14,40,18,lazy,,,1
/modellek/mg/hs,https://minio.kinaiauto.com/brand-logos/chery/primary-1778558725869.png,brand-tab-logo,ok,,logo,Chery,Chery4,40,18,lazy,,,2
/modellek/mg/hs,https://minio.kinaiauto.com/brand-logos/dongfeng/primary-1778559729586.png,brand-tab-logo,ok,,logo,Dongfeng,Dongfeng14,40,18,lazy,,,3
/modellek/mg/hs,https://minio.kinaiauto.com/brand-logos/firefly/primary-1778559676598.png,brand-tab-logo,ok,,logo,Firefly,Firefly1,40,18,lazy,,,4
/modellek/mg/hs,https://minio.kinaiauto.com/brand-logos/geely/primary-1778559713516.png,brand-tab-logo,ok,,logo,Geely,Geely2,40,18,lazy,,,5
/modellek/mg/hs,https://minio.kinaiauto.com/brand-logos/jaecoo/primary-1778559595733.png,brand-tab-logo,ok,,logo,Jaecoo,Jaecoo4,40,18,lazy,,,6
/modellek/mg/hs,https://minio.kinaiauto.com/brand-logos/leapmotor/primary-1778559701255.png,brand-tab-logo,ok,,logo,Leapmotor,Leapmotor5,40,18,lazy,,,7
/modellek/mg/hs,https://minio.kinaiauto.com/brand-logos/maxus/primary-1778559794186.png,brand-tab-logo,ok,,logo,Maxus,Maxus1,40,18,lazy,,,8
/modellek/mg/hs,https://minio.kinaiauto.com/brand-logos/mg/primary-1778559621942.png,brand-tab-logo,ok,,logo,MG,MG10,40,18,lazy,,,9
/modellek/mg/hs,https://minio.kinaiauto.com/brand-logos/nio/primary-1778559635265.svg,brand-tab-logo,ok,,logo,NIO,NIO4,40,18,lazy,,,10
/modellek/mg/hs,https://minio.kinaiauto.com/brand-logos/omoda/primary-1778559581219.png,brand-tab-logo,ok,,logo,Omoda,Omoda5,40,18,lazy,,,11
/modellek/mg/hs,https://minio.kinaiauto.com/brand-logos/voyah/primary-1778559743441.png,brand-tab-logo,ok,,logo,Voyah,Voyah6,40,18,lazy,,,12
/modellek/mg/hs,https://minio.kinaiauto.com/brand-logos/xpeng/primary-1778559688298.png,brand-tab-logo,ok,,logo,XPENG,XPENG4,40,18,lazy,,,13
/modellek/mg/hs,https://minio.kinaiauto.com/car-photos/mg/hs/hero-1778751286087.png,,ok,,content,MG MG HS,,,,,,,14
/modellek/mg/hs,https://minio.kinaiauto.com/car-photos/mg/hs/hero-1778751286087.png,,ok,,content,"MG HS — külső fő nézet, fotó 1",Külső fő nézet,,,,,,15
/modellek/mg/hs,https://minio.kinaiauto.com/car-photos/mg/hs/exterior-1778751283447.webp,,ok,,content,"MG HS — külső, fotó 2",Külső,,,,,,16
/modellek/mg/hs,https://minio.kinaiauto.com/car-photos/mg/hs/exterior-1778751287096.webp,,ok,,content,"MG HS — külső, fotó 3",Külső,,,,,,17
/modellek/mg/hs,https://minio.kinaiauto.com/car-photos/mg/hs/exterior-1778751289693.jpg,,ok,,content,"MG HS — külső, fotó 4",Külső,,,,,,18
/modellek/mg/hs,https://minio.kinaiauto.com/car-photos/mg/hs/exterior-1778751292227.jpg,,ok,,content,"MG HS — külső, fotó 5",Külső+8 fotó,,,,,,19
/modellek/mg/hs,https://minio.kinaiauto.com/car-photos/jaecoo/jaecoo-7/hero-1778674101626.png,,ok,,content,Jaecoo 7,"JaecooJaecoo 711,5 M Ft — 13,0 M Ft",,,,,,20
/modellek/mg/hs,https://minio.kinaiauto.com/car-photos/dongfeng/shine-gs/hero-1778753439552.webp,,ok,,content,Shine GS,"DongfengShine GS8,7 M Ft — 8,7 M Ft",,,,,,21
/modellek/mg/hs,https://minio.kinaiauto.com/car-photos/mg/mg-hs-hybrid-plus/hero-1778751458513.jpg,,ok,,content,MG HS Hybrid+,"MGMG HS Hybrid+11,9 M Ft — 12,9 M Ft",,,,,,22
/modellek/mg/hs,https://minio.kinaiauto.com/car-photos/byd/seal-u-dm-i/hero-1778762075601.jpg,,ok,,content,Seal U DM-i,"BYDSeal U DM-i13,6 M Ft — 18,9 M Ft",,,,,,23
/modellek/byd/dolphin,https://minio.kinaiauto.com/brand-logos/baic/primary-1778559758227.webp,brand-tab-logo,ok,,logo,BAIC,BAIC4,40,18,lazy,,,0
/modellek/byd/dolphin,https://minio.kinaiauto.com/brand-logos/byd/primary-1778557944140.svg,brand-tab-logo,ok,,logo,BYD,BYD14,40,18,lazy,,,1
/modellek/byd/dolphin,https://minio.kinaiauto.com/brand-logos/chery/primary-1778558725869.png,brand-tab-logo,ok,,logo,Chery,Chery4,40,18,lazy,,,2
/modellek/byd/dolphin,https://minio.kinaiauto.com/brand-logos/dongfeng/primary-1778559729586.png,brand-tab-logo,ok,,logo,Dongfeng,Dongfeng14,40,18,lazy,,,3
/modellek/byd/dolphin,https://minio.kinaiauto.com/brand-logos/firefly/primary-1778559676598.png,brand-tab-logo,ok,,logo,Firefly,Firefly1,40,18,lazy,,,4
/modellek/byd/dolphin,https://minio.kinaiauto.com/brand-logos/geely/primary-1778559713516.png,brand-tab-logo,ok,,logo,Geely,Geely2,40,18,lazy,,,5
/modellek/byd/dolphin,https://minio.kinaiauto.com/brand-logos/jaecoo/primary-1778559595733.png,brand-tab-logo,ok,,logo,Jaecoo,Jaecoo4,40,18,lazy,,,6
/modellek/byd/dolphin,https://minio.kinaiauto.com/brand-logos/leapmotor/primary-1778559701255.png,brand-tab-logo,ok,,logo,Leapmotor,Leapmotor5,40,18,lazy,,,7
/modellek/byd/dolphin,https://minio.kinaiauto.com/brand-logos/maxus/primary-1778559794186.png,brand-tab-logo,ok,,logo,Maxus,Maxus1,40,18,lazy,,,8
/modellek/byd/dolphin,https://minio.kinaiauto.com/brand-logos/mg/primary-1778559621942.png,brand-tab-logo,ok,,logo,MG,MG10,40,18,lazy,,,9
/modellek/byd/dolphin,https://minio.kinaiauto.com/brand-logos/nio/primary-1778559635265.svg,brand-tab-logo,ok,,logo,NIO,NIO4,40,18,lazy,,,10
/modellek/byd/dolphin,https://minio.kinaiauto.com/brand-logos/omoda/primary-1778559581219.png,brand-tab-logo,ok,,logo,Omoda,Omoda5,40,18,lazy,,,11
/modellek/byd/dolphin,https://minio.kinaiauto.com/brand-logos/voyah/primary-1778559743441.png,brand-tab-logo,ok,,logo,Voyah,Voyah6,40,18,lazy,,,12
/modellek/byd/dolphin,https://minio.kinaiauto.com/brand-logos/xpeng/primary-1778559688298.png,brand-tab-logo,ok,,logo,XPENG,XPENG4,40,18,lazy,,,13
/modellek/byd/dolphin,https://minio.kinaiauto.com/car-photos/byd/dolphin/hero-1778761407392.jpg,,ok,,content,BYD Dolphin,,,,,,,14
/modellek/byd/dolphin,https://minio.kinaiauto.com/car-photos/byd/dolphin/hero-1778761407392.jpg,,ok,,content,"BYD Dolphin — külső fő nézet, fotó 1",Külső fő nézet,,,,,,15
/modellek/byd/dolphin,https://minio.kinaiauto.com/car-photos/byd/dolphin/exterior-1778761405073.jpg,,ok,,content,"BYD Dolphin — külső, fotó 2",Külső,,,,,,16
/modellek/byd/dolphin,https://minio.kinaiauto.com/car-photos/byd/dolphin/exterior-1778761411553.jpg,,ok,,content,"BYD Dolphin — külső, fotó 3",Külső,,,,,,17
/modellek/byd/dolphin,https://minio.kinaiauto.com/car-photos/byd/dolphin/exterior-1778761413615.jpg,,ok,,content,"BYD Dolphin — külső, fotó 4",Külső,,,,,,18
/modellek/byd/dolphin,https://minio.kinaiauto.com/car-photos/byd/dolphin/exterior-1778761414891.jpg,,ok,,content,"BYD Dolphin — külső, fotó 5",Külső+9 fotó,,,,,,19
/modellek/byd/dolphin,https://minio.kinaiauto.com/car-photos/mg/mg4-electric/exterior-1778751369206.jpg,,ok,,content,MG4 Electric,"MGMG4 Electric11,3 M Ft — 15,9 M Ft",,,,,,20
/modellek/byd/dolphin,https://minio.kinaiauto.com/car-photos/byd/seal/hero-1778762595469.jpg,,ok,,content,Seal,"BYDSeal16,0 M Ft — 20,0 M Ft",,,,,,21
/modellek/byd/dolphin,https://minio.kinaiauto.com/car-photos/byd/atto3evo/hero-1778768095241.webp,,ok,,content,Atto 3 EVO,"BYDAtto 3 EVO14,8 M Ft — 18,5 M Ft",,,,,,22
/modellek/byd/dolphin,https://minio.kinaiauto.com/car-photos/byd/seal-u/hero-1778761549471.png,,ok,,content,Seal U,"BYDSeal U17,0 M Ft — 19,0 M Ft",,,,,,23
/modellek/xpeng/p7-plus,https://minio.kinaiauto.com/brand-logos/baic/primary-1778559758227.webp,brand-tab-logo,ok,,logo,BAIC,BAIC4,40,18,lazy,,,0
/modellek/xpeng/p7-plus,https://minio.kinaiauto.com/brand-logos/byd/primary-1778557944140.svg,brand-tab-logo,ok,,logo,BYD,BYD14,40,18,lazy,,,1
/modellek/xpeng/p7-plus,https://minio.kinaiauto.com/brand-logos/chery/primary-1778558725869.png,brand-tab-logo,ok,,logo,Chery,Chery4,40,18,lazy,,,2
/modellek/xpeng/p7-plus,https://minio.kinaiauto.com/brand-logos/dongfeng/primary-1778559729586.png,brand-tab-logo,ok,,logo,Dongfeng,Dongfeng14,40,18,lazy,,,3
/modellek/xpeng/p7-plus,https://minio.kinaiauto.com/brand-logos/firefly/primary-1778559676598.png,brand-tab-logo,ok,,logo,Firefly,Firefly1,40,18,lazy,,,4
/modellek/xpeng/p7-plus,https://minio.kinaiauto.com/brand-logos/geely/primary-1778559713516.png,brand-tab-logo,ok,,logo,Geely,Geely2,40,18,lazy,,,5
/modellek/xpeng/p7-plus,https://minio.kinaiauto.com/brand-logos/jaecoo/primary-1778559595733.png,brand-tab-logo,ok,,logo,Jaecoo,Jaecoo4,40,18,lazy,,,6
/modellek/xpeng/p7-plus,https://minio.kinaiauto.com/brand-logos/leapmotor/primary-1778559701255.png,brand-tab-logo,ok,,logo,Leapmotor,Leapmotor5,40,18,lazy,,,7
/modellek/xpeng/p7-plus,https://minio.kinaiauto.com/brand-logos/maxus/primary-1778559794186.png,brand-tab-logo,ok,,logo,Maxus,Maxus1,40,18,lazy,,,8
/modellek/xpeng/p7-plus,https://minio.kinaiauto.com/brand-logos/mg/primary-1778559621942.png,brand-tab-logo,ok,,logo,MG,MG10,40,18,lazy,,,9
/modellek/xpeng/p7-plus,https://minio.kinaiauto.com/brand-logos/nio/primary-1778559635265.svg,brand-tab-logo,ok,,logo,NIO,NIO4,40,18,lazy,,,10
/modellek/xpeng/p7-plus,https://minio.kinaiauto.com/brand-logos/omoda/primary-1778559581219.png,brand-tab-logo,ok,,logo,Omoda,Omoda5,40,18,lazy,,,11
/modellek/xpeng/p7-plus,https://minio.kinaiauto.com/brand-logos/voyah/primary-1778559743441.png,brand-tab-logo,ok,,logo,Voyah,Voyah6,40,18,lazy,,,12
/modellek/xpeng/p7-plus,https://minio.kinaiauto.com/brand-logos/xpeng/primary-1778559688298.png,brand-tab-logo,ok,,logo,XPENG,XPENG4,40,18,lazy,,,13
/modellek/xpeng/p7-plus,https://minio.kinaiauto.com/car-photos/xpeng/p7-plus/hero-1778748808178.webp,,ok,,content,XPENG P7+,,,,,,,14
/modellek/xpeng/p7-plus,https://minio.kinaiauto.com/car-photos/xpeng/p7-plus/hero-1778748808178.webp,,ok,,content,"XPENG P7+ — külső fő nézet, fotó 1",Külső fő nézet,,,,,,15
/modellek/xpeng/p7-plus,https://minio.kinaiauto.com/car-photos/xpeng/p7-plus/exterior-1778748809648.webp,,ok,,content,"XPENG P7+ — külső, fotó 2",Külső,,,,,,16
/modellek/xpeng/p7-plus,https://minio.kinaiauto.com/car-photos/xpeng/p7-plus/exterior-1778748810979.webp,,ok,,content,"XPENG P7+ — külső, fotó 3",Külső,,,,,,17
/modellek/xpeng/p7-plus,https://minio.kinaiauto.com/car-photos/xpeng/p7-plus/exterior-1778748812720.webp,,ok,,content,"XPENG P7+ — külső, fotó 4",Külső,,,,,,18
/modellek/xpeng/p7-plus,https://minio.kinaiauto.com/car-photos/xpeng/p7-plus/exterior-1778748814593.webp,,ok,,content,"XPENG P7+ — külső, fotó 5",Külső+2 fotó,,,,,,19
/modellek/xpeng/p7-plus,https://minio.kinaiauto.com/car-photos/byd/seal/hero-1778762595469.jpg,,ok,,content,Seal,"BYDSeal16,0 M Ft — 20,0 M Ft",,,,,,20
/modellek/xpeng/p7-plus,https://minio.kinaiauto.com/car-photos/dongfeng/dfs7/exterior-1778904211424.webp,,ok,,content,S7,"DongfengS714,3 M Ft — 14,3 M Ft",,,,,,21
/modellek/xpeng/p7-plus,https://minio.kinaiauto.com/car-photos/nio/et5/hero-1778410749209.webp,,ok,,content,ET5,"NIOET524,5 M Ft — 28,2 M Ft",,,,,,22
/modellek/xpeng/p7-plus,https://minio.kinaiauto.com/car-photos/xpeng/g6/hero-1778748656169.webp,,ok,,content,G6,"XPENGG618,0 M Ft — 22,1 M Ft",,,,,,23
/modellek/dongfeng/dfutourv9phev,https://minio.kinaiauto.com/brand-logos/baic/primary-1778559758227.webp,brand-tab-logo,ok,,logo,BAIC,BAIC4,40,18,lazy,,,0
/modellek/dongfeng/dfutourv9phev,https://minio.kinaiauto.com/brand-logos/byd/primary-1778557944140.svg,brand-tab-logo,ok,,logo,BYD,BYD14,40,18,lazy,,,1
/modellek/dongfeng/dfutourv9phev,https://minio.kinaiauto.com/brand-logos/chery/primary-1778558725869.png,brand-tab-logo,ok,,logo,Chery,Chery4,40,18,lazy,,,2
/modellek/dongfeng/dfutourv9phev,https://minio.kinaiauto.com/brand-logos/dongfeng/primary-1778559729586.png,brand-tab-logo,ok,,logo,Dongfeng,Dongfeng14,40,18,lazy,,,3
/modellek/dongfeng/dfutourv9phev,https://minio.kinaiauto.com/brand-logos/firefly/primary-1778559676598.png,brand-tab-logo,ok,,logo,Firefly,Firefly1,40,18,lazy,,,4
/modellek/dongfeng/dfutourv9phev,https://minio.kinaiauto.com/brand-logos/geely/primary-1778559713516.png,brand-tab-logo,ok,,logo,Geely,Geely2,40,18,lazy,,,5
/modellek/dongfeng/dfutourv9phev,https://minio.kinaiauto.com/brand-logos/jaecoo/primary-1778559595733.png,brand-tab-logo,ok,,logo,Jaecoo,Jaecoo4,40,18,lazy,,,6
/modellek/dongfeng/dfutourv9phev,https://minio.kinaiauto.com/brand-logos/leapmotor/primary-1778559701255.png,brand-tab-logo,ok,,logo,Leapmotor,Leapmotor5,40,18,lazy,,,7
/modellek/dongfeng/dfutourv9phev,https://minio.kinaiauto.com/brand-logos/maxus/primary-1778559794186.png,brand-tab-logo,ok,,logo,Maxus,Maxus1,40,18,lazy,,,8
/modellek/dongfeng/dfutourv9phev,https://minio.kinaiauto.com/brand-logos/mg/primary-1778559621942.png,brand-tab-logo,ok,,logo,MG,MG10,40,18,lazy,,,9
/modellek/dongfeng/dfutourv9phev,https://minio.kinaiauto.com/brand-logos/nio/primary-1778559635265.svg,brand-tab-logo,ok,,logo,NIO,NIO4,40,18,lazy,,,10
/modellek/dongfeng/dfutourv9phev,https://minio.kinaiauto.com/brand-logos/omoda/primary-1778559581219.png,brand-tab-logo,ok,,logo,Omoda,Omoda5,40,18,lazy,,,11
/modellek/dongfeng/dfutourv9phev,https://minio.kinaiauto.com/brand-logos/voyah/primary-1778559743441.png,brand-tab-logo,ok,,logo,Voyah,Voyah6,40,18,lazy,,,12
/modellek/dongfeng/dfutourv9phev,https://minio.kinaiauto.com/brand-logos/xpeng/primary-1778559688298.png,brand-tab-logo,ok,,logo,XPENG,XPENG4,40,18,lazy,,,13
/modellek/dongfeng/dfutourv9phev,https://minio.kinaiauto.com/car-photos/dongfeng/dfutourv9phev/exterior-1778903555683.webp,,ok,,content,Dongfeng U Tour V9 PHEV,,,,,,,14
/modellek/dongfeng/dfutourv9phev,https://minio.kinaiauto.com/car-photos/dongfeng/dfutourv9phev/exterior-1778903555683.webp,,ok,,content,"Dongfeng U Tour V9 PHEV — külső, fotó 1",Külső,,,,,,15
/modellek/dongfeng/dfutourv9phev,https://minio.kinaiauto.com/car-photos/dongfeng/dfutourv9phev/exterior-1778903560021.webp,,ok,,content,"Dongfeng U Tour V9 PHEV — külső fő nézet, fotó 2",Külső fő nézet,,,,,,16
/modellek/dongfeng/dfutourv9phev,https://minio.kinaiauto.com/car-photos/dongfeng/dfutourv9phev/exterior-1778903542201.webp,,ok,,content,"Dongfeng U Tour V9 PHEV — külső, fotó 3",Külső,,,,,,17
/modellek/dongfeng/dfutourv9phev,https://minio.kinaiauto.com/car-photos/dongfeng/dfutourv9phev/exterior-1778903543501.webp,,ok,,content,"Dongfeng U Tour V9 PHEV — külső, fotó 4",Külső,,,,,,18
/modellek/dongfeng/dfutourv9phev,https://minio.kinaiauto.com/car-photos/dongfeng/dfutourv9phev/exterior-1778903545299.webp,,ok,,content,"Dongfeng U Tour V9 PHEV — külső, fotó 5",Külső+20 fotó,,,,,,19
/modellek/dongfeng/dfutourv9phev,https://minio.kinaiauto.com/car-photos/voyah/dream-phev/exterior-1778754280927.webp,,ok,,content,Dream PHEV,"VoyahDream PHEV41,0 M Ft — —",,,,,,20
/modellek/dongfeng/dfutourv9phev,https://minio.kinaiauto.com/car-photos/dongfeng/forthing-u-tour-hev/hero-1778753991828.jpg,,ok,,content,Forthing U-Tour HEV,"DongfengForthing U-Tour HEV16,9 M Ft — 16,9 M Ft",,,,,,21
/modellek/dongfeng/dfutourv9phev,https://minio.kinaiauto.com/car-photos/dongfeng/dfutour/exterior-1778903159308.webp,,ok,,content,U Tour,"DongfengU Tour12,4 M Ft — 12,4 M Ft",,,,,,22
/modellek/dongfeng/dfutourv9phev,https://minio.kinaiauto.com/car-photos/chery/tiggo-9/hero-1778673464632.jpg,,ok,,content,Tiggo 9,"CheryTiggo 919,5 M Ft — 20,0 M Ft",,,,,,23
/modellek/dongfeng/df_t5evo_ev,https://minio.kinaiauto.com/brand-logos/baic/primary-1778559758227.webp,brand-tab-logo,ok,,logo,BAIC,BAIC4,40,18,lazy,,,0
/modellek/dongfeng/df_t5evo_ev,https://minio.kinaiauto.com/brand-logos/byd/primary-1778557944140.svg,brand-tab-logo,ok,,logo,BYD,BYD14,40,18,lazy,,,1
/modellek/dongfeng/df_t5evo_ev,https://minio.kinaiauto.com/brand-logos/chery/primary-1778558725869.png,brand-tab-logo,ok,,logo,Chery,Chery4,40,18,lazy,,,2
/modellek/dongfeng/df_t5evo_ev,https://minio.kinaiauto.com/brand-logos/dongfeng/primary-1778559729586.png,brand-tab-logo,ok,,logo,Dongfeng,Dongfeng14,40,18,lazy,,,3
/modellek/dongfeng/df_t5evo_ev,https://minio.kinaiauto.com/brand-logos/firefly/primary-1778559676598.png,brand-tab-logo,ok,,logo,Firefly,Firefly1,40,18,lazy,,,4
/modellek/dongfeng/df_t5evo_ev,https://minio.kinaiauto.com/brand-logos/geely/primary-1778559713516.png,brand-tab-logo,ok,,logo,Geely,Geely2,40,18,lazy,,,5
/modellek/dongfeng/df_t5evo_ev,https://minio.kinaiauto.com/brand-logos/jaecoo/primary-1778559595733.png,brand-tab-logo,ok,,logo,Jaecoo,Jaecoo4,40,18,lazy,,,6
/modellek/dongfeng/df_t5evo_ev,https://minio.kinaiauto.com/brand-logos/leapmotor/primary-1778559701255.png,brand-tab-logo,ok,,logo,Leapmotor,Leapmotor5,40,18,lazy,,,7
/modellek/dongfeng/df_t5evo_ev,https://minio.kinaiauto.com/brand-logos/maxus/primary-1778559794186.png,brand-tab-logo,ok,,logo,Maxus,Maxus1,40,18,lazy,,,8
/modellek/dongfeng/df_t5evo_ev,https://minio.kinaiauto.com/brand-logos/mg/primary-1778559621942.png,brand-tab-logo,ok,,logo,MG,MG10,40,18,lazy,,,9
/modellek/dongfeng/df_t5evo_ev,https://minio.kinaiauto.com/brand-logos/nio/primary-1778559635265.svg,brand-tab-logo,ok,,logo,NIO,NIO4,40,18,lazy,,,10
/modellek/dongfeng/df_t5evo_ev,https://minio.kinaiauto.com/brand-logos/omoda/primary-1778559581219.png,brand-tab-logo,ok,,logo,Omoda,Omoda5,40,18,lazy,,,11
/modellek/dongfeng/df_t5evo_ev,https://minio.kinaiauto.com/brand-logos/voyah/primary-1778559743441.png,brand-tab-logo,ok,,logo,Voyah,Voyah6,40,18,lazy,,,12
/modellek/dongfeng/df_t5evo_ev,https://minio.kinaiauto.com/brand-logos/xpeng/primary-1778559688298.png,brand-tab-logo,ok,,logo,XPENG,XPENG4,40,18,lazy,,,13
/modellek/dongfeng/df_t5evo_ev,https://minio.kinaiauto.com/car-photos/dongfeng/df_t5evo_ev/exterior-1778904930201.webp,,ok,,content,Dongfeng T5 EVO EV,,,,,,,14
/modellek/dongfeng/df_t5evo_ev,https://minio.kinaiauto.com/car-photos/dongfeng/df_t5evo_ev/exterior-1778904930201.webp,,ok,,content,"Dongfeng T5 EVO EV — külső, fotó 1",Külső,,,,,,15
/modellek/dongfeng/df_t5evo_ev,https://minio.kinaiauto.com/car-photos/dongfeng/df_t5evo_ev/exterior-1778904932825.webp,,ok,,content,"Dongfeng T5 EVO EV — külső fő nézet, fotó 2",Külső fő nézet,,,,,,16
/modellek/dongfeng/df_t5evo_ev,https://minio.kinaiauto.com/car-photos/dongfeng/df_t5evo_ev/exterior-1778904931572.webp,,ok,,content,"Dongfeng T5 EVO EV — külső, fotó 3",Külső,,,,,,17
/modellek/dongfeng/df_t5evo_ev,https://minio.kinaiauto.com/car-photos/dongfeng/df_t5evo_ev/exterior-1778904933984.webp,,ok,,content,"Dongfeng T5 EVO EV — külső, fotó 4",Külső,,,,,,18
/modellek/dongfeng/df_t5evo_ev,https://minio.kinaiauto.com/car-photos/dongfeng/df_t5evo_ev/exterior-1778904935214.webp,,ok,,content,"Dongfeng T5 EVO EV — belső, fotó 5",Belső+4 fotó,,,,,,19
/modellek/dongfeng/df_t5evo_ev,https://minio.kinaiauto.com/car-photos/byd/atto3evo/hero-1778768095241.webp,,ok,,content,Atto 3 EVO,"BYDAtto 3 EVO14,8 M Ft — 18,5 M Ft",,,,,,20
/modellek/dongfeng/df_t5evo_ev,https://minio.kinaiauto.com/car-photos/leapmotor/b10/hero-1778747659027.png,,ok,,content,B10,"LeapmotorB1012,2 M Ft — 15,0 M Ft",,,,,,21
/modellek/dongfeng/df_t5evo_ev,https://minio.kinaiauto.com/car-photos/mg/mgs5-ev/hero-1778750454215.jpg,,ok,,content,MGS5 EV,"MGMGS5 EV12,2 M Ft — 14,7 M Ft",,,,,,22
/modellek/dongfeng/df_t5evo_ev,https://minio.kinaiauto.com/car-photos/jaecoo/jaecoo-5-ev/hero-1778674573749.jpg,,ok,,content,Jaecoo 5 ev,"JaecooJaecoo 5 ev15,0 M Ft — 15,5 M Ft",,,,,,23
/modellek/mg/mg3ice,https://minio.kinaiauto.com/brand-logos/baic/primary-1778559758227.webp,brand-tab-logo,ok,,logo,BAIC,BAIC4,40,18,lazy,,,0
/modellek/mg/mg3ice,https://minio.kinaiauto.com/brand-logos/byd/primary-1778557944140.svg,brand-tab-logo,ok,,logo,BYD,BYD14,40,18,lazy,,,1
/modellek/mg/mg3ice,https://minio.kinaiauto.com/brand-logos/chery/primary-1778558725869.png,brand-tab-logo,ok,,logo,Chery,Chery4,40,18,lazy,,,2
/modellek/mg/mg3ice,https://minio.kinaiauto.com/brand-logos/dongfeng/primary-1778559729586.png,brand-tab-logo,ok,,logo,Dongfeng,Dongfeng14,40,18,lazy,,,3
/modellek/mg/mg3ice,https://minio.kinaiauto.com/brand-logos/firefly/primary-1778559676598.png,brand-tab-logo,ok,,logo,Firefly,Firefly1,40,18,lazy,,,4
/modellek/mg/mg3ice,https://minio.kinaiauto.com/brand-logos/geely/primary-1778559713516.png,brand-tab-logo,ok,,logo,Geely,Geely2,40,18,lazy,,,5
/modellek/mg/mg3ice,https://minio.kinaiauto.com/brand-logos/jaecoo/primary-1778559595733.png,brand-tab-logo,ok,,logo,Jaecoo,Jaecoo4,40,18,lazy,,,6
/modellek/mg/mg3ice,https://minio.kinaiauto.com/brand-logos/leapmotor/primary-1778559701255.png,brand-tab-logo,ok,,logo,Leapmotor,Leapmotor5,40,18,lazy,,,7
/modellek/mg/mg3ice,https://minio.kinaiauto.com/brand-logos/maxus/primary-1778559794186.png,brand-tab-logo,ok,,logo,Maxus,Maxus1,40,18,lazy,,,8
/modellek/mg/mg3ice,https://minio.kinaiauto.com/brand-logos/mg/primary-1778559621942.png,brand-tab-logo,ok,,logo,MG,MG10,40,18,lazy,,,9
/modellek/mg/mg3ice,https://minio.kinaiauto.com/brand-logos/nio/primary-1778559635265.svg,brand-tab-logo,ok,,logo,NIO,NIO4,40,18,lazy,,,10
/modellek/mg/mg3ice,https://minio.kinaiauto.com/brand-logos/omoda/primary-1778559581219.png,brand-tab-logo,ok,,logo,Omoda,Omoda5,40,18,lazy,,,11
/modellek/mg/mg3ice,https://minio.kinaiauto.com/brand-logos/voyah/primary-1778559743441.png,brand-tab-logo,ok,,logo,Voyah,Voyah6,40,18,lazy,,,12
/modellek/mg/mg3ice,https://minio.kinaiauto.com/brand-logos/xpeng/primary-1778559688298.png,brand-tab-logo,ok,,logo,XPENG,XPENG4,40,18,lazy,,,13
/modellek/mg/mg3ice,https://minio.kinaiauto.com/car-photos/mg/mg3ice/hero-1778752294210.webp,,ok,,content,MG MG3 ,,,,,,,14
/modellek/mg/mg3ice,https://minio.kinaiauto.com/car-photos/mg/mg3ice/hero-1778752294210.webp,,ok,,content,"MG3  — külső fő nézet, fotó 1",Külső fő nézet,,,,,,15
/modellek/mg/mg3ice,https://minio.kinaiauto.com/car-photos/mg/mg3ice/exterior-1778752285013.jpg,,ok,,content,"MG3  — külső, fotó 2",Külső,,,,,,16
/modellek/mg/mg3ice,https://minio.kinaiauto.com/car-photos/mg/mg3ice/exterior-1778752289324.png,,ok,,content,"MG3  — külső, fotó 3",Külső,,,,,,17
/modellek/mg/mg3ice,https://minio.kinaiauto.com/car-photos/mg/mg3ice/exterior-1778752291422.png,,ok,,content,"MG3  — külső, fotó 4",Külső,,,,,,18
/modellek/mg/mg3ice,https://minio.kinaiauto.com/car-photos/mg/mg3ice/exterior-1778752292493.webp,,ok,,content,"MG3  — külső, fotó 5",Külső+2 fotó,,,,,,19
/modellek/mg/mg3ice,https://minio.kinaiauto.com/car-photos/mg/mg3-hybrid-plus/hero-1778752493763.jpg,,ok,,content,MG3 Hybrid+,"MGMG3 Hybrid+8,7 M Ft — 9,9 M Ft",,,,,,20
/modellek/mg/mg3ice,https://minio.kinaiauto.com/car-photos/leapmotor/t03/hero-1778747314385.png,,ok,,content,T03,"LeapmotorT037,8 M Ft — 7,8 M Ft",,,,,,21
/modellek/mg/mg3ice,https://minio.kinaiauto.com/car-photos/mg/zs/hero-1778751980892.webp,,ok,,content,MG ZS,"MGMG ZS7,5 M Ft — 8,5 M Ft",,,,,,22
/modellek/mg/mg3ice,https://minio.kinaiauto.com/car-photos/mg/hs/hero-1778751286087.png,,ok,,content,MG HS,"MGMG HS10,0 M Ft — 12,2 M Ft",,,,,,23
/modellek/dongfeng/forthing-t5-evo,https://minio.kinaiauto.com/brand-logos/baic/primary-1778559758227.webp,brand-tab-logo,ok,,logo,BAIC,BAIC4,40,18,lazy,,,0
/modellek/dongfeng/forthing-t5-evo,https://minio.kinaiauto.com/brand-logos/byd/primary-1778557944140.svg,brand-tab-logo,ok,,logo,BYD,BYD14,40,18,lazy,,,1
/modellek/dongfeng/forthing-t5-evo,https://minio.kinaiauto.com/brand-logos/chery/primary-1778558725869.png,brand-tab-logo,ok,,logo,Chery,Chery4,40,18,lazy,,,2
/modellek/dongfeng/forthing-t5-evo,https://minio.kinaiauto.com/brand-logos/dongfeng/primary-1778559729586.png,brand-tab-logo,ok,,logo,Dongfeng,Dongfeng14,40,18,lazy,,,3
/modellek/dongfeng/forthing-t5-evo,https://minio.kinaiauto.com/brand-logos/firefly/primary-1778559676598.png,brand-tab-logo,ok,,logo,Firefly,Firefly1,40,18,lazy,,,4
/modellek/dongfeng/forthing-t5-evo,https://minio.kinaiauto.com/brand-logos/geely/primary-1778559713516.png,brand-tab-logo,ok,,logo,Geely,Geely2,40,18,lazy,,,5
/modellek/dongfeng/forthing-t5-evo,https://minio.kinaiauto.com/brand-logos/jaecoo/primary-1778559595733.png,brand-tab-logo,ok,,logo,Jaecoo,Jaecoo4,40,18,lazy,,,6
/modellek/dongfeng/forthing-t5-evo,https://minio.kinaiauto.com/brand-logos/leapmotor/primary-1778559701255.png,brand-tab-logo,ok,,logo,Leapmotor,Leapmotor5,40,18,lazy,,,7
/modellek/dongfeng/forthing-t5-evo,https://minio.kinaiauto.com/brand-logos/maxus/primary-1778559794186.png,brand-tab-logo,ok,,logo,Maxus,Maxus1,40,18,lazy,,,8
/modellek/dongfeng/forthing-t5-evo,https://minio.kinaiauto.com/brand-logos/mg/primary-1778559621942.png,brand-tab-logo,ok,,logo,MG,MG10,40,18,lazy,,,9
/modellek/dongfeng/forthing-t5-evo,https://minio.kinaiauto.com/brand-logos/nio/primary-1778559635265.svg,brand-tab-logo,ok,,logo,NIO,NIO4,40,18,lazy,,,10
/modellek/dongfeng/forthing-t5-evo,https://minio.kinaiauto.com/brand-logos/omoda/primary-1778559581219.png,brand-tab-logo,ok,,logo,Omoda,Omoda5,40,18,lazy,,,11
/modellek/dongfeng/forthing-t5-evo,https://minio.kinaiauto.com/brand-logos/voyah/primary-1778559743441.png,brand-tab-logo,ok,,logo,Voyah,Voyah6,40,18,lazy,,,12
/modellek/dongfeng/forthing-t5-evo,https://minio.kinaiauto.com/brand-logos/xpeng/primary-1778559688298.png,brand-tab-logo,ok,,logo,XPENG,XPENG4,40,18,lazy,,,13
/modellek/dongfeng/forthing-t5-evo,https://minio.kinaiauto.com/car-photos/dongfeng/forthing-t5-evo/hero-1778753640495.jpg,,ok,,content,Dongfeng Forthing T5 EVO,,,,,,,14
/modellek/dongfeng/forthing-t5-evo,https://minio.kinaiauto.com/car-photos/dongfeng/forthing-t5-evo/hero-1778753640495.jpg,,ok,,content,"Dongfeng Forthing T5 EVO — külső fő nézet, fotó 1",Külső fő nézet,,,,,,15
/modellek/dongfeng/forthing-t5-evo,https://minio.kinaiauto.com/car-photos/dongfeng/forthing-t5-evo/exterior-1778753638935.jpg,,ok,,content,"Dongfeng Forthing T5 EVO — külső, fotó 2",Külső,,,,,,16
/modellek/dongfeng/forthing-t5-evo,https://minio.kinaiauto.com/car-photos/dongfeng/forthing-t5-evo/exterior-1778753641954.jpg,,ok,,content,"Dongfeng Forthing T5 EVO — külső, fotó 3",Külső,,,,,,17
/modellek/dongfeng/forthing-t5-evo,https://minio.kinaiauto.com/car-photos/dongfeng/forthing-t5-evo/exterior-1778753643452.jpg,,ok,,content,"Dongfeng Forthing T5 EVO — külső, fotó 4",Külső,,,,,,18
/modellek/dongfeng/forthing-t5-evo,https://minio.kinaiauto.com/car-photos/dongfeng/forthing-t5-evo/exterior-1778753644682.jpg,,ok,,content,"Dongfeng Forthing T5 EVO — külső, fotó 5",Külső+5 fotó,,,,,,19
/modellek/dongfeng/forthing-t5-evo,https://minio.kinaiauto.com/car-photos/dongfeng/dfmage/exterior-1778902631789.webp,,ok,,content,MAGE,"DongfengMAGE9,4 M Ft — 9,4 M Ft",,,,,,20
/modellek/dongfeng/forthing-t5-evo,https://minio.kinaiauto.com/car-photos/jaecoo/jaecoo-5/hero-1778674332842.jpg,,ok,,content,Jaecoo 5,"JaecooJaecoo 510,5 M Ft — 10,5 M Ft",,,,,,21
/modellek/dongfeng/forthing-t5-evo,https://minio.kinaiauto.com/car-photos/baic/x55/hero-1778672419220.jpg,,ok,,content,X55,"BAICX5512,0 M Ft — —",,,,,,22
/modellek/dongfeng/forthing-t5-evo,https://minio.kinaiauto.com/car-photos/baic/baicx7/hero-1778770008228.jpg,,ok,,content,X7,"BAICX713,0 M Ft — 15,0 M Ft",,,,,,23
/modellek/jaecoo/jaecoo-7-shs-p,https://minio.kinaiauto.com/brand-logos/baic/primary-1778559758227.webp,brand-tab-logo,ok,,logo,BAIC,BAIC4,40,18,lazy,,,0
/modellek/jaecoo/jaecoo-7-shs-p,https://minio.kinaiauto.com/brand-logos/byd/primary-1778557944140.svg,brand-tab-logo,ok,,logo,BYD,BYD14,40,18,lazy,,,1
/modellek/jaecoo/jaecoo-7-shs-p,https://minio.kinaiauto.com/brand-logos/chery/primary-1778558725869.png,brand-tab-logo,ok,,logo,Chery,Chery4,40,18,lazy,,,2
/modellek/jaecoo/jaecoo-7-shs-p,https://minio.kinaiauto.com/brand-logos/dongfeng/primary-1778559729586.png,brand-tab-logo,ok,,logo,Dongfeng,Dongfeng14,40,18,lazy,,,3
/modellek/jaecoo/jaecoo-7-shs-p,https://minio.kinaiauto.com/brand-logos/firefly/primary-1778559676598.png,brand-tab-logo,ok,,logo,Firefly,Firefly1,40,18,lazy,,,4
/modellek/jaecoo/jaecoo-7-shs-p,https://minio.kinaiauto.com/brand-logos/geely/primary-1778559713516.png,brand-tab-logo,ok,,logo,Geely,Geely2,40,18,lazy,,,5
/modellek/jaecoo/jaecoo-7-shs-p,https://minio.kinaiauto.com/brand-logos/jaecoo/primary-1778559595733.png,brand-tab-logo,ok,,logo,Jaecoo,Jaecoo4,40,18,lazy,,,6
/modellek/jaecoo/jaecoo-7-shs-p,https://minio.kinaiauto.com/brand-logos/leapmotor/primary-1778559701255.png,brand-tab-logo,ok,,logo,Leapmotor,Leapmotor5,40,18,lazy,,,7
/modellek/jaecoo/jaecoo-7-shs-p,https://minio.kinaiauto.com/brand-logos/maxus/primary-1778559794186.png,brand-tab-logo,ok,,logo,Maxus,Maxus1,40,18,lazy,,,8
/modellek/jaecoo/jaecoo-7-shs-p,https://minio.kinaiauto.com/brand-logos/mg/primary-1778559621942.png,brand-tab-logo,ok,,logo,MG,MG10,40,18,lazy,,,9
/modellek/jaecoo/jaecoo-7-shs-p,https://minio.kinaiauto.com/brand-logos/nio/primary-1778559635265.svg,brand-tab-logo,ok,,logo,NIO,NIO4,40,18,lazy,,,10
/modellek/jaecoo/jaecoo-7-shs-p,https://minio.kinaiauto.com/brand-logos/omoda/primary-1778559581219.png,brand-tab-logo,ok,,logo,Omoda,Omoda5,40,18,lazy,,,11
/modellek/jaecoo/jaecoo-7-shs-p,https://minio.kinaiauto.com/brand-logos/voyah/primary-1778559743441.png,brand-tab-logo,ok,,logo,Voyah,Voyah6,40,18,lazy,,,12
/modellek/jaecoo/jaecoo-7-shs-p,https://minio.kinaiauto.com/brand-logos/xpeng/primary-1778559688298.png,brand-tab-logo,ok,,logo,XPENG,XPENG4,40,18,lazy,,,13
/modellek/jaecoo/jaecoo-7-shs-p,https://minio.kinaiauto.com/car-photos/jaecoo/jaecoo-7-shs-p/exterior-1778674010270.png,,ok,,content,Jaecoo Jaecoo 7 SHS-P,,,,,,,14
/modellek/jaecoo/jaecoo-7-shs-p,https://minio.kinaiauto.com/car-photos/jaecoo/jaecoo-7-shs-p/exterior-1778674010270.png,,ok,,content,"Jaecoo 7 SHS-P — külső fő nézet, fotó 1",Külső fő nézet,,,,,,15
/modellek/jaecoo/jaecoo-7-shs-p,https://minio.kinaiauto.com/car-photos/jaecoo/jaecoo-7-shs-p/exterior-1778674014761.jpg,,ok,,content,"Jaecoo 7 SHS-P — külső, fotó 2",Külső,,,,,,16
/modellek/jaecoo/jaecoo-7-shs-p,https://minio.kinaiauto.com/car-photos/jaecoo/jaecoo-7-shs-p/exterior-1778674018014.jpg,,ok,,content,"Jaecoo 7 SHS-P — külső, fotó 3",Külső,,,,,,17
/modellek/jaecoo/jaecoo-7-shs-p,https://minio.kinaiauto.com/car-photos/jaecoo/jaecoo-7-shs-p/exterior-1778674019432.jpg,,ok,,content,"Jaecoo 7 SHS-P — külső, fotó 4",Külső,,,,,,18
/modellek/jaecoo/jaecoo-7-shs-p,https://minio.kinaiauto.com/car-photos/jaecoo/jaecoo-7-shs-p/exterior-1778674020840.jpg,,ok,,content,"Jaecoo 7 SHS-P — külső, fotó 5",Külső+7 fotó,,,,,,19
/modellek/jaecoo/jaecoo-7-shs-p,https://minio.kinaiauto.com/car-photos/byd/seal-u-dm-i/hero-1778762075601.jpg,,ok,,content,Seal U DM-i,"BYDSeal U DM-i13,6 M Ft — 18,9 M Ft",,,,,,20
/modellek/jaecoo/jaecoo-7-shs-p,https://minio.kinaiauto.com/car-photos/mg/mg-hs-phev/hero-1778751526729.jpg,,ok,,content,MG HS PHEV,"MGMG HS PHEV14,3 M Ft — 15,4 M Ft",,,,,,21
/modellek/jaecoo/jaecoo-7-shs-p,https://minio.kinaiauto.com/car-photos/leapmotor/c10-hibrid-ev/hero-1778747479257.png,,ok,,content,C10 Hibrid-EV,"LeapmotorC10 Hibrid-EV15,0 M Ft — 17,9 M Ft",,,,,,22
/modellek/jaecoo/jaecoo-7-shs-p,https://minio.kinaiauto.com/car-photos/geely/starray-em-i/hero-1778672165914.jpg,,ok,,content,Starray EM-i,"GeelyStarray EM-i13,0 M Ft — 15,4 M Ft",,,,,,23
/modellek/geely/starray-em-i,https://minio.kinaiauto.com/brand-logos/baic/primary-1778559758227.webp,brand-tab-logo,ok,,logo,BAIC,BAIC4,40,18,lazy,,,0
/modellek/geely/starray-em-i,https://minio.kinaiauto.com/brand-logos/byd/primary-1778557944140.svg,brand-tab-logo,ok,,logo,BYD,BYD14,40,18,lazy,,,1
/modellek/geely/starray-em-i,https://minio.kinaiauto.com/brand-logos/chery/primary-1778558725869.png,brand-tab-logo,ok,,logo,Chery,Chery4,40,18,lazy,,,2
/modellek/geely/starray-em-i,https://minio.kinaiauto.com/brand-logos/dongfeng/primary-1778559729586.png,brand-tab-logo,ok,,logo,Dongfeng,Dongfeng14,40,18,lazy,,,3
/modellek/geely/starray-em-i,https://minio.kinaiauto.com/brand-logos/firefly/primary-1778559676598.png,brand-tab-logo,ok,,logo,Firefly,Firefly1,40,18,lazy,,,4
/modellek/geely/starray-em-i,https://minio.kinaiauto.com/brand-logos/geely/primary-1778559713516.png,brand-tab-logo,ok,,logo,Geely,Geely2,40,18,lazy,,,5
/modellek/geely/starray-em-i,https://minio.kinaiauto.com/brand-logos/jaecoo/primary-1778559595733.png,brand-tab-logo,ok,,logo,Jaecoo,Jaecoo4,40,18,lazy,,,6
/modellek/geely/starray-em-i,https://minio.kinaiauto.com/brand-logos/leapmotor/primary-1778559701255.png,brand-tab-logo,ok,,logo,Leapmotor,Leapmotor5,40,18,lazy,,,7
/modellek/geely/starray-em-i,https://minio.kinaiauto.com/brand-logos/maxus/primary-1778559794186.png,brand-tab-logo,ok,,logo,Maxus,Maxus1,40,18,lazy,,,8
/modellek/geely/starray-em-i,https://minio.kinaiauto.com/brand-logos/mg/primary-1778559621942.png,brand-tab-logo,ok,,logo,MG,MG10,40,18,lazy,,,9
/modellek/geely/starray-em-i,https://minio.kinaiauto.com/brand-logos/nio/primary-1778559635265.svg,brand-tab-logo,ok,,logo,NIO,NIO4,40,18,lazy,,,10
/modellek/geely/starray-em-i,https://minio.kinaiauto.com/brand-logos/omoda/primary-1778559581219.png,brand-tab-logo,ok,,logo,Omoda,Omoda5,40,18,lazy,,,11
/modellek/geely/starray-em-i,https://minio.kinaiauto.com/brand-logos/voyah/primary-1778559743441.png,brand-tab-logo,ok,,logo,Voyah,Voyah6,40,18,lazy,,,12
/modellek/geely/starray-em-i,https://minio.kinaiauto.com/brand-logos/xpeng/primary-1778559688298.png,brand-tab-logo,ok,,logo,XPENG,XPENG4,40,18,lazy,,,13
/modellek/geely/starray-em-i,https://minio.kinaiauto.com/car-photos/geely/starray-em-i/hero-1778672165914.jpg,,ok,,content,Geely Starray EM-i,,,,,,,14
/modellek/geely/starray-em-i,https://minio.kinaiauto.com/car-photos/geely/starray-em-i/hero-1778672165914.jpg,,ok,,content,"Geely Starray EM-i — külső fő nézet, fotó 1",Külső fő nézet,,,,,,15
/modellek/geely/starray-em-i,https://minio.kinaiauto.com/car-photos/geely/starray-em-i/exterior-1778672158474.jpg,,ok,,content,"Geely Starray EM-i — külső, fotó 2",Külső,,,,,,16
/modellek/geely/starray-em-i,https://minio.kinaiauto.com/car-photos/geely/starray-em-i/exterior-1778672159260.jpg,,ok,,content,"Geely Starray EM-i — külső, fotó 3",Külső,,,,,,17
/modellek/geely/starray-em-i,https://minio.kinaiauto.com/car-photos/geely/starray-em-i/exterior-1778672159988.jpg,,ok,,content,"Geely Starray EM-i — külső, fotó 4",Külső,,,,,,18
/modellek/geely/starray-em-i,https://minio.kinaiauto.com/car-photos/geely/starray-em-i/exterior-1778672160790.jpg,,ok,,content,"Geely Starray EM-i — külső, fotó 5",Külső+18 fotó,,,,,,19
/modellek/geely/starray-em-i,https://minio.kinaiauto.com/car-photos/byd/seal-u-dm-i/hero-1778762075601.jpg,,ok,,content,Seal U DM-i,"BYDSeal U DM-i13,6 M Ft — 18,9 M Ft",,,,,,20
/modellek/geely/starray-em-i,https://minio.kinaiauto.com/car-photos/mg/mg-hs-phev/hero-1778751526729.jpg,,ok,,content,MG HS PHEV,"MGMG HS PHEV14,3 M Ft — 15,4 M Ft",,,,,,21
/modellek/geely/starray-em-i,https://minio.kinaiauto.com/car-photos/leapmotor/c10-hibrid-ev/hero-1778747479257.png,,ok,,content,C10 Hibrid-EV,"LeapmotorC10 Hibrid-EV15,0 M Ft — 17,9 M Ft",,,,,,22
/modellek/geely/starray-em-i,https://minio.kinaiauto.com/car-photos/jaecoo/jaecoo-7-shs-p/exterior-1778674010270.png,,ok,,content,Jaecoo 7 SHS-P,"JaecooJaecoo 7 SHS-P13,0 M Ft — 15,0 M Ft",,,,,,23
/modellek/maxus/t60-max-pickup,https://minio.kinaiauto.com/brand-logos/baic/primary-1778559758227.webp,brand-tab-logo,ok,,logo,BAIC,BAIC4,40,18,lazy,,,0
/modellek/maxus/t60-max-pickup,https://minio.kinaiauto.com/brand-logos/byd/primary-1778557944140.svg,brand-tab-logo,ok,,logo,BYD,BYD14,40,18,lazy,,,1
/modellek/maxus/t60-max-pickup,https://minio.kinaiauto.com/brand-logos/chery/primary-1778558725869.png,brand-tab-logo,ok,,logo,Chery,Chery4,40,18,lazy,,,2
/modellek/maxus/t60-max-pickup,https://minio.kinaiauto.com/brand-logos/dongfeng/primary-1778559729586.png,brand-tab-logo,ok,,logo,Dongfeng,Dongfeng14,40,18,lazy,,,3
/modellek/maxus/t60-max-pickup,https://minio.kinaiauto.com/brand-logos/firefly/primary-1778559676598.png,brand-tab-logo,ok,,logo,Firefly,Firefly1,40,18,lazy,,,4
/modellek/maxus/t60-max-pickup,https://minio.kinaiauto.com/brand-logos/geely/primary-1778559713516.png,brand-tab-logo,ok,,logo,Geely,Geely2,40,18,lazy,,,5
/modellek/maxus/t60-max-pickup,https://minio.kinaiauto.com/brand-logos/jaecoo/primary-1778559595733.png,brand-tab-logo,ok,,logo,Jaecoo,Jaecoo4,40,18,lazy,,,6
/modellek/maxus/t60-max-pickup,https://minio.kinaiauto.com/brand-logos/leapmotor/primary-1778559701255.png,brand-tab-logo,ok,,logo,Leapmotor,Leapmotor5,40,18,lazy,,,7
/modellek/maxus/t60-max-pickup,https://minio.kinaiauto.com/brand-logos/maxus/primary-1778559794186.png,brand-tab-logo,ok,,logo,Maxus,Maxus1,40,18,lazy,,,8
/modellek/maxus/t60-max-pickup,https://minio.kinaiauto.com/brand-logos/mg/primary-1778559621942.png,brand-tab-logo,ok,,logo,MG,MG10,40,18,lazy,,,9
/modellek/maxus/t60-max-pickup,https://minio.kinaiauto.com/brand-logos/nio/primary-1778559635265.svg,brand-tab-logo,ok,,logo,NIO,NIO4,40,18,lazy,,,10
/modellek/maxus/t60-max-pickup,https://minio.kinaiauto.com/brand-logos/omoda/primary-1778559581219.png,brand-tab-logo,ok,,logo,Omoda,Omoda5,40,18,lazy,,,11
/modellek/maxus/t60-max-pickup,https://minio.kinaiauto.com/brand-logos/voyah/primary-1778559743441.png,brand-tab-logo,ok,,logo,Voyah,Voyah6,40,18,lazy,,,12
/modellek/maxus/t60-max-pickup,https://minio.kinaiauto.com/brand-logos/xpeng/primary-1778559688298.png,brand-tab-logo,ok,,logo,XPENG,XPENG4,40,18,lazy,,,13
/modellek/maxus/t60-max-pickup,https://minio.kinaiauto.com/car-photos/maxus/t60-max-pickup/exterior-1778674838374.jpg,,ok,,content,Maxus T60 MAX Pickup,,,,,,,14
/modellek/maxus/t60-max-pickup,https://minio.kinaiauto.com/car-photos/maxus/t60-max-pickup/exterior-1778674838374.jpg,,ok,,content,"Maxus T60 MAX Pickup — külső fő nézet, fotó 1",Külső fő nézet,,,,,,15
/modellek/maxus/t60-max-pickup,https://minio.kinaiauto.com/car-photos/maxus/t60-max-pickup/exterior-1778674842831.jpg,,ok,,content,"Maxus T60 MAX Pickup — külső, fotó 2",Külső,,,,,,16
/modellek/maxus/t60-max-pickup,https://minio.kinaiauto.com/car-photos/maxus/t60-max-pickup/exterior-1778674849340.jpg,,ok,,content,"Maxus T60 MAX Pickup — külső, fotó 3",Külső,,,,,,17
/modellek/maxus/t60-max-pickup,https://minio.kinaiauto.com/car-photos/maxus/t60-max-pickup/exterior-1778674850957.jpg,,ok,,content,"Maxus T60 MAX Pickup — külső, fotó 4",Külső,,,,,,18
/modellek/maxus/t60-max-pickup,https://minio.kinaiauto.com/car-photos/maxus/t60-max-pickup/exterior-1778674844712.jpg,,ok,,content,"Maxus T60 MAX Pickup — külső, fotó 5",Külső+5 fotó,,,,,,19
/modellek/maxus/t60-max-pickup,https://minio.kinaiauto.com/car-photos/dongfeng/df_df6/exterior-1778914619629.webp,,ok,,content,DF6,"DongfengDF612,0 M Ft — —",,,,,,20
/modellek/chery/tiggo-7,https://minio.kinaiauto.com/brand-logos/baic/primary-1778559758227.webp,brand-tab-logo,ok,,logo,BAIC,BAIC4,40,18,lazy,,,0
/modellek/chery/tiggo-7,https://minio.kinaiauto.com/brand-logos/byd/primary-1778557944140.svg,brand-tab-logo,ok,,logo,BYD,BYD14,40,18,lazy,,,1
/modellek/chery/tiggo-7,https://minio.kinaiauto.com/brand-logos/chery/primary-1778558725869.png,brand-tab-logo,ok,,logo,Chery,Chery4,40,18,lazy,,,2
/modellek/chery/tiggo-7,https://minio.kinaiauto.com/brand-logos/dongfeng/primary-1778559729586.png,brand-tab-logo,ok,,logo,Dongfeng,Dongfeng14,40,18,lazy,,,3
/modellek/chery/tiggo-7,https://minio.kinaiauto.com/brand-logos/firefly/primary-1778559676598.png,brand-tab-logo,ok,,logo,Firefly,Firefly1,40,18,lazy,,,4
/modellek/chery/tiggo-7,https://minio.kinaiauto.com/brand-logos/geely/primary-1778559713516.png,brand-tab-logo,ok,,logo,Geely,Geely2,40,18,lazy,,,5
/modellek/chery/tiggo-7,https://minio.kinaiauto.com/brand-logos/jaecoo/primary-1778559595733.png,brand-tab-logo,ok,,logo,Jaecoo,Jaecoo4,40,18,lazy,,,6
/modellek/chery/tiggo-7,https://minio.kinaiauto.com/brand-logos/leapmotor/primary-1778559701255.png,brand-tab-logo,ok,,logo,Leapmotor,Leapmotor5,40,18,lazy,,,7
/modellek/chery/tiggo-7,https://minio.kinaiauto.com/brand-logos/maxus/primary-1778559794186.png,brand-tab-logo,ok,,logo,Maxus,Maxus1,40,18,lazy,,,8
/modellek/chery/tiggo-7,https://minio.kinaiauto.com/brand-logos/mg/primary-1778559621942.png,brand-tab-logo,ok,,logo,MG,MG10,40,18,lazy,,,9
/modellek/chery/tiggo-7,https://minio.kinaiauto.com/brand-logos/nio/primary-1778559635265.svg,brand-tab-logo,ok,,logo,NIO,NIO4,40,18,lazy,,,10
/modellek/chery/tiggo-7,https://minio.kinaiauto.com/brand-logos/omoda/primary-1778559581219.png,brand-tab-logo,ok,,logo,Omoda,Omoda5,40,18,lazy,,,11
/modellek/chery/tiggo-7,https://minio.kinaiauto.com/brand-logos/voyah/primary-1778559743441.png,brand-tab-logo,ok,,logo,Voyah,Voyah6,40,18,lazy,,,12
/modellek/chery/tiggo-7,https://minio.kinaiauto.com/brand-logos/xpeng/primary-1778559688298.png,brand-tab-logo,ok,,logo,XPENG,XPENG4,40,18,lazy,,,13
/modellek/chery/tiggo-7,https://minio.kinaiauto.com/car-photos/chery/tiggo-7/exterior-1778673385236.webp,,ok,,content,Chery Tiggo 7,,,,,,,14
/modellek/chery/tiggo-7,https://minio.kinaiauto.com/car-photos/chery/tiggo-7/exterior-1778673385236.webp,,ok,,content,"Chery Tiggo 7 — külső, fotó 1",Külső,,,,,,15
/modellek/chery/tiggo-7,https://minio.kinaiauto.com/car-photos/chery/tiggo-7/hero-1778673379006.jpg,,ok,,content,"Chery Tiggo 7 — külső fő nézet, fotó 2",Külső fő nézet,,,,,,16
/modellek/chery/tiggo-7,https://minio.kinaiauto.com/car-photos/chery/tiggo-7/exterior-1778673374620.jpg,,ok,,content,"Chery Tiggo 7 — külső, fotó 3",Külső,,,,,,17
/modellek/chery/tiggo-7,https://minio.kinaiauto.com/car-photos/chery/tiggo-7/exterior-1778673377931.jpg,,ok,,content,"Chery Tiggo 7 — külső, fotó 4",Külső,,,,,,18
/modellek/chery/tiggo-7,https://minio.kinaiauto.com/car-photos/chery/tiggo-7/exterior-1778673381270.jpg,,ok,,content,"Chery Tiggo 7 — külső, fotó 5",Külső+7 fotó,,,,,,19
/modellek/chery/tiggo-7,https://minio.kinaiauto.com/car-photos/mg/mg-hs-hybrid-plus/hero-1778751458513.jpg,,ok,,content,MG HS Hybrid+,"MGMG HS Hybrid+11,9 M Ft — 12,9 M Ft",,,,,,20
/modellek/chery/tiggo-7,https://minio.kinaiauto.com/car-photos/baic/bj30e/hero-1778770153379.jpg,,ok,,content,BJ30e,"BAICBJ30e15,0 M Ft — 15,0 M Ft",,,,,,21
/modellek/chery/tiggo-7,https://minio.kinaiauto.com/car-photos/byd/seal-u-dm-i/hero-1778762075601.jpg,,ok,,content,Seal U DM-i,"BYDSeal U DM-i13,6 M Ft — 18,9 M Ft",,,,,,22
/modellek/chery/tiggo-7,https://minio.kinaiauto.com/car-photos/mg/mg-hs-phev/hero-1778751526729.jpg,,ok,,content,MG HS PHEV,"MGMG HS PHEV14,3 M Ft — 15,4 M Ft",,,,,,23
/modellek/voyah/courage-ev,https://minio.kinaiauto.com/brand-logos/baic/primary-1778559758227.webp,brand-tab-logo,ok,,logo,BAIC,BAIC4,40,18,lazy,,,0
/modellek/voyah/courage-ev,https://minio.kinaiauto.com/brand-logos/byd/primary-1778557944140.svg,brand-tab-logo,ok,,logo,BYD,BYD14,40,18,lazy,,,1
/modellek/voyah/courage-ev,https://minio.kinaiauto.com/brand-logos/chery/primary-1778558725869.png,brand-tab-logo,ok,,logo,Chery,Chery4,40,18,lazy,,,2
/modellek/voyah/courage-ev,https://minio.kinaiauto.com/brand-logos/dongfeng/primary-1778559729586.png,brand-tab-logo,ok,,logo,Dongfeng,Dongfeng14,40,18,lazy,,,3
/modellek/voyah/courage-ev,https://minio.kinaiauto.com/brand-logos/firefly/primary-1778559676598.png,brand-tab-logo,ok,,logo,Firefly,Firefly1,40,18,lazy,,,4
/modellek/voyah/courage-ev,https://minio.kinaiauto.com/brand-logos/geely/primary-1778559713516.png,brand-tab-logo,ok,,logo,Geely,Geely2,40,18,lazy,,,5
/modellek/voyah/courage-ev,https://minio.kinaiauto.com/brand-logos/jaecoo/primary-1778559595733.png,brand-tab-logo,ok,,logo,Jaecoo,Jaecoo4,40,18,lazy,,,6
/modellek/voyah/courage-ev,https://minio.kinaiauto.com/brand-logos/leapmotor/primary-1778559701255.png,brand-tab-logo,ok,,logo,Leapmotor,Leapmotor5,40,18,lazy,,,7
/modellek/voyah/courage-ev,https://minio.kinaiauto.com/brand-logos/maxus/primary-1778559794186.png,brand-tab-logo,ok,,logo,Maxus,Maxus1,40,18,lazy,,,8
/modellek/voyah/courage-ev,https://minio.kinaiauto.com/brand-logos/mg/primary-1778559621942.png,brand-tab-logo,ok,,logo,MG,MG10,40,18,lazy,,,9
/modellek/voyah/courage-ev,https://minio.kinaiauto.com/brand-logos/nio/primary-1778559635265.svg,brand-tab-logo,ok,,logo,NIO,NIO4,40,18,lazy,,,10
/modellek/voyah/courage-ev,https://minio.kinaiauto.com/brand-logos/omoda/primary-1778559581219.png,brand-tab-logo,ok,,logo,Omoda,Omoda5,40,18,lazy,,,11
/modellek/voyah/courage-ev,https://minio.kinaiauto.com/brand-logos/voyah/primary-1778559743441.png,brand-tab-logo,ok,,logo,Voyah,Voyah6,40,18,lazy,,,12
/modellek/voyah/courage-ev,https://minio.kinaiauto.com/brand-logos/xpeng/primary-1778559688298.png,brand-tab-logo,ok,,logo,XPENG,XPENG4,40,18,lazy,,,13
/modellek/voyah/courage-ev,https://minio.kinaiauto.com/car-photos/voyah/courage-ev/hero-1778754958704.jpg,,ok,,content,Voyah Courage EV,,,,,,,14
/modellek/voyah/courage-ev,https://minio.kinaiauto.com/car-photos/voyah/courage-ev/hero-1778754958704.jpg,,ok,,content,"Voyah Courage EV — külső fő nézet, fotó 1",Külső fő nézet,,,,,,15
/modellek/voyah/courage-ev,https://minio.kinaiauto.com/car-photos/voyah/courage-ev/exterior-1778754953887.jpg,,ok,,content,"Voyah Courage EV — külső, fotó 2",Külső,,,,,,16
/modellek/voyah/courage-ev,https://minio.kinaiauto.com/car-photos/voyah/courage-ev/exterior-1778754960517.jpg,,ok,,content,"Voyah Courage EV — külső, fotó 3",Külső,,,,,,17
/modellek/voyah/courage-ev,https://minio.kinaiauto.com/car-photos/voyah/courage-ev/exterior-1778754961960.jpg,,ok,,content,"Voyah Courage EV — külső, fotó 4",Külső,,,,,,18
/modellek/voyah/courage-ev,https://minio.kinaiauto.com/car-photos/voyah/courage-ev/exterior-1778754963131.jpg,,ok,,content,"Voyah Courage EV — külső, fotó 5",Külső+22 fotó,,,,,,19
/modellek/voyah/courage-ev,https://minio.kinaiauto.com/car-photos/byd/sealion-7/exterior-1778761892342.jpg,,ok,,content,Sealion 7,"BYDSealion 719,0 M Ft — 22,0 M Ft",,,,,,20
/modellek/voyah/courage-ev,https://minio.kinaiauto.com/car-photos/xpeng/g6/hero-1778748656169.webp,,ok,,content,G6,"XPENGG618,0 M Ft — 22,1 M Ft",,,,,,21
/modellek/voyah/courage-ev,https://minio.kinaiauto.com/car-photos/byd/seal-u/hero-1778761549471.png,,ok,,content,Seal U,"BYDSeal U17,0 M Ft — 19,0 M Ft",,,,,,22
/modellek/voyah/courage-ev,https://minio.kinaiauto.com/car-photos/geely/e5/hero-1778670334544.jpg,,ok,,content,E5,"GeelyE515,0 M Ft — 16,6 M Ft",,,,,,23
/modellek/leapmotor/lmb10phev,https://minio.kinaiauto.com/brand-logos/baic/primary-1778559758227.webp,brand-tab-logo,ok,,logo,BAIC,BAIC4,40,18,lazy,,,0
/modellek/leapmotor/lmb10phev,https://minio.kinaiauto.com/brand-logos/byd/primary-1778557944140.svg,brand-tab-logo,ok,,logo,BYD,BYD14,40,18,lazy,,,1
/modellek/leapmotor/lmb10phev,https://minio.kinaiauto.com/brand-logos/chery/primary-1778558725869.png,brand-tab-logo,ok,,logo,Chery,Chery4,40,18,lazy,,,2
/modellek/leapmotor/lmb10phev,https://minio.kinaiauto.com/brand-logos/dongfeng/primary-1778559729586.png,brand-tab-logo,ok,,logo,Dongfeng,Dongfeng14,40,18,lazy,,,3
/modellek/leapmotor/lmb10phev,https://minio.kinaiauto.com/brand-logos/firefly/primary-1778559676598.png,brand-tab-logo,ok,,logo,Firefly,Firefly1,40,18,lazy,,,4
/modellek/leapmotor/lmb10phev,https://minio.kinaiauto.com/brand-logos/geely/primary-1778559713516.png,brand-tab-logo,ok,,logo,Geely,Geely2,40,18,lazy,,,5
/modellek/leapmotor/lmb10phev,https://minio.kinaiauto.com/brand-logos/jaecoo/primary-1778559595733.png,brand-tab-logo,ok,,logo,Jaecoo,Jaecoo4,40,18,lazy,,,6
/modellek/leapmotor/lmb10phev,https://minio.kinaiauto.com/brand-logos/leapmotor/primary-1778559701255.png,brand-tab-logo,ok,,logo,Leapmotor,Leapmotor5,40,18,lazy,,,7
/modellek/leapmotor/lmb10phev,https://minio.kinaiauto.com/brand-logos/maxus/primary-1778559794186.png,brand-tab-logo,ok,,logo,Maxus,Maxus1,40,18,lazy,,,8
/modellek/leapmotor/lmb10phev,https://minio.kinaiauto.com/brand-logos/mg/primary-1778559621942.png,brand-tab-logo,ok,,logo,MG,MG10,40,18,lazy,,,9
/modellek/leapmotor/lmb10phev,https://minio.kinaiauto.com/brand-logos/nio/primary-1778559635265.svg,brand-tab-logo,ok,,logo,NIO,NIO4,40,18,lazy,,,10
/modellek/leapmotor/lmb10phev,https://minio.kinaiauto.com/brand-logos/omoda/primary-1778559581219.png,brand-tab-logo,ok,,logo,Omoda,Omoda5,40,18,lazy,,,11
/modellek/leapmotor/lmb10phev,https://minio.kinaiauto.com/brand-logos/voyah/primary-1778559743441.png,brand-tab-logo,ok,,logo,Voyah,Voyah6,40,18,lazy,,,12
/modellek/leapmotor/lmb10phev,https://minio.kinaiauto.com/brand-logos/xpeng/primary-1778559688298.png,brand-tab-logo,ok,,logo,XPENG,XPENG4,40,18,lazy,,,13
/modellek/leapmotor/lmb10phev,https://minio.kinaiauto.com/car-photos/leapmotor/lmb10phev/exterior-1779515797888.png,,ok,,content,Leapmotor B10 PHEV,,,,,,,14
/modellek/leapmotor/lmb10phev,https://minio.kinaiauto.com/car-photos/leapmotor/lmb10phev/exterior-1779515797888.png,,ok,,content,"Leapmotor B10 PHEV — külső, fotó 1",Külső,,,,,,15
/modellek/leapmotor/lmb10phev,https://minio.kinaiauto.com/car-photos/leapmotor/lmb10phev/exterior-1779515802441.png,,ok,,content,"Leapmotor B10 PHEV — külső fő nézet, fotó 2",Külső fő nézet,,,,,,16
/modellek/leapmotor/lmb10phev,https://minio.kinaiauto.com/car-photos/leapmotor/lmb10phev/exterior-1779515794660.png,,ok,,content,"Leapmotor B10 PHEV — külső, fotó 3",Külső,,,,,,17
/modellek/leapmotor/lmb10phev,https://minio.kinaiauto.com/car-photos/leapmotor/lmb10phev/exterior-1779515795989.png,,ok,,content,"Leapmotor B10 PHEV — külső, fotó 4",Külső,,,,,,18
/modellek/leapmotor/lmb10phev,https://minio.kinaiauto.com/car-photos/leapmotor/lmb10phev/exterior-1779515801191.png,,ok,,content,"Leapmotor B10 PHEV — külső, fotó 5",Külső+2 fotó,,,,,,19
/modellek/leapmotor/lmb10phev,https://minio.kinaiauto.com/car-photos/byd/Sealion_5_DM-i/hero-1778760709829.webp,,ok,,content,Sealion 5 DM-i,"BYDSealion 5 DM-i13,2 M Ft — 14,3 M Ft",,,,,,20
/modellek/leapmotor/lmb10phev,https://minio.kinaiauto.com/car-photos/leapmotor/b10/hero-1778747659027.png,,ok,,content,B10,"LeapmotorB1012,2 M Ft — 15,0 M Ft",,,,,,21
/modellek/leapmotor/lmb10phev,https://minio.kinaiauto.com/car-photos/dongfeng/forthing-t5-evo-hev/hero-1778753813525.jpg,,ok,,content,Forthing T5 EVO HEV,"DongfengForthing T5 EVO HEV15,8 M Ft — 15,8 M Ft",,,,,,22
/modellek/leapmotor/lmb10phev,https://minio.kinaiauto.com/car-photos/dongfeng/dfmage/exterior-1778902631789.webp,,ok,,content,MAGE,"DongfengMAGE9,4 M Ft — 9,4 M Ft",,,,,,23
/modellek/byd/seal-6-dm-i-touring,https://minio.kinaiauto.com/brand-logos/baic/primary-1778559758227.webp,brand-tab-logo,ok,,logo,BAIC,BAIC4,40,18,lazy,,,0
/modellek/byd/seal-6-dm-i-touring,https://minio.kinaiauto.com/brand-logos/byd/primary-1778557944140.svg,brand-tab-logo,ok,,logo,BYD,BYD14,40,18,lazy,,,1
/modellek/byd/seal-6-dm-i-touring,https://minio.kinaiauto.com/brand-logos/chery/primary-1778558725869.png,brand-tab-logo,ok,,logo,Chery,Chery4,40,18,lazy,,,2
/modellek/byd/seal-6-dm-i-touring,https://minio.kinaiauto.com/brand-logos/dongfeng/primary-1778559729586.png,brand-tab-logo,ok,,logo,Dongfeng,Dongfeng14,40,18,lazy,,,3
/modellek/byd/seal-6-dm-i-touring,https://minio.kinaiauto.com/brand-logos/firefly/primary-1778559676598.png,brand-tab-logo,ok,,logo,Firefly,Firefly1,40,18,lazy,,,4
/modellek/byd/seal-6-dm-i-touring,https://minio.kinaiauto.com/brand-logos/geely/primary-1778559713516.png,brand-tab-logo,ok,,logo,Geely,Geely2,40,18,lazy,,,5
/modellek/byd/seal-6-dm-i-touring,https://minio.kinaiauto.com/brand-logos/jaecoo/primary-1778559595733.png,brand-tab-logo,ok,,logo,Jaecoo,Jaecoo4,40,18,lazy,,,6
/modellek/byd/seal-6-dm-i-touring,https://minio.kinaiauto.com/brand-logos/leapmotor/primary-1778559701255.png,brand-tab-logo,ok,,logo,Leapmotor,Leapmotor5,40,18,lazy,,,7
/modellek/byd/seal-6-dm-i-touring,https://minio.kinaiauto.com/brand-logos/maxus/primary-1778559794186.png,brand-tab-logo,ok,,logo,Maxus,Maxus1,40,18,lazy,,,8
/modellek/byd/seal-6-dm-i-touring,https://minio.kinaiauto.com/brand-logos/mg/primary-1778559621942.png,brand-tab-logo,ok,,logo,MG,MG10,40,18,lazy,,,9
/modellek/byd/seal-6-dm-i-touring,https://minio.kinaiauto.com/brand-logos/nio/primary-1778559635265.svg,brand-tab-logo,ok,,logo,NIO,NIO4,40,18,lazy,,,10
/modellek/byd/seal-6-dm-i-touring,https://minio.kinaiauto.com/brand-logos/omoda/primary-1778559581219.png,brand-tab-logo,ok,,logo,Omoda,Omoda5,40,18,lazy,,,11
/modellek/byd/seal-6-dm-i-touring,https://minio.kinaiauto.com/brand-logos/voyah/primary-1778559743441.png,brand-tab-logo,ok,,logo,Voyah,Voyah6,40,18,lazy,,,12
/modellek/byd/seal-6-dm-i-touring,https://minio.kinaiauto.com/brand-logos/xpeng/primary-1778559688298.png,brand-tab-logo,ok,,logo,XPENG,XPENG4,40,18,lazy,,,13
/modellek/byd/seal-6-dm-i-touring,https://minio.kinaiauto.com/car-photos/byd/seal-6-dm-i-touring/hero-1778762361947.webp,,ok,,content,BYD Seal 6 DM-i Touring,,,,,,,14
/modellek/byd/seal-6-dm-i-touring,https://minio.kinaiauto.com/car-photos/byd/seal-6-dm-i-touring/hero-1778762361947.webp,,ok,,content,"BYD Seal 6 DM-i Touring — külső fő nézet, fotó 1",Külső fő nézet,,,,,,15
/modellek/byd/seal-6-dm-i-touring,https://minio.kinaiauto.com/car-photos/byd/seal-6-dm-i-touring/exterior-1778762357904.webp,,ok,,content,"BYD Seal 6 DM-i Touring — külső, fotó 2",Külső,,,,,,16
/modellek/byd/seal-6-dm-i-touring,https://minio.kinaiauto.com/car-photos/byd/seal-6-dm-i-touring/exterior-1778762360738.webp,,ok,,content,"BYD Seal 6 DM-i Touring — külső, fotó 3",Külső,,,,,,17
/modellek/byd/seal-6-dm-i-touring,https://minio.kinaiauto.com/car-photos/byd/seal-6-dm-i-touring/exterior-1778762366495.webp,,ok,,content,"BYD Seal 6 DM-i Touring — külső, fotó 4",Külső,,,,,,18
/modellek/byd/seal-6-dm-i-touring,https://minio.kinaiauto.com/car-photos/byd/seal-6-dm-i-touring/exterior-1778762367732.webp,,ok,,content,"BYD Seal 6 DM-i Touring — külső, fotó 5",Külső+8 fotó,,,,,,19
/modellek/byd/seal-6-dm-i-touring,https://minio.kinaiauto.com/car-photos/byd/seal-u-dm-i/hero-1778762075601.jpg,,ok,,content,Seal U DM-i,"BYDSeal U DM-i13,6 M Ft — 18,9 M Ft",,,,,,20
/modellek/byd/seal-6-dm-i-touring,https://minio.kinaiauto.com/car-photos/byd/Sealion_5_DM-i/hero-1778760709829.webp,,ok,,content,Sealion 5 DM-i,"BYDSealion 5 DM-i13,2 M Ft — 14,3 M Ft",,,,,,21
/modellek/byd/seal-6-dm-i-touring,https://minio.kinaiauto.com/car-photos/byd/seal-6-dm-i/hero-1778762471236.webp,,ok,,content,Seal 6 DM-i,"BYDSeal 6 DM-i14,8 M Ft — 17,8 M Ft",,,,,,22
/modellek/byd/seal-6-dm-i-touring,https://minio.kinaiauto.com/car-photos/nio/et5-touring/hero-1778675250250.webp,,ok,,content,ET5 Touring,"NIOET5 Touring24,9 M Ft — 28,6 M Ft",,,,,,23
/modellek/voyah/voy_freebev,https://minio.kinaiauto.com/brand-logos/baic/primary-1778559758227.webp,brand-tab-logo,ok,,logo,BAIC,BAIC4,40,18,lazy,,,0
/modellek/voyah/voy_freebev,https://minio.kinaiauto.com/brand-logos/byd/primary-1778557944140.svg,brand-tab-logo,ok,,logo,BYD,BYD14,40,18,lazy,,,1
/modellek/voyah/voy_freebev,https://minio.kinaiauto.com/brand-logos/chery/primary-1778558725869.png,brand-tab-logo,ok,,logo,Chery,Chery4,40,18,lazy,,,2
/modellek/voyah/voy_freebev,https://minio.kinaiauto.com/brand-logos/dongfeng/primary-1778559729586.png,brand-tab-logo,ok,,logo,Dongfeng,Dongfeng14,40,18,lazy,,,3
/modellek/voyah/voy_freebev,https://minio.kinaiauto.com/brand-logos/firefly/primary-1778559676598.png,brand-tab-logo,ok,,logo,Firefly,Firefly1,40,18,lazy,,,4
/modellek/voyah/voy_freebev,https://minio.kinaiauto.com/brand-logos/geely/primary-1778559713516.png,brand-tab-logo,ok,,logo,Geely,Geely2,40,18,lazy,,,5
/modellek/voyah/voy_freebev,https://minio.kinaiauto.com/brand-logos/jaecoo/primary-1778559595733.png,brand-tab-logo,ok,,logo,Jaecoo,Jaecoo4,40,18,lazy,,,6
/modellek/voyah/voy_freebev,https://minio.kinaiauto.com/brand-logos/leapmotor/primary-1778559701255.png,brand-tab-logo,ok,,logo,Leapmotor,Leapmotor5,40,18,lazy,,,7
/modellek/voyah/voy_freebev,https://minio.kinaiauto.com/brand-logos/maxus/primary-1778559794186.png,brand-tab-logo,ok,,logo,Maxus,Maxus1,40,18,lazy,,,8
/modellek/voyah/voy_freebev,https://minio.kinaiauto.com/brand-logos/mg/primary-1778559621942.png,brand-tab-logo,ok,,logo,MG,MG10,40,18,lazy,,,9
/modellek/voyah/voy_freebev,https://minio.kinaiauto.com/brand-logos/nio/primary-1778559635265.svg,brand-tab-logo,ok,,logo,NIO,NIO4,40,18,lazy,,,10
/modellek/voyah/voy_freebev,https://minio.kinaiauto.com/brand-logos/omoda/primary-1778559581219.png,brand-tab-logo,ok,,logo,Omoda,Omoda5,40,18,lazy,,,11
/modellek/voyah/voy_freebev,https://minio.kinaiauto.com/brand-logos/voyah/primary-1778559743441.png,brand-tab-logo,ok,,logo,Voyah,Voyah6,40,18,lazy,,,12
/modellek/voyah/voy_freebev,https://minio.kinaiauto.com/brand-logos/xpeng/primary-1778559688298.png,brand-tab-logo,ok,,logo,XPENG,XPENG4,40,18,lazy,,,13
/modellek/voyah/voy_freebev,https://minio.kinaiauto.com/car-photos/voyah/voy_freebev/exterior-1778905784375.jpg,,ok,,content,Voyah FREE BEV,,,,,,,14
/modellek/voyah/voy_freebev,https://minio.kinaiauto.com/car-photos/voyah/voy_freebev/exterior-1778905784375.jpg,,ok,,content,"Voyah FREE BEV — külső, fotó 1",Külső,,,,,,15
/modellek/voyah/voy_freebev,https://minio.kinaiauto.com/car-photos/voyah/voy_freebev/exterior-1778905797284.jpg,,ok,,content,"Voyah FREE BEV — külső fő nézet, fotó 2",Külső fő nézet,,,,,,16
/modellek/voyah/voy_freebev,https://minio.kinaiauto.com/car-photos/voyah/voy_freebev/exterior-1778905785995.jpg,,ok,,content,"Voyah FREE BEV — külső, fotó 3",Külső,,,,,,17
/modellek/voyah/voy_freebev,https://minio.kinaiauto.com/car-photos/voyah/voy_freebev/exterior-1778905787395.jpg,,ok,,content,"Voyah FREE BEV — külső, fotó 4",Külső,,,,,,18
/modellek/voyah/voy_freebev,https://minio.kinaiauto.com/car-photos/voyah/voy_freebev/exterior-1778905788733.jpg,,ok,,content,"Voyah FREE BEV — külső, fotó 5",Külső+12 fotó,,,,,,19
/modellek/voyah/voy_freebev,https://minio.kinaiauto.com/car-photos/nio/el6/hero-1778676636181.webp,,ok,,content,EL6,"NIOEL627,0 M Ft — 30,7 M Ft",,,,,,20
/modellek/voyah/voy_freebev,https://minio.kinaiauto.com/car-photos/dongfeng/dfmherobev/exterior-1778906067417.webp,,ok,,content,MHERO 917 BEV,DongfengMHERO 917 BEV— — —,,,,,,21
/modellek/voyah/voy_freebev,https://minio.kinaiauto.com/car-photos/xpeng/g9/hero-1778748733825.webp,,ok,,content,G9,"XPENGG922,0 M Ft — 29,8 M Ft",,,,,,22
/modellek/voyah/voy_freebev,https://minio.kinaiauto.com/car-photos/byd/tang/hero-1778760549275.jpg,,ok,,content,Tang,"BYDTang25,0 M Ft — 29,5 M Ft",,,,,,23
/modellek/baic/baicx7,https://minio.kinaiauto.com/brand-logos/baic/primary-1778559758227.webp,brand-tab-logo,ok,,logo,BAIC,BAIC4,40,18,lazy,,,0
/modellek/baic/baicx7,https://minio.kinaiauto.com/brand-logos/byd/primary-1778557944140.svg,brand-tab-logo,ok,,logo,BYD,BYD14,40,18,lazy,,,1
/modellek/baic/baicx7,https://minio.kinaiauto.com/brand-logos/chery/primary-1778558725869.png,brand-tab-logo,ok,,logo,Chery,Chery4,40,18,lazy,,,2
/modellek/baic/baicx7,https://minio.kinaiauto.com/brand-logos/dongfeng/primary-1778559729586.png,brand-tab-logo,ok,,logo,Dongfeng,Dongfeng14,40,18,lazy,,,3
/modellek/baic/baicx7,https://minio.kinaiauto.com/brand-logos/firefly/primary-1778559676598.png,brand-tab-logo,ok,,logo,Firefly,Firefly1,40,18,lazy,,,4
/modellek/baic/baicx7,https://minio.kinaiauto.com/brand-logos/geely/primary-1778559713516.png,brand-tab-logo,ok,,logo,Geely,Geely2,40,18,lazy,,,5
/modellek/baic/baicx7,https://minio.kinaiauto.com/brand-logos/jaecoo/primary-1778559595733.png,brand-tab-logo,ok,,logo,Jaecoo,Jaecoo4,40,18,lazy,,,6
/modellek/baic/baicx7,https://minio.kinaiauto.com/brand-logos/leapmotor/primary-1778559701255.png,brand-tab-logo,ok,,logo,Leapmotor,Leapmotor5,40,18,lazy,,,7
/modellek/baic/baicx7,https://minio.kinaiauto.com/brand-logos/maxus/primary-1778559794186.png,brand-tab-logo,ok,,logo,Maxus,Maxus1,40,18,lazy,,,8
/modellek/baic/baicx7,https://minio.kinaiauto.com/brand-logos/mg/primary-1778559621942.png,brand-tab-logo,ok,,logo,MG,MG10,40,18,lazy,,,9
/modellek/baic/baicx7,https://minio.kinaiauto.com/brand-logos/nio/primary-1778559635265.svg,brand-tab-logo,ok,,logo,NIO,NIO4,40,18,lazy,,,10
/modellek/baic/baicx7,https://minio.kinaiauto.com/brand-logos/omoda/primary-1778559581219.png,brand-tab-logo,ok,,logo,Omoda,Omoda5,40,18,lazy,,,11
/modellek/baic/baicx7,https://minio.kinaiauto.com/brand-logos/voyah/primary-1778559743441.png,brand-tab-logo,ok,,logo,Voyah,Voyah6,40,18,lazy,,,12
/modellek/baic/baicx7,https://minio.kinaiauto.com/brand-logos/xpeng/primary-1778559688298.png,brand-tab-logo,ok,,logo,XPENG,XPENG4,40,18,lazy,,,13
/modellek/baic/baicx7,https://minio.kinaiauto.com/car-photos/baic/baicx7/hero-1778770008228.jpg,,ok,,content,BAIC X7,,,,,,,14
/modellek/baic/baicx7,https://minio.kinaiauto.com/car-photos/baic/baicx7/hero-1778770008228.jpg,,ok,,content,"BAIC X7 — külső fő nézet, fotó 1",Külső fő nézet,,,,,,15
/modellek/baic/baicx7,https://minio.kinaiauto.com/car-photos/baic/baicx7/exterior-1778770004570.jpg,,ok,,content,"BAIC X7 — külső, fotó 2",Külső,,,,,,16
/modellek/baic/baicx7,https://minio.kinaiauto.com/car-photos/baic/baicx7/exterior-1778770011013.jpg,,ok,,content,"BAIC X7 — külső, fotó 3",Külső,,,,,,17
/modellek/baic/baicx7,https://minio.kinaiauto.com/car-photos/baic/baicx7/exterior-1778770015563.jpg,,ok,,content,"BAIC X7 — külső, fotó 4",Külső,,,,,,18
/modellek/baic/baicx7,https://minio.kinaiauto.com/car-photos/baic/baicx7/exterior-1778770016562.jpg,,ok,,content,"BAIC X7 — külső, fotó 5",Külső+13 fotó,,,,,,19
/modellek/baic/baicx7,https://minio.kinaiauto.com/car-photos/baic/x55/hero-1778672419220.jpg,,ok,,content,X55,"BAICX5512,0 M Ft — —",,,,,,20
/modellek/baic/baicx7,https://minio.kinaiauto.com/car-photos/dongfeng/dfmage/exterior-1778902631789.webp,,ok,,content,MAGE,"DongfengMAGE9,4 M Ft — 9,4 M Ft",,,,,,21
/modellek/baic/baicx7,https://minio.kinaiauto.com/car-photos/omoda/omoda-5/hero-1778749929827.jpg,,ok,,content,Omoda 5,"OmodaOmoda 59,5 M Ft — 12,0 M Ft",,,,,,22
/modellek/baic/baicx7,https://minio.kinaiauto.com/car-photos/jaecoo/jaecoo-5/hero-1778674332842.jpg,,ok,,content,Jaecoo 5,"JaecooJaecoo 510,5 M Ft — 10,5 M Ft",,,,,,23
/modellek/dongfeng/df_df6,https://minio.kinaiauto.com/brand-logos/baic/primary-1778559758227.webp,brand-tab-logo,ok,,logo,BAIC,BAIC4,40,18,lazy,,,0
/modellek/dongfeng/df_df6,https://minio.kinaiauto.com/brand-logos/byd/primary-1778557944140.svg,brand-tab-logo,ok,,logo,BYD,BYD14,40,18,lazy,,,1
/modellek/dongfeng/df_df6,https://minio.kinaiauto.com/brand-logos/chery/primary-1778558725869.png,brand-tab-logo,ok,,logo,Chery,Chery4,40,18,lazy,,,2
/modellek/dongfeng/df_df6,https://minio.kinaiauto.com/brand-logos/dongfeng/primary-1778559729586.png,brand-tab-logo,ok,,logo,Dongfeng,Dongfeng14,40,18,lazy,,,3
/modellek/dongfeng/df_df6,https://minio.kinaiauto.com/brand-logos/firefly/primary-1778559676598.png,brand-tab-logo,ok,,logo,Firefly,Firefly1,40,18,lazy,,,4
/modellek/dongfeng/df_df6,https://minio.kinaiauto.com/brand-logos/geely/primary-1778559713516.png,brand-tab-logo,ok,,logo,Geely,Geely2,40,18,lazy,,,5
/modellek/dongfeng/df_df6,https://minio.kinaiauto.com/brand-logos/jaecoo/primary-1778559595733.png,brand-tab-logo,ok,,logo,Jaecoo,Jaecoo4,40,18,lazy,,,6
/modellek/dongfeng/df_df6,https://minio.kinaiauto.com/brand-logos/leapmotor/primary-1778559701255.png,brand-tab-logo,ok,,logo,Leapmotor,Leapmotor5,40,18,lazy,,,7
/modellek/dongfeng/df_df6,https://minio.kinaiauto.com/brand-logos/maxus/primary-1778559794186.png,brand-tab-logo,ok,,logo,Maxus,Maxus1,40,18,lazy,,,8
/modellek/dongfeng/df_df6,https://minio.kinaiauto.com/brand-logos/mg/primary-1778559621942.png,brand-tab-logo,ok,,logo,MG,MG10,40,18,lazy,,,9
/modellek/dongfeng/df_df6,https://minio.kinaiauto.com/brand-logos/nio/primary-1778559635265.svg,brand-tab-logo,ok,,logo,NIO,NIO4,40,18,lazy,,,10
/modellek/dongfeng/df_df6,https://minio.kinaiauto.com/brand-logos/omoda/primary-1778559581219.png,brand-tab-logo,ok,,logo,Omoda,Omoda5,40,18,lazy,,,11
/modellek/dongfeng/df_df6,https://minio.kinaiauto.com/brand-logos/voyah/primary-1778559743441.png,brand-tab-logo,ok,,logo,Voyah,Voyah6,40,18,lazy,,,12
/modellek/dongfeng/df_df6,https://minio.kinaiauto.com/brand-logos/xpeng/primary-1778559688298.png,brand-tab-logo,ok,,logo,XPENG,XPENG4,40,18,lazy,,,13
/modellek/dongfeng/df_df6,https://minio.kinaiauto.com/car-photos/dongfeng/df_df6/exterior-1778914619629.webp,,ok,,content,Dongfeng DF6,,,,,,,14
/modellek/dongfeng/df_df6,https://minio.kinaiauto.com/car-photos/dongfeng/df_df6/exterior-1778914619629.webp,,ok,,content,"Dongfeng DF6 — külső, fotó 1",Külső,,,,,,15
/modellek/dongfeng/df_df6,https://minio.kinaiauto.com/car-photos/dongfeng/df_df6/exterior-1778914613698.webp,,ok,,content,"Dongfeng DF6 — külső fő nézet, fotó 2",Külső fő nézet,,,,,,16
/modellek/dongfeng/df_df6,https://minio.kinaiauto.com/car-photos/dongfeng/df_df6/exterior-1778914620710.webp,,ok,,content,"Dongfeng DF6 — külső, fotó 3",Külső,,,,,,17
/modellek/dongfeng/df_df6,https://minio.kinaiauto.com/car-photos/dongfeng/df_df6/exterior-1778914627237.jpg,,ok,,content,"Dongfeng DF6 — külső, fotó 4",Külső,,,,,,18
/modellek/dongfeng/df_df6,https://minio.kinaiauto.com/car-photos/dongfeng/df_df6/exterior-1778914629391.jpg,,ok,,content,"Dongfeng DF6 — külső, fotó 5",Külső+12 fotó,,,,,,19
/modellek/dongfeng/df_df6,https://minio.kinaiauto.com/car-photos/maxus/t60-max-pickup/exterior-1778674838374.jpg,,ok,,content,T60 MAX Pickup,"MaxusT60 MAX Pickup19,0 M Ft — 19,0 M Ft",,,,,,20
/modellek/nio/EL_8,https://minio.kinaiauto.com/brand-logos/baic/primary-1778559758227.webp,brand-tab-logo,ok,,logo,BAIC,BAIC4,40,18,lazy,,,0
/modellek/nio/EL_8,https://minio.kinaiauto.com/brand-logos/byd/primary-1778557944140.svg,brand-tab-logo,ok,,logo,BYD,BYD14,40,18,lazy,,,1
/modellek/nio/EL_8,https://minio.kinaiauto.com/brand-logos/chery/primary-1778558725869.png,brand-tab-logo,ok,,logo,Chery,Chery4,40,18,lazy,,,2
/modellek/nio/EL_8,https://minio.kinaiauto.com/brand-logos/dongfeng/primary-1778559729586.png,brand-tab-logo,ok,,logo,Dongfeng,Dongfeng14,40,18,lazy,,,3
/modellek/nio/EL_8,https://minio.kinaiauto.com/brand-logos/firefly/primary-1778559676598.png,brand-tab-logo,ok,,logo,Firefly,Firefly1,40,18,lazy,,,4
/modellek/nio/EL_8,https://minio.kinaiauto.com/brand-logos/geely/primary-1778559713516.png,brand-tab-logo,ok,,logo,Geely,Geely2,40,18,lazy,,,5
/modellek/nio/EL_8,https://minio.kinaiauto.com/brand-logos/jaecoo/primary-1778559595733.png,brand-tab-logo,ok,,logo,Jaecoo,Jaecoo4,40,18,lazy,,,6
/modellek/nio/EL_8,https://minio.kinaiauto.com/brand-logos/leapmotor/primary-1778559701255.png,brand-tab-logo,ok,,logo,Leapmotor,Leapmotor5,40,18,lazy,,,7
/modellek/nio/EL_8,https://minio.kinaiauto.com/brand-logos/maxus/primary-1778559794186.png,brand-tab-logo,ok,,logo,Maxus,Maxus1,40,18,lazy,,,8
/modellek/nio/EL_8,https://minio.kinaiauto.com/brand-logos/mg/primary-1778559621942.png,brand-tab-logo,ok,,logo,MG,MG10,40,18,lazy,,,9
/modellek/nio/EL_8,https://minio.kinaiauto.com/brand-logos/nio/primary-1778559635265.svg,brand-tab-logo,ok,,logo,NIO,NIO4,40,18,lazy,,,10
/modellek/nio/EL_8,https://minio.kinaiauto.com/brand-logos/omoda/primary-1778559581219.png,brand-tab-logo,ok,,logo,Omoda,Omoda5,40,18,lazy,,,11
/modellek/nio/EL_8,https://minio.kinaiauto.com/brand-logos/voyah/primary-1778559743441.png,brand-tab-logo,ok,,logo,Voyah,Voyah6,40,18,lazy,,,12
/modellek/nio/EL_8,https://minio.kinaiauto.com/brand-logos/xpeng/primary-1778559688298.png,brand-tab-logo,ok,,logo,XPENG,XPENG4,40,18,lazy,,,13
/modellek/nio/EL_8,https://minio.kinaiauto.com/car-photos/nio/EL_8/hero-1778676778562.webp,,ok,,content,NIO EL8,,,,,,,14
/modellek/nio/EL_8,https://minio.kinaiauto.com/car-photos/nio/EL_8/hero-1778676778562.webp,,ok,,content,"NIO EL8 — külső fő nézet, fotó 1",Külső fő nézet,,,,,,15
/modellek/nio/EL_8,https://minio.kinaiauto.com/car-photos/nio/EL_8/exterior-1778676764659.webp,,ok,,content,"NIO EL8 — külső, fotó 2",Külső,,,,,,16
/modellek/nio/EL_8,https://minio.kinaiauto.com/car-photos/nio/EL_8/exterior-1778676774789.webp,,ok,,content,"NIO EL8 — külső, fotó 3",Külső,,,,,,17
/modellek/nio/EL_8,https://minio.kinaiauto.com/car-photos/nio/EL_8/exterior-1778676776379.webp,,ok,,content,"NIO EL8 — külső, fotó 4",Külső,,,,,,18
/modellek/nio/EL_8,https://minio.kinaiauto.com/car-photos/nio/EL_8/exterior-1778676780204.webp,,ok,,content,"NIO EL8 — külső, fotó 5",Külső+8 fotó,,,,,,19
/modellek/nio/EL_8,https://minio.kinaiauto.com/car-photos/nio/el6/hero-1778676636181.webp,,ok,,content,EL6,"NIOEL627,0 M Ft — 30,7 M Ft",,,,,,20
/modellek/nio/EL_8,https://minio.kinaiauto.com/car-photos/dongfeng/dfmherobev/exterior-1778906067417.webp,,ok,,content,MHERO 917 BEV,DongfengMHERO 917 BEV— — —,,,,,,21
/modellek/nio/EL_8,https://minio.kinaiauto.com/car-photos/xpeng/g9/hero-1778748733825.webp,,ok,,content,G9,"XPENGG922,0 M Ft — 29,8 M Ft",,,,,,22
/modellek/nio/EL_8,https://minio.kinaiauto.com/car-photos/byd/tang/hero-1778760549275.jpg,,ok,,content,Tang,"BYDTang25,0 M Ft — 29,5 M Ft",,,,,,23
/modellek/dongfeng/fr_mhero917rev,https://minio.kinaiauto.com/brand-logos/baic/primary-1778559758227.webp,brand-tab-logo,ok,,logo,BAIC,BAIC4,40,18,lazy,,,0
/modellek/dongfeng/fr_mhero917rev,https://minio.kinaiauto.com/brand-logos/byd/primary-1778557944140.svg,brand-tab-logo,ok,,logo,BYD,BYD14,40,18,lazy,,,1
/modellek/dongfeng/fr_mhero917rev,https://minio.kinaiauto.com/brand-logos/chery/primary-1778558725869.png,brand-tab-logo,ok,,logo,Chery,Chery4,40,18,lazy,,,2
/modellek/dongfeng/fr_mhero917rev,https://minio.kinaiauto.com/brand-logos/dongfeng/primary-1778559729586.png,brand-tab-logo,ok,,logo,Dongfeng,Dongfeng14,40,18,lazy,,,3
/modellek/dongfeng/fr_mhero917rev,https://minio.kinaiauto.com/brand-logos/firefly/primary-1778559676598.png,brand-tab-logo,ok,,logo,Firefly,Firefly1,40,18,lazy,,,4
/modellek/dongfeng/fr_mhero917rev,https://minio.kinaiauto.com/brand-logos/geely/primary-1778559713516.png,brand-tab-logo,ok,,logo,Geely,Geely2,40,18,lazy,,,5
/modellek/dongfeng/fr_mhero917rev,https://minio.kinaiauto.com/brand-logos/jaecoo/primary-1778559595733.png,brand-tab-logo,ok,,logo,Jaecoo,Jaecoo4,40,18,lazy,,,6
/modellek/dongfeng/fr_mhero917rev,https://minio.kinaiauto.com/brand-logos/leapmotor/primary-1778559701255.png,brand-tab-logo,ok,,logo,Leapmotor,Leapmotor5,40,18,lazy,,,7
/modellek/dongfeng/fr_mhero917rev,https://minio.kinaiauto.com/brand-logos/maxus/primary-1778559794186.png,brand-tab-logo,ok,,logo,Maxus,Maxus1,40,18,lazy,,,8
/modellek/dongfeng/fr_mhero917rev,https://minio.kinaiauto.com/brand-logos/mg/primary-1778559621942.png,brand-tab-logo,ok,,logo,MG,MG10,40,18,lazy,,,9
/modellek/dongfeng/fr_mhero917rev,https://minio.kinaiauto.com/brand-logos/nio/primary-1778559635265.svg,brand-tab-logo,ok,,logo,NIO,NIO4,40,18,lazy,,,10
/modellek/dongfeng/fr_mhero917rev,https://minio.kinaiauto.com/brand-logos/omoda/primary-1778559581219.png,brand-tab-logo,ok,,logo,Omoda,Omoda5,40,18,lazy,,,11
/modellek/dongfeng/fr_mhero917rev,https://minio.kinaiauto.com/brand-logos/voyah/primary-1778559743441.png,brand-tab-logo,ok,,logo,Voyah,Voyah6,40,18,lazy,,,12
/modellek/dongfeng/fr_mhero917rev,https://minio.kinaiauto.com/brand-logos/xpeng/primary-1778559688298.png,brand-tab-logo,ok,,logo,XPENG,XPENG4,40,18,lazy,,,13
/modellek/dongfeng/fr_mhero917rev,https://minio.kinaiauto.com/car-photos/dongfeng/fr_mhero917rev/exterior-1779516977084.webp,,ok,,content,Dongfeng MHERO 917 REV,,,,,,,14
/modellek/dongfeng/fr_mhero917rev,https://minio.kinaiauto.com/car-photos/dongfeng/fr_mhero917rev/exterior-1779516977084.webp,,ok,,content,"Dongfeng MHERO 917 REV — külső, fotó 1",Külső,,,,,,15
/modellek/dongfeng/fr_mhero917rev,https://minio.kinaiauto.com/car-photos/dongfeng/fr_mhero917rev/hero-1779516968503.webp,,ok,,content,"Dongfeng MHERO 917 REV — külső fő nézet, fotó 2",Külső fő nézet,,,,,,16
/modellek/dongfeng/fr_mhero917rev,https://minio.kinaiauto.com/car-photos/dongfeng/fr_mhero917rev/exterior-1779516970039.webp,,ok,,content,"Dongfeng MHERO 917 REV — külső, fotó 3",Külső,,,,,,17
/modellek/dongfeng/fr_mhero917rev,https://minio.kinaiauto.com/car-photos/dongfeng/fr_mhero917rev/exterior-1779516971455.webp,,ok,,content,"Dongfeng MHERO 917 REV — külső, fotó 4",Külső,,,,,,18
/modellek/dongfeng/fr_mhero917rev,https://minio.kinaiauto.com/car-photos/dongfeng/fr_mhero917rev/exterior-1779516972928.webp,,ok,,content,"Dongfeng MHERO 917 REV — külső, fotó 5",Külső+3 fotó,,,,,,19
/modellek/dongfeng/fr_mhero917rev,https://minio.kinaiauto.com/car-photos/chery/tiggo-9/hero-1778673464632.jpg,,ok,,content,Tiggo 9,"CheryTiggo 919,5 M Ft — 20,0 M Ft",,,,,,20
/modellek/dongfeng/fr_mhero917rev,https://minio.kinaiauto.com/car-photos/omoda/omoda-9-shs-p/hero-1778749724323.jpg,,ok,,content,Omoda 9 SHS-P,"OmodaOmoda 9 SHS-P22,0 M Ft — 22,0 M Ft",,,,,,21
/modellek/dongfeng/fr_mhero917rev,https://minio.kinaiauto.com/car-photos/voyah/free-rev-318/hero-1778754529969.webp,,ok,,content,Free REV 318,"VoyahFree REV 31826,0 M Ft — 27,0 M Ft",,,,,,22
/modellek/dongfeng/fr_mhero917rev,https://minio.kinaiauto.com/car-photos/dongfeng/dfmherobev/exterior-1778906067417.webp,,ok,,content,MHERO 917 BEV,DongfengMHERO 917 BEV— — —,,,,,,23
/modellek/omoda/omoda-e5,https://minio.kinaiauto.com/brand-logos/baic/primary-1778559758227.webp,brand-tab-logo,ok,,logo,BAIC,BAIC4,40,18,lazy,,,0
/modellek/omoda/omoda-e5,https://minio.kinaiauto.com/brand-logos/byd/primary-1778557944140.svg,brand-tab-logo,ok,,logo,BYD,BYD14,40,18,lazy,,,1
/modellek/omoda/omoda-e5,https://minio.kinaiauto.com/brand-logos/chery/primary-1778558725869.png,brand-tab-logo,ok,,logo,Chery,Chery4,40,18,lazy,,,2
/modellek/omoda/omoda-e5,https://minio.kinaiauto.com/brand-logos/dongfeng/primary-1778559729586.png,brand-tab-logo,ok,,logo,Dongfeng,Dongfeng14,40,18,lazy,,,3
/modellek/omoda/omoda-e5,https://minio.kinaiauto.com/brand-logos/firefly/primary-1778559676598.png,brand-tab-logo,ok,,logo,Firefly,Firefly1,40,18,lazy,,,4
/modellek/omoda/omoda-e5,https://minio.kinaiauto.com/brand-logos/geely/primary-1778559713516.png,brand-tab-logo,ok,,logo,Geely,Geely2,40,18,lazy,,,5
/modellek/omoda/omoda-e5,https://minio.kinaiauto.com/brand-logos/jaecoo/primary-1778559595733.png,brand-tab-logo,ok,,logo,Jaecoo,Jaecoo4,40,18,lazy,,,6
/modellek/omoda/omoda-e5,https://minio.kinaiauto.com/brand-logos/leapmotor/primary-1778559701255.png,brand-tab-logo,ok,,logo,Leapmotor,Leapmotor5,40,18,lazy,,,7
/modellek/omoda/omoda-e5,https://minio.kinaiauto.com/brand-logos/maxus/primary-1778559794186.png,brand-tab-logo,ok,,logo,Maxus,Maxus1,40,18,lazy,,,8
/modellek/omoda/omoda-e5,https://minio.kinaiauto.com/brand-logos/mg/primary-1778559621942.png,brand-tab-logo,ok,,logo,MG,MG10,40,18,lazy,,,9
/modellek/omoda/omoda-e5,https://minio.kinaiauto.com/brand-logos/nio/primary-1778559635265.svg,brand-tab-logo,ok,,logo,NIO,NIO4,40,18,lazy,,,10
/modellek/omoda/omoda-e5,https://minio.kinaiauto.com/brand-logos/omoda/primary-1778559581219.png,brand-tab-logo,ok,,logo,Omoda,Omoda5,40,18,lazy,,,11
/modellek/omoda/omoda-e5,https://minio.kinaiauto.com/brand-logos/voyah/primary-1778559743441.png,brand-tab-logo,ok,,logo,Voyah,Voyah6,40,18,lazy,,,12
/modellek/omoda/omoda-e5,https://minio.kinaiauto.com/brand-logos/xpeng/primary-1778559688298.png,brand-tab-logo,ok,,logo,XPENG,XPENG4,40,18,lazy,,,13
/modellek/omoda/omoda-e5,https://minio.kinaiauto.com/car-photos/omoda/omoda-e5/hero-1778749523872.jpg,,ok,,content,Omoda Omoda E5,,,,,,,14
/modellek/omoda/omoda-e5,https://minio.kinaiauto.com/car-photos/omoda/omoda-e5/hero-1778749523872.jpg,,ok,,content,"Omoda E5 — külső fő nézet, fotó 1",Külső fő nézet,,,,,,15
/modellek/omoda/omoda-e5,https://minio.kinaiauto.com/car-photos/omoda/omoda-e5/exterior-1778749520629.png,,ok,,content,"Omoda E5 — külső, fotó 2",Külső,,,,,,16
/modellek/omoda/omoda-e5,https://minio.kinaiauto.com/car-photos/omoda/omoda-e5/exterior-1778749525455.webp,,ok,,content,"Omoda E5 — külső, fotó 3",Külső,,,,,,17
/modellek/omoda/omoda-e5,https://minio.kinaiauto.com/car-photos/omoda/omoda-e5/exterior-1778749526854.jpg,,ok,,content,"Omoda E5 — külső, fotó 4",Külső,,,,,,18
/modellek/omoda/omoda-e5,https://minio.kinaiauto.com/car-photos/omoda/omoda-e5/exterior-1778749528628.jpg,,ok,,content,"Omoda E5 — külső, fotó 5",Külső+4 fotó,,,,,,19
/modellek/omoda/omoda-e5,https://minio.kinaiauto.com/car-photos/byd/atto3evo/hero-1778768095241.webp,,ok,,content,Atto 3 EVO,"BYDAtto 3 EVO14,8 M Ft — 18,5 M Ft",,,,,,20
/modellek/omoda/omoda-e5,https://minio.kinaiauto.com/car-photos/leapmotor/b10/hero-1778747659027.png,,ok,,content,B10,"LeapmotorB1012,2 M Ft — 15,0 M Ft",,,,,,21
/modellek/omoda/omoda-e5,https://minio.kinaiauto.com/car-photos/mg/mgs5-ev/hero-1778750454215.jpg,,ok,,content,MGS5 EV,"MGMGS5 EV12,2 M Ft — 14,7 M Ft",,,,,,22
/modellek/omoda/omoda-e5,https://minio.kinaiauto.com/car-photos/jaecoo/jaecoo-5-ev/hero-1778674573749.jpg,,ok,,content,Jaecoo 5 ev,"JaecooJaecoo 5 ev15,0 M Ft — 15,5 M Ft",,,,,,23
/modellek/dongfeng/dfutour,https://minio.kinaiauto.com/brand-logos/baic/primary-1778559758227.webp,brand-tab-logo,ok,,logo,BAIC,BAIC4,40,18,lazy,,,0
/modellek/dongfeng/dfutour,https://minio.kinaiauto.com/brand-logos/byd/primary-1778557944140.svg,brand-tab-logo,ok,,logo,BYD,BYD14,40,18,lazy,,,1
/modellek/dongfeng/dfutour,https://minio.kinaiauto.com/brand-logos/chery/primary-1778558725869.png,brand-tab-logo,ok,,logo,Chery,Chery4,40,18,lazy,,,2
/modellek/dongfeng/dfutour,https://minio.kinaiauto.com/brand-logos/dongfeng/primary-1778559729586.png,brand-tab-logo,ok,,logo,Dongfeng,Dongfeng14,40,18,lazy,,,3
/modellek/dongfeng/dfutour,https://minio.kinaiauto.com/brand-logos/firefly/primary-1778559676598.png,brand-tab-logo,ok,,logo,Firefly,Firefly1,40,18,lazy,,,4
/modellek/dongfeng/dfutour,https://minio.kinaiauto.com/brand-logos/geely/primary-1778559713516.png,brand-tab-logo,ok,,logo,Geely,Geely2,40,18,lazy,,,5
/modellek/dongfeng/dfutour,https://minio.kinaiauto.com/brand-logos/jaecoo/primary-1778559595733.png,brand-tab-logo,ok,,logo,Jaecoo,Jaecoo4,40,18,lazy,,,6
/modellek/dongfeng/dfutour,https://minio.kinaiauto.com/brand-logos/leapmotor/primary-1778559701255.png,brand-tab-logo,ok,,logo,Leapmotor,Leapmotor5,40,18,lazy,,,7
/modellek/dongfeng/dfutour,https://minio.kinaiauto.com/brand-logos/maxus/primary-1778559794186.png,brand-tab-logo,ok,,logo,Maxus,Maxus1,40,18,lazy,,,8
/modellek/dongfeng/dfutour,https://minio.kinaiauto.com/brand-logos/mg/primary-1778559621942.png,brand-tab-logo,ok,,logo,MG,MG10,40,18,lazy,,,9
/modellek/dongfeng/dfutour,https://minio.kinaiauto.com/brand-logos/nio/primary-1778559635265.svg,brand-tab-logo,ok,,logo,NIO,NIO4,40,18,lazy,,,10
/modellek/dongfeng/dfutour,https://minio.kinaiauto.com/brand-logos/omoda/primary-1778559581219.png,brand-tab-logo,ok,,logo,Omoda,Omoda5,40,18,lazy,,,11
/modellek/dongfeng/dfutour,https://minio.kinaiauto.com/brand-logos/voyah/primary-1778559743441.png,brand-tab-logo,ok,,logo,Voyah,Voyah6,40,18,lazy,,,12
/modellek/dongfeng/dfutour,https://minio.kinaiauto.com/brand-logos/xpeng/primary-1778559688298.png,brand-tab-logo,ok,,logo,XPENG,XPENG4,40,18,lazy,,,13
/modellek/dongfeng/dfutour,https://minio.kinaiauto.com/car-photos/dongfeng/dfutour/exterior-1778903159308.webp,,ok,,content,Dongfeng U Tour,,,,,,,14
/modellek/dongfeng/dfutour,https://minio.kinaiauto.com/car-photos/dongfeng/dfutour/exterior-1778903159308.webp,,ok,,content,"Dongfeng U Tour — külső, fotó 1",Külső,,,,,,15
/modellek/dongfeng/dfutour,https://minio.kinaiauto.com/car-photos/dongfeng/dfutour/exterior-1778903157094.webp,,ok,,content,"Dongfeng U Tour — külső fő nézet, fotó 2",Külső fő nézet,,,,,,16
/modellek/dongfeng/dfutour,https://minio.kinaiauto.com/car-photos/dongfeng/dfutour/exterior-1778903138177.webp,,ok,,content,"Dongfeng U Tour — külső, fotó 3",Külső,,,,,,17
/modellek/dongfeng/dfutour,https://minio.kinaiauto.com/car-photos/dongfeng/dfutour/exterior-1778903143636.webp,,ok,,content,"Dongfeng U Tour — külső, fotó 4",Külső,,,,,,18
/modellek/dongfeng/dfutour,https://minio.kinaiauto.com/car-photos/dongfeng/dfutour/exterior-1778903177790.png,,ok,,content,"Dongfeng U Tour — külső, fotó 5",Külső+26 fotó,,,,,,19
/modellek/dongfeng/dfutour,https://minio.kinaiauto.com/car-photos/dongfeng/dfmage/exterior-1778902631789.webp,,ok,,content,MAGE,"DongfengMAGE9,4 M Ft — 9,4 M Ft",,,,,,20
/modellek/dongfeng/dfutour,https://minio.kinaiauto.com/car-photos/dongfeng/forthing-u-tour-hev/hero-1778753991828.jpg,,ok,,content,Forthing U-Tour HEV,"DongfengForthing U-Tour HEV16,9 M Ft — 16,9 M Ft",,,,,,21
/modellek/dongfeng/dfutour,https://minio.kinaiauto.com/car-photos/dongfeng/shine-gs/hero-1778753439552.webp,,ok,,content,Shine GS,"DongfengShine GS8,7 M Ft — 8,7 M Ft",,,,,,22
/modellek/dongfeng/dfutour,https://minio.kinaiauto.com/car-photos/dongfeng/dfutourv9phev/exterior-1778903555683.webp,,ok,,content,U Tour V9 PHEV,"DongfengU Tour V9 PHEV19,0 M Ft — 19,0 M Ft",,,,,,23
/modellek/mg/mg-cyberster,https://minio.kinaiauto.com/brand-logos/baic/primary-1778559758227.webp,brand-tab-logo,ok,,logo,BAIC,BAIC4,40,18,lazy,,,0
/modellek/mg/mg-cyberster,https://minio.kinaiauto.com/brand-logos/byd/primary-1778557944140.svg,brand-tab-logo,ok,,logo,BYD,BYD14,40,18,lazy,,,1
/modellek/mg/mg-cyberster,https://minio.kinaiauto.com/brand-logos/chery/primary-1778558725869.png,brand-tab-logo,ok,,logo,Chery,Chery4,40,18,lazy,,,2
/modellek/mg/mg-cyberster,https://minio.kinaiauto.com/brand-logos/dongfeng/primary-1778559729586.png,brand-tab-logo,ok,,logo,Dongfeng,Dongfeng14,40,18,lazy,,,3
/modellek/mg/mg-cyberster,https://minio.kinaiauto.com/brand-logos/firefly/primary-1778559676598.png,brand-tab-logo,ok,,logo,Firefly,Firefly1,40,18,lazy,,,4
/modellek/mg/mg-cyberster,https://minio.kinaiauto.com/brand-logos/geely/primary-1778559713516.png,brand-tab-logo,ok,,logo,Geely,Geely2,40,18,lazy,,,5
/modellek/mg/mg-cyberster,https://minio.kinaiauto.com/brand-logos/jaecoo/primary-1778559595733.png,brand-tab-logo,ok,,logo,Jaecoo,Jaecoo4,40,18,lazy,,,6
/modellek/mg/mg-cyberster,https://minio.kinaiauto.com/brand-logos/leapmotor/primary-1778559701255.png,brand-tab-logo,ok,,logo,Leapmotor,Leapmotor5,40,18,lazy,,,7
/modellek/mg/mg-cyberster,https://minio.kinaiauto.com/brand-logos/maxus/primary-1778559794186.png,brand-tab-logo,ok,,logo,Maxus,Maxus1,40,18,lazy,,,8
/modellek/mg/mg-cyberster,https://minio.kinaiauto.com/brand-logos/mg/primary-1778559621942.png,brand-tab-logo,ok,,logo,MG,MG10,40,18,lazy,,,9
/modellek/mg/mg-cyberster,https://minio.kinaiauto.com/brand-logos/nio/primary-1778559635265.svg,brand-tab-logo,ok,,logo,NIO,NIO4,40,18,lazy,,,10
/modellek/mg/mg-cyberster,https://minio.kinaiauto.com/brand-logos/omoda/primary-1778559581219.png,brand-tab-logo,ok,,logo,Omoda,Omoda5,40,18,lazy,,,11
/modellek/mg/mg-cyberster,https://minio.kinaiauto.com/brand-logos/voyah/primary-1778559743441.png,brand-tab-logo,ok,,logo,Voyah,Voyah6,40,18,lazy,,,12
/modellek/mg/mg-cyberster,https://minio.kinaiauto.com/brand-logos/xpeng/primary-1778559688298.png,brand-tab-logo,ok,,logo,XPENG,XPENG4,40,18,lazy,,,13
/modellek/mg/mg-cyberster,https://minio.kinaiauto.com/car-photos/mg/mg-cyberster/hero-1778750129784.jpg,,ok,,content,MG MG Cyberster,,,,,,,14
/modellek/mg/mg-cyberster,https://minio.kinaiauto.com/car-photos/mg/mg-cyberster/hero-1778750129784.jpg,,ok,,content,"MG Cyberster — külső fő nézet, fotó 1",Külső fő nézet,,,,,,15
/modellek/mg/mg-cyberster,https://minio.kinaiauto.com/car-photos/mg/mg-cyberster/exterior-1778750125341.jpg,,ok,,content,"MG Cyberster — külső, fotó 2",Külső,,,,,,16
/modellek/mg/mg-cyberster,https://minio.kinaiauto.com/car-photos/mg/mg-cyberster/exterior-1778750131063.jpg,,ok,,content,"MG Cyberster — külső, fotó 3",Külső,,,,,,17
/modellek/mg/mg-cyberster,https://minio.kinaiauto.com/car-photos/mg/mg-cyberster/exterior-1778750132353.jpg,,ok,,content,"MG Cyberster — külső, fotó 4",Külső,,,,,,18
/modellek/mg/mg-cyberster,https://minio.kinaiauto.com/car-photos/mg/mg-cyberster/exterior-1778750133550.jpg,,ok,,content,"MG Cyberster — külső, fotó 5",Külső+11 fotó,,,,,,19
/modellek/mg/mg-cyberster,https://minio.kinaiauto.com/car-photos/nio/el6/hero-1778676636181.webp,,ok,,content,EL6,"NIOEL627,0 M Ft — 30,7 M Ft",,,,,,20
/modellek/mg/mg-cyberster,https://minio.kinaiauto.com/car-photos/nio/et5-touring/hero-1778675250250.webp,,ok,,content,ET5 Touring,"NIOET5 Touring24,9 M Ft — 28,6 M Ft",,,,,,21
/modellek/mg/mg-cyberster,https://minio.kinaiauto.com/car-photos/xpeng/xpengg9/exterior-1779434734166.webp,,ok,,content,X9,"XPENGX930,0 M Ft — 35,9 M Ft",,,,,,22
/modellek/mg/mg-cyberster,https://minio.kinaiauto.com/car-photos/mg/mg4-electric/exterior-1778751369206.jpg,,ok,,content,MG4 Electric,"MGMG4 Electric11,3 M Ft — 15,9 M Ft",,,,,,23
/modellek/byd/dolphin-surf,https://minio.kinaiauto.com/brand-logos/baic/primary-1778559758227.webp,brand-tab-logo,ok,,logo,BAIC,BAIC4,40,18,lazy,,,0
/modellek/byd/dolphin-surf,https://minio.kinaiauto.com/brand-logos/byd/primary-1778557944140.svg,brand-tab-logo,ok,,logo,BYD,BYD14,40,18,lazy,,,1
/modellek/byd/dolphin-surf,https://minio.kinaiauto.com/brand-logos/chery/primary-1778558725869.png,brand-tab-logo,ok,,logo,Chery,Chery4,40,18,lazy,,,2
/modellek/byd/dolphin-surf,https://minio.kinaiauto.com/brand-logos/dongfeng/primary-1778559729586.png,brand-tab-logo,ok,,logo,Dongfeng,Dongfeng14,40,18,lazy,,,3
/modellek/byd/dolphin-surf,https://minio.kinaiauto.com/brand-logos/firefly/primary-1778559676598.png,brand-tab-logo,ok,,logo,Firefly,Firefly1,40,18,lazy,,,4
/modellek/byd/dolphin-surf,https://minio.kinaiauto.com/brand-logos/geely/primary-1778559713516.png,brand-tab-logo,ok,,logo,Geely,Geely2,40,18,lazy,,,5
/modellek/byd/dolphin-surf,https://minio.kinaiauto.com/brand-logos/jaecoo/primary-1778559595733.png,brand-tab-logo,ok,,logo,Jaecoo,Jaecoo4,40,18,lazy,,,6
/modellek/byd/dolphin-surf,https://minio.kinaiauto.com/brand-logos/leapmotor/primary-1778559701255.png,brand-tab-logo,ok,,logo,Leapmotor,Leapmotor5,40,18,lazy,,,7
/modellek/byd/dolphin-surf,https://minio.kinaiauto.com/brand-logos/maxus/primary-1778559794186.png,brand-tab-logo,ok,,logo,Maxus,Maxus1,40,18,lazy,,,8
/modellek/byd/dolphin-surf,https://minio.kinaiauto.com/brand-logos/mg/primary-1778559621942.png,brand-tab-logo,ok,,logo,MG,MG10,40,18,lazy,,,9
/modellek/byd/dolphin-surf,https://minio.kinaiauto.com/brand-logos/nio/primary-1778559635265.svg,brand-tab-logo,ok,,logo,NIO,NIO4,40,18,lazy,,,10
/modellek/byd/dolphin-surf,https://minio.kinaiauto.com/brand-logos/omoda/primary-1778559581219.png,brand-tab-logo,ok,,logo,Omoda,Omoda5,40,18,lazy,,,11
/modellek/byd/dolphin-surf,https://minio.kinaiauto.com/brand-logos/voyah/primary-1778559743441.png,brand-tab-logo,ok,,logo,Voyah,Voyah6,40,18,lazy,,,12
/modellek/byd/dolphin-surf,https://minio.kinaiauto.com/brand-logos/xpeng/primary-1778559688298.png,brand-tab-logo,ok,,logo,XPENG,XPENG4,40,18,lazy,,,13
/modellek/byd/dolphin-surf,https://minio.kinaiauto.com/car-photos/byd/dolphin-surf/hero-1778760800865.webp,,ok,,content,BYD Dolphin Surf,,,,,,,14
/modellek/byd/dolphin-surf,https://minio.kinaiauto.com/car-photos/byd/dolphin-surf/hero-1778760800865.webp,,ok,,content,"BYD Dolphin Surf — külső fő nézet, fotó 1",Külső fő nézet,,,,,,15
/modellek/byd/dolphin-surf,https://minio.kinaiauto.com/car-photos/byd/dolphin-surf/exterior-1778760797889.webp,,ok,,content,"BYD Dolphin Surf — külső, fotó 2",Külső,,,,,,16
/modellek/byd/dolphin-surf,https://minio.kinaiauto.com/car-photos/byd/dolphin-surf/exterior-1778760799209.webp,,ok,,content,"BYD Dolphin Surf — külső, fotó 3",Külső,,,,,,17
/modellek/byd/dolphin-surf,https://minio.kinaiauto.com/car-photos/byd/dolphin-surf/exterior-1778760802205.webp,,ok,,content,"BYD Dolphin Surf — külső, fotó 4",Külső,,,,,,18
/modellek/byd/dolphin-surf,https://minio.kinaiauto.com/car-photos/byd/dolphin-surf/exterior-1778760803697.webp,,ok,,content,"BYD Dolphin Surf — külső, fotó 5",Külső+2 fotó,,,,,,19
/modellek/byd/dolphin-surf,https://minio.kinaiauto.com/car-photos/leapmotor/t03/hero-1778747314385.png,,ok,,content,T03,"LeapmotorT037,8 M Ft — 7,8 M Ft",,,,,,20
/modellek/byd/dolphin-surf,https://minio.kinaiauto.com/car-photos/dongfeng/box-e1/hero-1778753030994.jpg,,ok,,content,Box ,"DongfengBox 10,5 M Ft — 10,5 M Ft",,,,,,21
/modellek/byd/dolphin-surf,https://minio.kinaiauto.com/car-photos/firefly/firefly/hero-1778663957253.webp,,ok,,content,Firefly,"FireflyFirefly12,0 M Ft — 13,0 M Ft",,,,,,22
/modellek/byd/dolphin-surf,https://minio.kinaiauto.com/car-photos/mg/mg3-hybrid-plus/hero-1778752493763.jpg,,ok,,content,MG3 Hybrid+,"MGMG3 Hybrid+8,7 M Ft — 9,9 M Ft",,,,,,23
